{
    "$schema": "https://schema.management.azure.com/schemas/2015-01-01/deploymentTemplate.json#",
    "contentVersion": "1.0.0.0",
    "parameters": {
        "location": {
            "type": "string",
            "defaultValue": "East US",
            "metadata": { "description": "Location where Virtual Network and Network Security Group will be deployed." }
        },
        "virtualNetworkName": {
            "type": "string",
            "defaultValue": "DXC-Maint-vNet",
            "metadata": { "description": "Name of the Virtual Network to provision." }
        },
        "virtualNetworkAddressSpace": {
            "defaultValue": "10.100.0.0/16",
            "type": "string",
            "metadata": { "description": "Virtual Network Address Range in CIDR notation" }
        },
        "subnetName": {
            "type": "string",
            "defaultValue": "DXC-SIEM-Subnet_10.100.1.x_24",
            "metadata": { "description": "Name of the subnet to provision" }
        },        
        "subnetAddressSpace": {
            "defaultValue": "10.100.1.0/24",
            "type": "string",
            "metadata": { "description": "Subnet Address Range in CIDR notation" }
        }
    },
    "variables": {
        "networkSecurityGroup_name": "[concat(parameters('subnetName'),'-NSG')]",
        "vnetID": "[resourceId('Microsoft.Network/virtualNetworks',parameters('virtualNetworkName'))]"
    },
    "resources": [
        {
            "type": "Microsoft.Network/virtualNetworks",
            "name": "[parameters('virtualNetworkName')]",
            "apiVersion": "2018-07-01",
            "location": "[parameters('location')]",
            "properties": {
                "addressSpace": {
                    "addressPrefixes": [
                        "[parameters('virtualNetworkAddressSpace')]"
                    ]
                },
                "subnets": [
                    {
                        "name": "[parameters('subnetName')]",
                        "properties": {
                            "addressPrefix": "[parameters('subnetAddressSpace')]",
                            "networkSecurityGroup": {
                                "id": "[resourceId('Microsoft.Network/networkSecurityGroups', variables('networkSecurityGroup_name'))]"
                            }
                        }
                    }
                ]
            },
            "dependsOn": [
                "[resourceId('Microsoft.Network/networkSecurityGroups', variables('networkSecurityGroup_name'))]"
            ]
        },
        {
            "comments": "Network Security Group to restrict SIEM Collector VM",
            "type": "Microsoft.Network/networkSecurityGroups",
            "name": "[variables('networkSecurityGroup_name')]",
            "apiVersion": "2018-07-01",
            "location": "[parameters('location')]",
            "properties": {
                "securityRules": [
                    {
                        "name": "Allow_443_OutBound_to_Storage",
                        "properties": {
                            "description": "Allow outbound traffic on port 443 to Azure storage",
                            "sourceAddressPrefix": "VirtualNetwork",
                            "sourcePortRange": "*",
                            "destinationAddressPrefix": "AzureCloud",
                            "destinationPortRange": "443",
                            "protocol": "Tcp",
                            "access": "Allow",
                            "priority": 100,
                            "direction": "Outbound",
                            "sourceAddressPrefixes": [],
                            "destinationAddressPrefixes": []
                        }
                    },
                    {
                        "name": "DenyInternetOutBound",
                        "properties": {
                            "description": "Deny all internet outbound traffic",
                            "sourceAddressPrefix": "*",
                            "sourcePortRange": "*",
                            "destinationAddressPrefix": "Internet",
                            "destinationPortRange": "*",
                            "protocol": "*",
                            "access": "Deny",
                            "priority": 4000,
                            "direction": "Outbound",
                            "sourceAddressPrefixes": [],
                            "destinationAddressPrefixes": []
                        }
                    },
                    {
                        "name": "Allow_OMS_443_OutBound",
                        "properties": {
                            "description": "Allow port 443 outbound traffic to OMS",
                            "sourceAddressPrefix": "VirtualNetwork",
                            "sourcePortRange": "*",
                            "destinationAddressPrefix": "AzureMonitor",
                            "destinationPortRange": "443",
                            "protocol": "*",
                            "access": "Allow",
                            "priority": 200,
                            "direction": "Outbound",
                            "sourceAddressPrefixes": [],
                            "destinationAddressPrefixes": []
                        }
                    },
                    {
                        "name": "Allow_Falconhose_and_SensorProxy_443_OutBound",
                        "properties": {
                            "description": "Allow port 443 outbound traffic to Falcon Hose and Sensor Proxy",
                            "sourceAddressPrefix": "VirtualNetwork",
                            "sourcePortRange": "*",
                            "destinationAddressPrefix": "",
                            "destinationPortRange": "443",
                            "protocol": "*",
                            "access": "Allow",
                            "priority": 300,
                            "direction": "Outbound",
                            "sourceAddressPrefixes": [],
                            "destinationAddressPrefixes": [
                                "54.215.202.179",
                                "54.215.193.131",
                                "54.67.80.244",
                                "54.67.123.100",
                                "54.67.8.240",
                                "54.67.64.61",
                                "54.67.37.78",
                                "54.67.37.234",
                                "52.239.154.100",
                                "52.61.25.210",
                                "96.127.89.44",
                                "52.222.108.7",
                                "52.61.2.4",
                                "52.61.7.132",
                                "96.127.98.128",
                                "96.127.77.234",
                                "96.127.111.3",
                                "96.127.108.36",
                                "52.61.57.211",
                                "52.61.89.212",
                                "52.222.14.131",
                                "52.61.87.201",
                                "52.222.59.20",
                                "52.61.60.100",
                                "52.61.13.204",
                                "52.61.95.243",
                                "52.61.55.125",
                                "52.61.93.190",
                                "52.222.97.81",
                                "52.61.9.57",
                                "52.61.83.154",
                                "52.61.77.158",
                                "52.222.88.238",
                                "52.61.79.49",
                                "96.127.99.184",
                                "52.61.56.64",
                                "96.127.93.126",
                                "96.127.84.121",
                                "52.222.93.101",
                                "96.127.87.84",
                                "52.61.60.160",
                                "52.61.17.222",
                                "52.61.91.2",
                                "52.61.39.242",
                                "52.222.112.47",
                                "52.61.14.159",
                                "52.61.75.52",
                                "52.61.22.116",
                                "52.61.94.17",
                                "96.127.108.32",
                                "52.61.2.52",
                                "52.222.5.73",
                                "52.61.67.36",
                                "52.61.29.159",
                                "52.61.46.138",
                                "52.61.48.55",
                                "52.61.45.67",
                                "52.61.84.183",
                                "52.222.9.132",
                                "52.61.9.149",
                                "52.61.57.53",
                                "52.61.42.7",
                                "52.61.48.85",
                                "52.61.12.47",
                                "96.127.84.6",
                                "52.61.30.118",
                                "52.222.50.175",
                                "52.61.66.117",
                                "52.61.43.207",
                                "52.61.80.233",
                                "52.61.0.222",
                                "52.61.45.69",
                                "52.222.46.55",
                                "96.127.111.252",
                                "52.61.11.242",
                                "52.61.50.149",
                                "96.127.79.217",
                                "52.61.33.0",
                                "52.61.27.7",
                                "52.61.9.241",
                                "52.61.64.8",
                                "52.61.63.233",
                                "52.61.73.17",
                                "52.61.44.118",
                                "96.127.94.143",
                                "96.127.114.88",
                                "52.61.34.40",
                                "52.61.41.144",
                                "52.61.36.126",
                                "52.222.26.218",
                                "96.127.78.183",
                                "52.222.118.98",
                                "52.61.35.7",
                                "52.61.32.177",
                                "52.61.23.238",
                                "52.222.75.2",
                                "52.61.49.225",
                                "52.222.74.53",
                                "52.61.96.38",
                                "52.61.43.119",
                                "96.127.106.86",
                                "52.61.93.50",
                                "52.61.20.24",
                                "96.127.63.238",
                                "52.61.91.144",
                                "96.127.54.242",
                                "52.222.108.82",
                                "52.61.35.122",
                                "52.61.72.80",
                                "52.222.57.109",
                                "52.61.50.148",
                                "52.222.32.109",
                                "52.61.28.59",
                                "52.61.63.172",
                                "52.61.11.166",
                                "52.61.77.105",
                                "52.61.34.34",
                                "52.222.116.143",
                                "52.222.118.71"
                            ]
                        }  
                    },
                    {
                        "name": "Allow_Term_Servers_443_OutBound",
                        "properties": {
                        "description": "Allow port 443 outbound traffic to Falcon Term Servers",
                        "sourceAddressPrefix": "VirtualNetwork",
                        "sourcePortRange": "*",
                        "destinationAddressPrefix": "",
                        "destinationPortRange": "443",
                        "protocol": "*",
                        "access": "Allow",
                        "priority": 400,
                        "direction": "Outbound",
                        "sourceAddressPrefixes": [],
                        "destinationAddressPrefixes": [
                            "13.56.127.239",
                            "13.57.54.63",
                            "50.18.194.39",
                            "52.52.117.52",
                            "52.52.119.33",
                            "52.52.149.168",
                            "52.52.239.58",
                            "52.53.77.89",
                            "52.8.134.130",
                            "52.8.160.82",
                            "52.8.172.89",
                            "52.8.173.58",
                            "52.8.19.75",
                            "52.8.32.113",
                            "52.8.45.162",
                            "52.8.5.240",
                            "52.8.54.244",
                            "52.8.61.206",
                            "52.9.104.148",
                            "52.9.212.176",
                            "52.9.77.209",
                            "52.9.82.94",
                            "52.9.87.98",
                            "54.183.105.3",
                            "54.183.122.156",
                            "54.183.140.32",
                            "54.183.142.105",
                            "54.183.148.116",
                            "54.183.148.43",
                            "54.183.234.42",
                            "54.183.24.162",
                            "54.183.252.86",
                            "54.183.34.154",
                            "54.183.39.68",
                            "54.183.51.31",
                            "54.183.51.69",
                            "54.183.52.221",
                            "54.193.117.199",
                            "54.193.27.226",
                            "54.193.29.47",
                            "54.193.67.98",
                            "54.193.87.57",
                            "54.193.90.171",
                            "54.193.93.19",
                            "54.215.131.232",
                            "54.215.154.80",
                            "54.215.169.199",
                            "54.215.169.38",
                            "54.215.176.108",
                            "54.215.183.157",
                            "54.215.226.55",
                            "54.219.112.243",
                            "54.219.115.12",
                            "54.219.137.54",
                            "54.219.140.50",
                            "54.219.141.250",
                            "54.219.145.181",
                            "54.219.147.253",
                            "54.219.148.161",
                            "54.219.149.89",
                            "54.219.149.92",
                            "54.219.151.1",
                            "54.219.151.27",
                            "54.219.153.248",
                            "54.219.158.53",
                            "54.219.159.84",
                            "54.219.161.141",
                            "54.241.138.180",
                            "54.241.146.67",
                            "54.241.148.127",
                            "54.241.150.134",
                            "54.241.161.60",
                            "54.241.162.180",
                            "54.241.162.64",
                            "54.241.164.212",
                            "54.241.175.140",
                            "54.241.175.52",
                            "54.241.179.52",
                            "54.241.181.242",
                            "54.241.184.161",
                            "54.241.185.201",
                            "54.241.186.124",
                            "54.241.197.58",
                            "54.67.105.202",
                            "54.67.119.89",
                            "54.67.123.150",
                            "54.67.123.234",
                            "54.67.26.184",
                            "54.67.33.233",
                            "54.67.48.56",
                            "54.67.54.116",
                            "54.67.6.201",
                            "54.67.68.88",
                            "54.67.92.206",
                            "54.67.96.255",
                            "54.67.99.247"
                        ]
                        }  
                    },
                    {
                        "name": "Allow_LFO_443_OutBound",
                        "properties": {
                    "description": "Allow port 443 outbound traffic to LFO Download and LFO Upload Servers",
                    "sourceAddressPrefix": "VirtualNetwork",
                    "sourcePortRange": "*",
                    "destinationAddressPrefix": "",
                    "destinationPortRange": "443",
                    "protocol": "*",
                    "access": "Allow",
                    "priority": 500,
                    "direction": "Outbound",
                    "sourceAddressPrefixes": [],
                    "destinationAddressPrefixes": [
                        "13.56.121.58",
                        "50.18.198.237",
                        "52.8.141.1",
                        "54.183.120.141",
                        "54.183.135.80",
                        "54.183.215.154",
                        "54.193.86.245",
                        "54.215.170.42",
                        "54.219.179.25",
                        "54.241.161.242",
                        "54.241.181.78",
                        "54.241.182.78",
                        "54.241.183.151",
                        "54.241.183.229",
                        "54.241.183.232",
                        "54.67.108.17",
                        "54.67.114.188",
                        "54.67.122.238",
                        "54.67.17.131",
                        "54.67.24.156",
                        "54.67.4.108",
                        "54.67.41.192",
                        "54.67.5.136",
                        "54.67.51.32",
                        "54.67.72.218",
                        "54.67.78.134",
                        "54.183.28.214"
                    ]
                        }  
                    },
                    {
                        "name": "Allow_Streaming_API_443_OutBound",
                        "properties": {
                    "description": "Allow port 443 outbound traffic toS treaming Event API",
                    "sourceAddressPrefix": "VirtualNetwork",
                    "sourcePortRange": "*",
                    "destinationAddressPrefix": "",
                    "destinationPortRange": "443",
                    "protocol": "*",
                    "access": "Allow",
                    "priority": 600,
                    "direction": "Outbound",
                    "sourceAddressPrefixes": [],
                    "destinationAddressPrefixes": [
                        "13.56.9.61",
                        "54.241.246.108"
                    ]
                        }  
                    }                                                                                                     
                ],
                "defaultSecurityRules": []
            },
            "dependsOn": []
        }
    ]
}