{
    "$schema": "https://schema.management.azure.com/schemas/2015-01-01/deploymentTemplate.json#",
    "contentVersion": "1.0.0.0",
    "parameters": {
        "rootUsername": {
            "type": "string",
            "metadata": {
                "description": "Administrator username for the Virtual Machine."
            }
        },
        "rootPassword": {
            "type": "securestring",
            "metadata": {
                "description": "Password for the Virtual Machine.Should contain any 3 of: 1 Lower Case, 1 Upper Case, 1 Number and 1 Special character."
            }
        },
        "vmName": {
            "maxLength": 15,
            "type": "string",
            "metadata": {
                "description": "The VM name in lower case, maximum 15-character size containing Data Center site code, Environment(bv), Resource Type(poc), Deployment(wvm) and Sequence(001), i.e. bvpoctstwvm001"
            }
        },
        "vmLocation": {
            "type": "string",
            "metadata": {
                "description": "Location or datacenter where the VM will be placed."
            }
        },
        "existingBootDiagStorageResourceGroup": {
            "type": "string",
            "metadata": {
                "description": "Storage account resource group name where boot diagnistics will be stored"
            }
        },
        "existingBootDiagStorageName": {
            "type": "string",
            "metadata": {
                "description": "Storage account name where boot diagnostics will be stored. It should be at the same location as the VM."
            }
        },
        "existingvNetResourceGroup": {
            "type": "string",
            "metadata": {
                "description": "Resource Group of the Existing Virtual Network."
            }
        },
        "existingvNetName": {
            "type": "string",
            "metadata": {
                "description": "Existing Virtual Network to connect to Network Interface to.It should be at the same location as the VM."
            }
        },
        "subnetName": {
            "type": "string",
            "metadata": {
                "description": "The Subnet for the VM."
            }
        },
        "workspaceId": {
            "type": "string",
            "metadata": {
                "description": "The OMS workspace Id where the OMS Agent sends log and metric data"
            }
        },
        "workspaceKey": {
            "type": "string",
            "metadata": {
                "description": "The OMS workspace key where the OMS Agent sends log and metric data"
            }
        },
        "csCID": {
            "type": "string",
            "metadata": {
                "description": "Crowdstrike Customer ID (CID) with checksum for Falcon CrowdStrike"
            }
        },
        "csAPIclientID": {
            "type": "string",
            "metadata": {
                "description": "API Client ID for Falcon CrowdStrike SIEM Connector"
            }
        },
        "csAPIclientSecret": {
            "type": "string",
            "metadata": {
                "description": "API Client Secret for Falcon CrowdStrike SIEM Connector"
            }
        },
        "csAPPid": {
            "maxLength": 18,
            "type": "string",
            "metadata": {
                "description": "Unique identifier for this SIEM connector < 18 characters"
            }
        },
        "dxcConfigurationCheck": {
            "type": "string",
            "defaultValue": "[utcNow()]",
            "metadata": {
                 "description": "tag to indicate when the configuration was validated"
            }
        },
        "csForwardToHost": {
            "type": "string",
            "defaultValue": "null",
            "metadata": {
                "description": "Optional. IP address or fqdn of the system to receive forwarded log entries.  If not provided log entries are not forwarded"
            }
        },
        "csForwardToPort": {
            "type": "string",
            "defaultValue": "null",
            "metadata": {
                "description": "Optional. Port of the system to receive forwarded log entries. 514 is the default"
            }
        },
	      "csForwardToProtocol": {
            "type": "string",
            "defaultValue": "null",
            "metadata": {
                "description": "Optional. Which protocol to use UDP or TCP.  UDP is the default"
            }
        }                 
    },
    "variables": {
        "storageAccountType": "Standard_LRS",
        "OSDiskName": "[concat(parameters('vmName'), '-osDisk')]",
        "DataDiskName": "[concat(parameters('vmName'), '-dataDisk0')]",

        "nicName": "[concat(parameters('vmName'),'_vNic')]",
        "vnetID": "[resourceId(parameters('existingvNetResourceGroup'), 'Microsoft.Network/virtualNetworks', parameters('existingvNetName'))]",
        "subnetRef": "[concat(variables('vnetID'),'/subnets/', parameters('subnetName'))]",

        "osType": "rhel7",
        "csAPIRPM": "[concat('cs.falconhoseclient-1.3.1+001-1.el7.centos', '.x86_64.rpm')]"
    },
    "resources": [
        {
            "type": "Microsoft.Network/networkInterfaces",
            "name": "[variables('nicName')]",
            "apiVersion": "2017-06-01",
            "location": "[parameters('vmLocation')]",
            "properties": {
                "ipConfigurations": [
                    {
                        "name": "Prod",
                        "properties": {
                            "privateIPAllocationMethod": "Dynamic",
                            "subnet": {
                                "id": "[variables('subnetRef')]"
                            }
                        }
                    }
                ]
            }
        },
        {
            "type": "Microsoft.Compute/virtualMachines",
            "name": "[parameters('vmName')]",
            "apiVersion": "2017-03-30",
            "location": "[parameters('vmLocation')]",
            "tags": {
                "dxcManaged": "True",
                "dxcMonitored": "True",
                "dxcConfigurationCheck": "[parameters('dxcConfigurationCheck')]"
            },
            "properties": {
                "hardwareProfile": {
                    "vmSize": "Standard_A2_v2"
                },
                "osProfile": {
                    "computerName": "[parameters('vmName')]",
                    "adminUsername": "[parameters('rootUsername')]",
                    "adminPassword": "[parameters('rootPassword')]"
                },
                "storageProfile": {
                    "imageReference": {
                        "publisher": "Redhat",
                        "offer": "RHEL",
                        "sku": "7.7",
                        "version": "latest"
                    },
                    "osDisk": {
                        "name": "[variables('osDiskName')]",
                        "createOption": "FromImage",
                        "caching": "ReadWrite",
                        "managedDisk": {
                            "storageAccountType": "[variables('storageAccountType')]"
                        }
                    },
                    "dataDisks": [
                        {
                            "lun": 1,
                            "name": "[variables('DataDiskName')]",
                            "createOption": "Empty",
                            "caching": "None",
                            "diskSizeGB": 10,
                            "managedDisk": {
                                "storageAccountType": "[variables('storageAccountType')]"
                            }
                        }
                    ]
                },
                "networkProfile": {
                    "networkInterfaces": [
                        {
                            "id": "[resourceId('Microsoft.Network/networkInterfaces',variables('nicName'))]"
                        }
                    ]
                },
                "diagnosticsProfile": {
                    "bootDiagnostics": {
                        "enabled": true,
                        "storageUri": "[reference(resourceId(parameters('existingBootDiagStorageResourceGroup'), 'Microsoft.Storage/storageAccounts', parameters('existingBootDiagStorageName')), '2015-06-15').primaryEndpoints['blob']]"
                    }
                }
            },
            "dependsOn": [
                "[resourceId('Microsoft.Network/networkInterfaces/', variables('nicName'))]"
            ]
        },
        {
            "type": "Microsoft.Compute/virtualMachines/extensions",
            "name": "[concat(parameters('vmName'), '/OMSAgent')]",
            "apiVersion": "2018-06-01",
            "location": "[parameters('vmLocation')]",
            "properties": {
                "publisher": "Microsoft.EnterpriseCloud.Monitoring",
                "type": "OmsAgentForLinux",
                "typeHandlerVersion": "1.13",
                "autoUpgradeMinorVersion": true,
                "settings": {
                    "workspaceId": "[parameters('workspaceId')]"
                },
                "protectedSettings": {
                    "workspaceKey": "[parameters('workspaceKey')]"
                }
            },
            "dependsOn": [
                "[concat('Microsoft.Compute/virtualMachines/', parameters('vmName'))]"
            ]
        },
        {
            "type": "Microsoft.Compute/virtualMachines/extensions",
            "name": "[concat(parameters('vmName'), '/CrowdStrikeSensor')]",
            "apiVersion": "2018-06-01",
            "location": "[parameters('vmLocation')]",
            "tags": {
                "displayName": "CrowdStrikeSensor"
            },
            "properties": {
                "publisher": "Microsoft.Azure.Extensions",
                "type": "CustomScript",
                "typeHandlerVersion": "2.0",
                "autoUpgradeMinorVersion": true,
                "settings": {
                    "fileUris": [
                        "https://dxcazuretoolsdev.blob.core.windows.net/installers/csInstaller.sh",
                        "https://dxcazuretoolsdev.blob.core.windows.net/installers/siemInstaller.sh"
                        ]
                },
                "protectedSettings": {"commandToExecute": "[concat('bash ./csInstaller.sh ', variables('osType'), ' ', parameters('csCID'), ' && sudo ./siemInstaller.sh ', parameters('csAPPid'),' ',parameters('csAPIclientID'),' ',parameters('csAPIclientSecret'),' -h ',parameters('csForwardToHost'),' -p ',parameters('csForwardToPort'),' -t ',parameters('csForwardToProtocol'))]"}              
            },
            "dependsOn": [
                "[concat('Microsoft.Compute/virtualMachines/', parameters('vmName'))]",
                "[concat('Microsoft.Compute/virtualMachines/', parameters('vmName'), '/extensions/OMSAgent')]"
            ]
        }
    ],
    "outputs": {}
}
