{
  "properties": {
    "targetScope": "subscription",
    "parameters": {
      "spoke_virtualNetworkName": {
        "type": "string",
        "metadata": {
          "displayName": "virtualNetworkName (Spoke)",
          "description": "Name of Virtual Network"
        },
        "allowedValues": []
      },
      "spoke_addressPrefix": {
        "type": "string",
        "metadata": {
          "displayName": "addressPrefix (Spoke)",
          "description": "Address space of Virtual Network in CIDR format x.x.x.x/x"
        },
        "allowedValues": []
      },
      "spoke_workspaceId1": {
        "type": "string",
        "metadata": {
          "displayName": "workspaceId1 (Spoke)",
          "description": "Resource ID of workspace to store VNet logs"
        },
        "allowedValues": []
      },
      "spoke_T1SubnetName": {
        "type": "string",
        "metadata": {
          "displayName": "T1SubnetName (Spoke)",
          "description": "Name of Subnet"
        },
        "allowedValues": []
      },
      "spoke_T1SubnetPrefix": {
        "type": "string",
        "metadata": {
          "displayName": "T1SubnetPrefix (Spoke)",
          "description": "Address range of Subnet"
        },
        "allowedValues": []
      },
      "spoke_T2SubnetName": {
        "type": "string",
        "metadata": {
          "displayName": "T2SubnetName (Spoke)",
          "description": "Name of Subnet"
        },
        "allowedValues": []
      },
      "spoke_T2SubnetPrefix": {
        "type": "string",
        "metadata": {
          "displayName": "T2SubnetPrefix (Spoke)",
          "description": "Address range of Subnet"
        },
        "allowedValues": []
      },
      "spoke_T1NSGName": {
        "type": "string",
        "metadata": {
          "displayName": "T1NSGName (Spoke)",
          "description": "Name of NSG"
        },
        "allowedValues": []
      },
      "spoke_workspaceId2": {
        "type": "string",
        "metadata": {
          "displayName": "workspaceId2 (Spoke)",
          "description": "Resource ID of workspace to store NSG log"
        },
        "allowedValues": []
      },
      "spoke_RouteTableName": {
        "type": "string",
        "metadata": {
          "displayName": "RouteTableName (Spoke)",
          "description": "Name of UDR-RT"
        },
        "allowedValues": []
      },
      "spoke_firewallIp": {
        "type": "string",
        "metadata": {
          "displayName": "firewallIp (Spoke)",
          "description": "IP address of Firewall."
        },
        "allowedValues": []
      },
      "spoke_location": {
        "type": "string",
        "metadata": {
          "displayName": "location (Spoke)",
          "description": "Location for all resources."
        },
        "allowedValues": []
      },
      "spoke_networkSecurityGroupsSettings": {
        "type": "object",
        "metadata": {
          "displayName": "networkSecurityGroupsSettings (Spoke)"
        },
        "allowedValues": []
      },
      "vNetPeering_LocalVirtualNetworkName": {
        "type": "string",
        "metadata": {
          "displayName": "LocalVirtualNetworkName (VNet Peering)",
          "description": "Set the local VNet name"
        },
        "allowedValues": []
      },
      "vNetPeering_RemoteVNetName": {
        "type": "string",
        "metadata": {
          "displayName": "RemoteVNetName (VNet Peering)",
          "description": "Set the remote VNet name"
        },
        "allowedValues": []
      },
      "vNetPeering_RemoteVNetSubscriptionId": {
        "type": "string",
        "metadata": {
          "displayName": "RemoteVNetSubscriptionId (VNet Peering)",
          "description": "Name of hub VNet."
        },
        "allowedValues": []
      },
      "vNetPeering_RemoteVNetRGName": {
        "type": "string",
        "metadata": {
          "displayName": "RemoteVNetRGName (VNet Peering)",
          "description": "Name of hub VNet."
        },
        "allowedValues": []
      }
    },
    "resourceGroups": {
      "ResourceGroup": {
        "metadata": {
          "displayName": "ResourceGroup"
        },
        "dependsOn": []
      }
    }
  }
}