{
  "kind": "template",
  "properties": {
    "displayName": "Bastion",
    "description": "",
    "dependsOn": [
      "Amgmt"
    ],
    "template": {
      "$schema": "https://schema.management.azure.com/schemas/2019-04-01/deploymentTemplate.json#",
      "contentVersion": "1.0.0.0",
      "parameters": {
        "vnet-name": {
          "type": "String",
          "metadata": {
            "description": "Name of new or existing vnet to which Azure Bastion should be deployed"
          }
        },
        "vnet-ip-prefix": {
          "type": "String",
          "metadata": {
            "description": "IP prefix for available addresses in vnet address space"
          }
        },
        "workspaceId1": {
          "type": "String",
          "metadata": {
            "description": "Resource ID of workspace to store BastionAudit logs"
          }
        },
        "bastion-subnet-ip-prefix": {
          "type": "String",
          "metadata": {
            "description": "Bastion subnet IP prefix MUST be within vnet IP prefix address space"
          }
        },
        "bastion-host-name": {
          "type": "String",
          "metadata": {
            "description": "Name of Azure Bastion resource"
          }
        },
        "location": {
          "defaultValue": "[resourceGroup().location]",
          "type": "String",
          "metadata": {
            "description": "Azure region for Bastion and virtual network"
          }
        }
      },
      "variables": {
        "public-ip-address-name": "[concat(parameters('bastion-host-name'),'-pip')]",
        "bastion-subnet-name": "AzureBastionSubnet",
        "vnetexisting": "existing",
        "BastionlogsettingName": "bastionlog"
      },
      "resources": [
        {
          "type": "Microsoft.Network/publicIpAddresses",
          "apiVersion": "2020-05-01",
          "name": "[variables('public-ip-address-name')]",
          "location": "[parameters('location')]",
          "sku": {
            "name": "Standard"
          },
          "properties": {
            "publicIPAllocationMethod": "Static"
          }
        },
        {
          "type": "Microsoft.Network/virtualNetworks",
          "apiVersion": "2020-05-01",
          "name": "[parameters('vnet-name')]",
          "location": "[parameters('location')]",
          "properties": {
            "addressSpace": {
              "addressPrefixes": [
                "[parameters('vnet-ip-prefix')]"
              ]
            },
            "subnets": [
              {
                "name": "[variables('bastion-subnet-name')]",
                "properties": {
                  "addressPrefix": "[parameters('bastion-subnet-ip-prefix')]"
                }
              }
            ]
          },
          "condition": "[equals(variables('vnetexisting'), 'new')]"
        },
        {
          "type": "Microsoft.Network/virtualNetworks/subnets",
          "apiVersion": "2020-05-01",
          "name": "[concat(parameters('vnet-name'), '/', variables('bastion-subnet-name'))]",
          "location": "[parameters('location')]",
          "properties": {
            "addressPrefix": "[parameters('bastion-subnet-ip-prefix')]"
          },
          "condition": "[equals(variables('vnetexisting'), 'existing')]"
        },
        {
          "type": "Microsoft.Network/bastionHosts",
          "apiVersion": "2020-05-01",
          "name": "[parameters('bastion-host-name')]",
          "location": "[parameters('location')]",
          "dependsOn": [
            "[resourceId('Microsoft.Network/publicIpAddresses', variables('public-ip-address-name'))]",
            "[resourceId('Microsoft.Network/virtualNetworks', parameters('vnet-name'))]",
            "[resourceId('Microsoft.Network/virtualNetworks/subnets', parameters('vnet-name'), variables('bastion-subnet-name'))]"
          ],
          "properties": {
            "ipConfigurations": [
              {
                "name": "IpConf",
                "properties": {
                  "subnet": {
                    "id": "[resourceId('Microsoft.Network/virtualNetworks/subnets', parameters('vnet-name'), variables('bastion-subnet-name'))]"
                  },
                  "publicIPAddress": {
                    "id": "[resourceId('Microsoft.Network/publicIpAddresses', variables('public-ip-address-name'))]"
                  }
                }
              }
            ]
          }
        },
        {
          "type": "Microsoft.Network/bastionHosts/providers/diagnosticSettings",
          "apiVersion": "2017-05-01-preview",
          "name": "[concat(parameters('bastion-host-name'), '/Microsoft.Insights/', variables('BastionlogsettingName'))]",
          "dependsOn": [
            "[concat('Microsoft.Network/bastionHosts/', parameters('bastion-host-name'))]"
          ],
          "properties": {
            "workspaceId": "[parameters('workspaceId1')]",
            "logs": [
              {
                "category": "BastionAuditLogs",
                "enabled": true
              }
            ]
          }
        }
      ]
    },
    "resourceGroup": "ResourceGroup",
    "parameters": {
      "vnet-name": {
        "value": "[parameters('bastion_vnet-name')]"
      },
      "vnet-ip-prefix": {
        "value": "[parameters('bastion_vnet-ip-prefix')]"
      },
      "bastion-subnet-ip-prefix": {
        "value": "[parameters('bastion_bastion-subnet-ip-prefix')]"
      },
      "bastion-host-name": {
        "value": "[parameters('bastion_bastion-host-name')]"
      },
      "workspaceId1": {
        "value": "[parameters('bastion_workspaceId1')]"
      }
    }
  }
}