<Backups xmlns="http://www.microsoft.com/GroupPolicy/GPOOperations/Manifest" xmlns:mfst="http://www.microsoft.com/GroupPolicy/GPOOperations/Manifest" mfst:version="1.0"><BackupInst xmlns="http://www.microsoft.com/GroupPolicy/GPOOperations/Manifest"><GPOGuid><![CDATA[{974F4231-79C9-4A8C-AB7F-27699B808C8E}]]></GPOGuid><GPODomain><![CDATA[hulk.net]]></GPODomain><GPODomainGuid><![CDATA[{ff73aff0-f5b8-4c74-b179-6b7faf4536b9}]]></GPODomainGuid><GPODomainController><![CDATA[DC1.hulk.net]]></GPODomainController><BackupTime><![CDATA[2016-07-01T14:05:13]]></BackupTime><ID><![CDATA[{72470B5E-0A12-42A4-BE49-301272992581}]]></ID><Comment><![CDATA[]]></Comment><GPODisplayName><![CDATA[OU-B-CSCBaselineDomainControllerPolicy]]></GPODisplayName></BackupInst><BackupInst><GPOGuid><![CDATA[{83E12BB2-1E1A-40C7-A879-C4F7C2BE207C}]]></GPOGuid><GPODomain><![CDATA[dssoe.net]]></GPODomain><GPODomainGuid><![CDATA[{df5c8648-7f1e-468f-bde0-2a43dc16c435}]]></GPODomainGuid><GPODomainController><![CDATA[AR-Server2.dssoe.net]]></GPODomainController><BackupTime><![CDATA[2016-01-29T09:32:29]]></BackupTime><ID><![CDATA[{260275EC-F603-40A3-86E1-43F1FE6F9DFF}]]></ID><Comment><![CDATA[DO]]></Comment><GPODisplayName><![CDATA[DP]]></GPODisplayName></BackupInst></Backups>