{
  "kind": "template",
  "properties": {
    "displayName": "vNet-Hub",
    "description": "",
    "dependsOn": [],
    "template": {
      "$schema": "https://schema.management.azure.com/schemas/2015-01-01/deploymentTemplate.json#",
      "contentVersion": "1.0.0.0",
      "parameters": {
        "virtualNetworkName": {
          "type": "string",
          "metadata": {
            "description": "Name of Virtual Network"
          }
        },
        "addressPrefix": {
          "type": "string",
          "metadata": {
            "description": "Address space of Virtual Network in CIDR format x.x.x.x/x"
          }
        },
        "RouteTableName": {
          "type": "string",
          "metadata": {
            "description": "Name of UDR-RT"
          }
        },
        "vmaIpAddress": {
          "type": "string",
          "metadata": {
            "description": "IP address for virtual appliance."
          }
        },
        "AzureFirewallSubnet": {
          "type": "string",
          "metadata": {
            "description": "Name for AzureFirewallSubnet in new VNet"
          },
          "allowedValues": [
            "AzureFirewallSubnet"
          ]
        },
        "AzureFirewallSubnetPrefix": {
          "type": "string",
          "metadata": {
            "description": "CIDR block for AzureFirewallSubnet subnet"
          }
        },
        "gatewaySubnet": {
          "type": "string",
          "metadata": {
            "description": "Name for gateway subnet in new VNet"
          },
          "allowedValues": [
            "GatewaySubnet"
          ]
        },
        "gatewaySubnetPrefix": {
          "type": "string",
          "metadata": {
            "description": "CIDR block for gateway subnet"
          }
        },
        "location": {
          "type": "string",
          "metadata": {
            "description": "Location for all resources."
          }
        }
      },
      "resources": [
        {
          "apiVersion": "2015-06-15",
          "type": "Microsoft.Network/routeTables",
          "name": "[parameters('RouteTableName')]",
          "location": "[resourceGroup().location]",
          "tags": {
            "Resource": "RouteTable-UDR"
          },
          "properties": {
            "routes": [
              {
                "name": "Default",
                "properties": {
                  "addressPrefix": "0.0.0.0/0",
                  "nextHopType": "VirtualAppliance",
                  "nextHopIpAddress": "[parameters('vmaIpAddress')]"
                }
              }
            ]
          }
        },
        {
          "name": "[parameters('virtualNetworkName')]",
          "type": "Microsoft.Network/virtualNetworks",
          "apiVersion": "2017-10-01",
          "location": "[parameters('location')]",
          "dependsOn": [
            "[concat('Microsoft.Network/routeTables/', parameters('RouteTableName'))]"
          ],
          "properties": {
            "addressSpace": {
              "addressPrefixes": [
                "[parameters('addressPrefix')]"
              ]
            },
            "subnets": [
              {
                "name": "[parameters('AzureFirewallSubnet')]",
                "properties": {
                  "addressPrefix": "[parameters('AzureFirewallSubnetPrefix')]"
                }
              },
              {
                "name": "[parameters('gatewaySubnet')]",
                "properties": {
                  "addressPrefix": "[parameters('gatewaySubnetPrefix')]"
                }
              }
            ]
          }
        }
      ]
    },
    "resourceGroup": "ResourceGroup",
    "parameters": {
      "virtualNetworkName": {
        "value": "[parameters('vNet-Hub_virtualNetworkName')]"
      },
      "addressPrefix": {
        "value": "[parameters('vNet-Hub_addressPrefix')]"
      },
      "RouteTableName": {
        "value": "[parameters('vNet-Hub_RouteTableName')]"
      },
      "vmaIpAddress": {
        "value": "[parameters('vNet-Hub_vmaIpAddress')]"
      },
      "AzureFirewallSubnet": {
        "value": "AzureFirewallSubnet"
      },
      "AzureFirewallSubnetPrefix": {
        "value": "[parameters('vNet-Hub_AzureFirewallSubnetPrefix')]"
      },
      "gatewaySubnet": {
        "value": "GatewaySubnet"
      },
      "gatewaySubnetPrefix": {
        "value": "[parameters('vNet-Hub_gatewaySubnetPrefix')]"
      },
      "location": {
        "value": "[parameters('vNet-Hub_location')]"
      }
    }
  }
}
