{
  "kind": "template",
  "properties": {
    "displayName": "azfw",
    "description": "",
    "dependsOn": [],
    "template": {
      "$schema": "http://schema.management.azure.com/schemas/2015-01-01/deploymentTemplate.json#",
      "contentVersion": "1.0.0.0",
      "parameters": {
        "location": {
          "type": "string"
        },
        "resourceGroup": {
          "type": "string"
        },
        "azureFirewallName": {
          "type": "string"
        },
        "subnetId": {
          "type": "string"
        },
        "publicIpAddressName": {
          "type": "string"
        }
      },
      "variables": {
        "networkApiVersion": "?api-version=2019-04-01"
      },
      "resources": [
        {
          "apiVersion": "2019-02-01",
          "type": "Microsoft.Network/publicIpAddresses",
          "name": "[parameters('publicIpAddressName')]",
          "location": "[parameters('location')]",
          "sku": {
            "name": "Standard"
          },
          "properties": {
            "publicIPAllocationMethod": "Static"
          },
          "tags": {}
        },
        {
          "apiVersion": "2019-04-01",
          "type": "Microsoft.Network/azureFirewalls",
          "name": "[parameters('azureFirewallName')]",
          "location": "[parameters('location')]",
          "dependsOn": [
            "[resourceId(parameters('resourceGroup'), 'Microsoft.Network/publicIpAddresses', parameters('publicIpAddressName'))]"
          ],
          "properties": {
            "networkRuleCollections": [
              {
                "name": "netRc1",
                "properties": {
                  "priority": 200,
                  "action": {
                    "type": "Allow"
                  },
                  "rules": [
                    {
                      "name": "netRule1",
                      "protocols": [
                        "TCP"
                      ],
                      "sourceAddresses": [
                        "10.56.64.0/21"
                      ],
                      "destinationAddresses": [
                        "*"
                      ],
                      "destinationPorts": [
                        "8000-8999"
                      ]
                    }
                  ]
                }
              },
              {
                "name": "netRc2",
                "properties": {
                  "priority": 201,
                  "action": {
                    "type": "Allow"
                  },
                  "rules": [
                    {
                      "name": "netRule2",
                      "protocols": [
                        "TCP"
                      ],
                      "sourceAddresses": [
                        "10.56.64.0/21"
                      ],
                      "destinationAddresses": [
                        "*"
                      ],
                      "destinationPorts": [
                        "8000-8999"
                      ]
                    }
                  ]
                }
              }
            ],
            "ipConfigurations": [
              {
                "name": "IpConf",
                "properties": {
                  "subnet": {
                    "id": "[parameters('subnetId')]"
                  },
                  "publicIPAddress": {
                    "id": "[resourceId(parameters('resourceGroup'), 'Microsoft.Network/publicIpAddresses', parameters('publicIpAddressName'))]"
                  }
                }
              }
            ]
          }
        }
      ]
    },
    "resourceGroup": "ResourceGroup4",
    "parameters": {
      "location": {
        "value": "[parameters('azfw_location')]"
      },
      "resourceGroup": {
        "value": "[parameters('azfw_resourceGroup')]"
      },
      "azureFirewallName": {
        "value": "[parameters('azfw_azureFirewallName')]"
      },
      "subnetId": {
        "value": "[parameters('azfw_subnetId')]"
      },
      "publicIpAddressName": {
        "value": "[parameters('azfw_publicIpAddressName')]"
      }
    }
  }
}
