{
  "kind": "template",
  "properties": {
    "displayName": "az-hub-rg-tag",
    "description": "",
    "dependsOn": [],
    "template": {
      "$schema": "https://schema.management.azure.com/schemas/2015-01-01/deploymentTemplate.json#",
      "contentVersion": "1.0.0.1",
      "parameters": {
        "rgName": {
          "type": "string"
        },
        "rgLocation": {
          "type": "string"
        },
        "tags": {
          "type": "object",
          "defaultValue": {}
        }
      },
      "variables": {},
      "resources": [
        {
          "type": "Microsoft.Resources/resourceGroups",
          "apiVersion": "2018-05-01",
          "location": "[parameters('rgLocation')]",
          "name": "[parameters('rgName')]",
          "properties": {},
          "tags": "[parameters('tags')]"
        }
      ],
      "outputs": {}
    },
    "parameters": {
      "rgName": {
        "value": "[parameters('az-hub-rg-tag_rgName')]"
      },
      "rgLocation": {
        "value": "[parameters('az-hub-rg-tag_rgLocation')]"
      },
      "tags": {
        "value": {
          "": ""
        }
      }
    }
  }
}
