{
  "kind": "template",
  "properties": {
    "displayName": "azfw-diag",
    "description": "",
    "dependsOn": [],
    "template": {
      "$schema": "https://schema.management.azure.com/schemas/2015-01-01/deploymentTemplate.json#",
      "contentVersion": "1.0.0.0",
      "parameters": {
        "resourceName": {
          "type": "String",
          "metadata": {
            "description": "Name of the resource"
          }
        },
        "settingName": {
          "type": "String",
          "metadata": {
            "description": "Diagnostic setting Name"
          }
        },
        "workspaceId": {
          "type": "string",
          "metadata": {
            "description": "Diagnostic setting Name"
          }
        }
      },
      "resources": [
        {
          "type": "Microsoft.Network/azureFirewalls/providers/diagnosticSettings",
          "location": "[resourceGroup().location]",
          "name": "[concat(parameters('resourceName'),'/microsoft.insights/', parameters('settingName'))]",
          "apiVersion": "2017-05-01-preview",
          "properties": {
            "name": "DiagService",
            "storageAccountId": null,
            "eventHubAuthorizationRuleId": null,
            "eventHubName": null,
            "workspaceId": "[parameters('workspaceId')]",
            "logs": [
              {
                "category": "AzureFirewallApplicationRule",
                "enabled": true,
                "retentionPolicy": {
                  "days": 10,
                  "enabled": false
                }
              },
              {
                "category": "AzureFirewallNetworkRule",
                "enabled": true,
                "retentionPolicy": {
                  "days": 10,
                  "enabled": false
                }
              },
              {
                "category": "AzureFirewallDnsProxy",
                "enabled": true,
                "retentionPolicy": {
                  "days": 10,
                  "enabled": false
                }
              }
            ],
            "metrics": [
              {
                "category": "AllMetrics",
                "enabled": true,
                "retentionPolicy": {
                  "enabled": false,
                  "days": 0
                }
              }
            ]
          }
        }
      ]
    },
    "resourceGroup": "ResourceGroup4",
    "parameters": {
      "resourceName": {
        "value": "[parameters('azfw-diag_resourceName')]"
      },
      "settingName": {
        "value": "[parameters('azfw-diag_settingName')]"
      },
      "workspaceId": {
        "value": "[parameters('azfw-diag_workspaceId')]"
      }
    }
  }
}
