{  
   "$schema":"http://schema.management.azure.com/schemas/2015-01-01/deploymentTemplate.json",
   "contentVersion":"1.0.0.0",
   "parameters":{  
      "customerCompanyCode":{  
         "type":"String",
         "metadata":{  
            "description":"Specify the company code assigned to the Customer eg:ACME "
         }
      },
      "customerSubscriptionID":{  
         "type":"String",
         "defaultValue":"",
         "metadata":{  
            "description":"Specify the Customer Azure Subscription ID eg:xxxxxxxx-xxxx-xxxx-xxxx-xxxxxxxxxxxx Length 36 characters"
         }
      },
      "omsWorkspaceRegion":{  
         "type":"string",
         "metadata":{  
            "description": "Allowed values are EastUS, WestUS2, SouthCentralUS, WestCentralUS, USGovArizona, USGovVirginia, CanadaCentral, WestEurope, UKSouth, SoutheastAsia, JapanEast, CentralIndia, AustraliaSoutheast"
         }
      },
      "dxcConfigurationCheck": {
         "type": "string",
         "defaultValue": "[utcNow()]",
         "metadata": { "description": "tag to indicate when the configuration was validated"}
       },     
      "serviceTier": {
         "type": "string",
         "defaultValue": "PerNode",
         "allowedValues": [
            "Standalone",
            "PerNode",
            "PerGB2018"
         ],
         "metadata": {
            "description": "Service Tier: Standalone, PerNode or PerGB2018"
         }
      },
      "dataRetention":{  
         "type":"int",
         "defaultValue":30,
         "minValue":30,
         "maxValue":730,
         "metadata":{  
            "description":"Number of days of retention can be between 30-730 days. The following url provides region specific costs: https://azure.microsoft.com/en-us/pricing/details/monitor/"
         }
      }
   },
   "variables":{  
      "omsWorkspaceName":"[concat('DXC-',parameters('customerCompanyCode'),'-',substring(parameters('customerSubscriptionID'), 0,4),'-','loganalyticsWorkspace')]",
      "automationAccountName":"[concat('DXC-',parameters('customerCompanyCode'),'-',substring(parameters('customerSubscriptionID'), 0,4),'-','automationAccount')]",
      "computergroupArray":[  
         {  
            "name":"Ubuntu 16",
            "displayName":"linuxUbuntu",
            "category":"Linux",
            "functionAlias":"ubuntulinux16",
            "query":"Heartbeat | where OSType==\"Linux\" and OSName==\"Ubuntu\" and OSMajorVersion==16 | distinct Computer"
         },
         {  
            "name":"Ubuntu 15",
            "displayName":"linuxUbuntu",
            "category":"Linux",
            "functionAlias":"ubuntulinux15",
            "query":"Heartbeat | where OSType==\"Linux\" and OSName==\"Ubuntu\" and OSMajorVersion==15 | distinct Computer"
         },
         {  
            "name":"Ubuntu 14",
            "displayName":"linuxUbuntu",
            "category":"Linux",
            "functionAlias":"ubuntulinux14",
            "query":"Heartbeat | where OSType==\"Linux\" and OSName==\"Ubuntu\" and OSMajorVersion==14 | distinct Computer"
         },
         {  
            "name":"Redhat 7",
            "displayName":"linuxRedhat",
            "category":"Linux",
            "functionAlias":"Redhatlinux7",
            "query":"Heartbeat | where OSType==\"Linux\" and OSName==\"Red Hat Enterprise Linux\" and OSMajorVersion==7 | distinct Computer"
         },
         {  
            "name":"Redhat 6",
            "displayName":"linuxRedhat",
            "category":"Linux",
            "functionAlias":"Redhatlinux6",
            "query":"Heartbeat | where OSType==\"Linux\" and OSName==\"Red Hat Enterprise Linux\" and OSMajorVersion==6 | distinct Computer"
         },
         {  
            "name":"Suse 12",
            "displayName":"linuxsuse",
            "category":"Linux",
            "functionAlias":"suselinux12",
            "query":"Heartbeat | where OSType==\"Linux\" and OSName==\"SUSE Linux Enterprise Server\" and OSMajorVersion==12 | distinct Computer"
         },
         {  
            "name":"Suse 11",
            "displayName":"linuxsuse",
            "category":"Linux",
            "functionAlias":"suselinux11",
            "query":"Heartbeat | where OSType==\"Linux\" and OSName==\"SUSE Linux Enterprise Server\" and OSMajorVersion==11 | distinct Computer"
         },
         {  
            "name":"Oraclelinux 7",
            "displayName":"linuxoracle",
            "category":"Linux",
            "functionAlias":"oraclelinux7",
            "query":"Heartbeat | where OSType==\"Linux\" and OSName==\"Oracle Linux Server\" and OSMajorVersion==7 | distinct Computer"
         },
         {  
            "name":"Oraclelinux 6",
            "displayName":"linuxoracle",
            "category":"Linux",
            "functionAlias":"oraclelinux6",
            "query":"Heartbeat | where OSType==\"Linux\" and OSName==\"Oracle Linux Server\" and OSMajorVersion==6 | distinct Computer"
         },
         {  
            "name":"CentOS 7",
            "displayName":"linuxcentos",
            "category":"Linux",
            "functionAlias":"centoslinux7",
            "query":"Heartbeat | where OSType==\"Linux\" and OSName==\"CentOS\" and OSMajorVersion==7 | distinct Computer"
         },
         {  
            "name":"CentOS 6",
            "displayName":"linuxcentos",
            "category":"Linux",
            "functionAlias":"centoslinux6",
            "query":"Heartbeat | where OSType==\"Linux\" and OSName==\"CentOS\" and OSMajorVersion==6 | distinct Computer"
         },
         {  
            "name":"windows2012",
            "displayName":"Windows",
            "category":"Windows",
            "functionAlias":"Windows2012",
            "query":"Heartbeat | where OSType==\"Windows\" and OSMajorVersion==6 | distinct Computer"
         },
         {  
            "name":"windows2016",
            "displayName":"Windows",
            "category":"Windows",
            "functionAlias":"Windows2016",
            "query":"Heartbeat | where OSType==\"Windows\" and OSMajorVersion==10 | distinct Computer"
         }
      ]
   },
   "resources":[  
      {  
         "name":"[variables('automationAccountName')]",
         "type":"Microsoft.Automation/automationAccounts",
         "apiVersion":"2015-01-01-preview",
         "location":"[if(equals(parameters('omsWorkspaceRegion'),'EastUS'), 'EastUS2', parameters('omsWorkspaceRegion'))]",
         "dependsOn":[  

         ],
         "tags":{  

         },
         "properties":{  
            "sku":{  
               "name":"Free"
            }
         },
         "resources":[  
            {  
               "type":"providers/diagnosticSettings",
               "name":"Microsoft.Insights/DXCDiagnostics",
               "dependsOn":[  
                  "[concat('Microsoft.Automation/automationAccounts/', variables('automationAccountName'))]",
                  "[concat('Microsoft.OperationalInsights/workspaces/', variables('omsWorkspaceName'))]"
               ],
               "apiVersion":"2017-05-01-preview",
               "properties":{  
                  "name":"DXCAutomationAccountDiagnostics",
                  "workspaceId":"[resourceId('Microsoft.OperationalInsights/workspaces', variables('omsWorkspaceName'))]",
                  "logs":[  
                     {  
                        "category":"JobLogs",
                        "enabled":true,
                        "retentionPolicy":{  
                           "days":0,
                           "enabled":false
                        }
                     }
                  ]
               }
            }
         ]
      },
      {  
         "type":"Microsoft.OperationalInsights/workspaces/linkedServices",
         "name":"[concat(variables('omsWorkspaceName'), '/' , 'Automation')]",
         "apiVersion":"2015-11-01-preview",
         "location":"[parameters('omsWorkspaceRegion')]",
         "properties":{  
            "resourceId":"[resourceId('Microsoft.Automation/automationAccounts/', variables('automationAccountName'))]"
         },
         "dependsOn":[  
            "[concat('Microsoft.Automation/automationAccounts/', variables('automationAccountName'))]",
            "[concat('Microsoft.OperationalInsights/workspaces/', variables('omsWorkspaceName'))]"
         ]
      },
      {  
         "apiVersion":"2017-03-15-preview",
         "location":"[parameters('omsWorkspaceRegion')]",
         "name":"[variables('omsWorkspaceName')]",
         "type":"Microsoft.OperationalInsights/workspaces",
         "tags": {
            "dxcManaged": "True",
            "dxcMonitored": "False",
            "dxcConfigurationCheck": "[parameters('dxcConfigurationCheck')]"
        },
         "comments":"Log Analytics workspace",
         "dependsOn":[  
            "[concat('Microsoft.Automation/automationAccounts/', variables('automationAccountName'))]"
         ],
         "properties":{  
            "sku":{  
               "name":"[parameters('serviceTier')]"
            },
	    "retentionInDays": "[parameters('dataRetention')]",
            "features":{  
               "legacy":0,
               "searchVersion":1
            }
         },
         "resources":[  
            {  
               "name":"AzureActivityLog",
               "type":"datasources",
               "apiVersion":"2015-11-01-preview",
               "dependsOn":[  
                  "[concat('Microsoft.OperationalInsights/workspaces/', variables('omsWorkspaceName'))]"
               ],
               "kind":"AzureActivityLog",
               "properties":{  
                  "linkedResourceId":"[concat(subscription().id, '/providers/Microsoft.Insights/eventTypes/management')]"
               }
            },
            {  
               "name":"CrowdstrikeSIEMCollection",
               "type":"datasources",
               "apiVersion":"2015-11-01-preview",
               "dependsOn":[  
                  "[concat('Microsoft.OperationalInsights/workspaces/', variables('omsWorkspaceName'))]"
               ],
               "kind":"CustomLogCollection",
               "properties":{  
                  "state":"LinuxLogsEnabled"
               }
            },
            {  
               "name":"CrowdstrikeSIEM",
               "type":"datasources",
               "apiVersion":"2015-11-01-preview",
               "dependsOn":[  
                  "[concat('Microsoft.OperationalInsights/workspaces/', variables('omsWorkspaceName'))]"
               ],
               "kind":"CustomLog",
               "properties":{  
                  "customLogName":"CrowdstrikeSIEM",
                  "description":"SIEM Connector Logs from Crowdstrike Firehose API",
                  "inputs":[  
                     {  
                        "location":{  
                           "fileSystemLocations":{  
                              "linuxFileTypeLogPaths":[  
                                 "/var/log/crowdstrike/falconhoseclient/output"
                              ]
                           }
                        },
                        "recordDelimiter":{  
                           "regexDelimiter":{  
                              "pattern":"\\n",
                              "matchIndex":0,
                              "matchIndexSpecified":true,
                              "numberedGroup":null
                           }
                        }
                     }
                  ],
                  "extractions":[  
                     {  
                        "extractionName":"TimeGenerated",
                        "extractionType":"DateTime",
                        "extractionProperties":{  
                           "dateTimeExtraction":{  
                              "regex":null,
                              "joinStringRegex":null
                           }
                        }
                     }
                  ]
               }
            },
            {  
               "name":"Crowdstrike_SIEM_SVC",
               "type":"datasources",
               "apiVersion":"2015-11-01-preview",
               "dependsOn":[  
                  "[concat('Microsoft.OperationalInsights/workspaces/', variables('omsWorkspaceName'))]"
               ],
               "kind":"CustomLog",
               "properties":{  
                  "customLogName":"Crowdstrike_SIEM_SVC",
                  "description":"SIEM Connector Service Connectivity Logs",
                  "inputs":[  
                     {  
                        "location":{  
                           "fileSystemLocations":{  
                              "linuxFileTypeLogPaths":[  
                                 "/var/log/crowdstrike/falconhoseclient/*.log"
                              ]
                           }
                        },
                        "recordDelimiter":{  
                           "regexDelimiter":{  
                              "pattern":"\\n",
                              "matchIndex":0,
                              "matchIndexSpecified":true,
                              "numberedGroup":null
                           }
                        }
                     }
                  ],
                  "extractions":[  
                     {  
                        "extractionName":"TimeGenerated",
                        "extractionType":"DateTime",
                        "extractionProperties":{  
                           "dateTimeExtraction":{  
                              "regex":null,
                              "joinStringRegex":null
                           }
                        }
                     }
                  ]
               }
            },
            {  
               "apiVersion":"2015-11-01-preview",
               "type":"datasources",
               "name":"DiskFreeSpace",
               "dependsOn":[  
                  "[concat('Microsoft.OperationalInsights/workspaces/', variables('omsWorkspaceName'))]"
               ],
               "kind":"WindowsPerformanceCounter",
               "properties":{  
                  "objectName":"LogicalDisk",
                  "instanceName":"*",
                  "intervalSeconds":10,
                  "counterName":"% Free Space"
               }
            },
            {  
               "apiVersion":"2015-11-01-preview",
               "type":"datasources",
               "name":"AvailableMemoryMB",
               "dependsOn":[  
                  "[concat('Microsoft.OperationalInsights/workspaces/', variables('omsWorkspaceName'))]"
               ],
               "kind":"WindowsPerformanceCounter",
               "properties":{  
                  "objectName":"Memory",
                  "instanceName":"*",
                  "intervalSeconds":10,
                  "counterName":"Available MBytes"
               }
            },
            {  
               "apiVersion":"2015-11-01-preview",
               "type":"datasources",
               "name":"UsedMemoryMB",
               "dependsOn":[  
                  "[concat('Microsoft.OperationalInsights/workspaces/', variables('omsWorkspaceName'))]"
               ],
               "kind":"WindowsPerformanceCounter",
               "properties":{  
                  "objectName":"Memory",
                  "instanceName":"*",
                  "intervalSeconds":10,
                  "counterName":"% Committed Bytes In Use"
               }
            },
            {  
               "apiVersion":"2015-11-01-preview",
               "type":"datasources",
               "name":"Paging File",
               "dependsOn":[  
                  "[concat('Microsoft.OperationalInsights/workspaces/', variables('omsWorkspaceName'))]"
               ],
               "kind":"WindowsPerformanceCounter",
               "properties":{  
                  "objectName":"Paging File",
                  "instanceName":"*",
                  "intervalSeconds":10,
                  "counterName":"% Usage"
               }
            },
            {  
               "apiVersion":"2015-11-01-preview",
               "type":"datasources",
               "name":"Processor Performance",
               "dependsOn":[  
                  "[concat('Microsoft.OperationalInsights/workspaces/', variables('omsWorkspaceName'))]"
               ],
               "kind":"WindowsPerformanceCounter",
               "properties":{  
                  "objectName":"Processor Information",
                  "instanceName":"*",
                  "intervalSeconds":10,
                  "counterName":"% Processor Utility"
               }
            },
            {  
               "apiVersion":"2015-11-01-preview",
               "type":"datasources",
               "name":"SystemLogs",
               "dependsOn":[  
                  "[concat('Microsoft.OperationalInsights/workspaces/', variables('omsWorkspaceName'))]"
               ],
               "kind":"WindowsEvent",
               "properties":{  
                  "eventLogName":"System",
                  "eventTypes":[  
                     {  
                        "eventType":"Error"
                     },
                     {  
                        "eventType":"Warning"
                     },
                     {  
                        "eventType":"Information"
                     }
                  ]
               }
            },
		             {  
               "apiVersion":"2015-11-01-preview",
               "type":"datasources",
               "name":"ApplicationLogs",
               "dependsOn":[  
                  "[concat('Microsoft.OperationalInsights/workspaces/', variables('omsWorkspaceName'))]"
               ],
               "kind":"WindowsEvent",
               "properties":{  
                  "eventLogName":"Application",
                  "eventTypes":[  
                     {  
                        "eventType":"Error"
                     },
                     {  
                        "eventType":"Warning"
                     }
                  ]
               }
            },
	    {  
               "apiVersion":"2015-11-01-preview",
               "type":"datasources",
               "name":"DirectoryServicesLogs",
               "dependsOn":[  
                  "[concat('Microsoft.OperationalInsights/workspaces/', variables('omsWorkspaceName'))]"
               ],
               "kind":"WindowsEvent",
               "properties":{  
                  "eventLogName":"Directory Service",
                  "eventTypes":[  
                     {  
                        "eventType":"Error"
                     }	
                  ]
               }
            },
            {  
               "apiVersion":"2015-11-01-preview",
               "type":"datasources",
               "name":"Linux Disk Space",
               "dependsOn":[  
                  "[concat('Microsoft.OperationalInsights/workspaces/', variables('omsWorkspaceName'))]"
               ],
               "kind":"LinuxPerformanceObject",
               "properties":{  
                  "performanceCounters":[  
                     {  
                        "counterName":"% Used Space"
                     },
			  {
                            "counterName": "% Used Inodes"
                        }
                  ],
                  "objectName":"Logical Disk",
                  "instanceName":"*",
                  "intervalSeconds":10
               }
            },	
			
            {  
               "apiVersion":"2015-11-01-preview",
               "type":"datasources",
               "name":"Linux Memory",
               "dependsOn":[  
                  "[concat('Microsoft.OperationalInsights/workspaces/', variables('omsWorkspaceName'))]"
               ],
               "kind":"LinuxPerformanceObject",
               "properties":{  
                  "performanceCounters":[  
                     {  
                        "counterName":"Available MBytes Memory"
                     },
                     {  
                        "counterName":"% Used Memory"
                     },
                     {  
                        "counterName":"% Used Swap Space"
                     }
                  ],
                  "objectName":"Memory",
                  "instanceName":"*",
                  "intervalSeconds":10
               }
            },
            {  
               "apiVersion":"2015-11-01-preview",
               "type":"datasources",
               "name":"Linux Processor Idle Time",
               "dependsOn":[  
                  "[concat('Microsoft.OperationalInsights/workspaces/', variables('omsWorkspaceName'))]"
               ],
               "kind":"LinuxPerformanceObject",
               "properties":{  
                  "performanceCounters":[  
                     {  
                        "counterName":"% Idle Time"
                     }
                  ],
                  "objectName":"Processor",
                  "instanceName":"*",
                  "intervalSeconds":10
               }
            },
            {  
               "apiVersion":"2015-11-01-preview",
               "type":"datasources",
               "name":"LinuxPerfCollection",
               "dependsOn":[  
                  "[concat('Microsoft.OperationalInsights/workspaces/', variables('omsWorkspaceName'))]"
               ],
               "kind":"LinuxPerformanceCollection",
               "properties":{  
                  "state":"Enabled"
               }
            },
			{
			  "apiVersion":"2015-11-01-preview",
			  "type":"datasources",
			  "name":"SyslogKernCollection",
			  "dependsOn":[
				"[concat('Microsoft.OperationalInsights/workspaces/', variables('omsWorkspaceName'))]"
			  ],
			  "kind":"LinuxSyslog",
			  "properties":{
				"syslogName":"kern",
				"syslogSeverities":[
				  {
					"severity":"emerg"
				  },
				  {
					"severity":"alert"
				  },
				  {
					"severity":"crit"
				  },
				  {
					"severity":"err"
				  },
				  {
					"severity": "warning"
				  },
				  {
					"severity": "notice"
				  },
				  {
					"severity": "info"
				  }
				]
			  }
			},
			{
			  "apiVersion":"2015-11-01-preview",
			  "type":"datasources",
			  "name":"SyslogDaemonCollection",
			  "dependsOn":[
				"[concat('Microsoft.OperationalInsights/workspaces/', variables('omsWorkspaceName'))]"
			  ],
			  "kind":"LinuxSyslog",
			  "properties":{
				"syslogName":"daemon",
				"syslogSeverities":[
				  {
					"severity":"emerg"
				  },
				  {
					"severity":"alert"
				  },
				  {
					"severity":"crit"
				  },
				  {
					"severity":"err"
				  },
				  {
					"severity":"warning"
				  },
				  {
					"severity":"notice"
				  },
				  {
					"severity":"info"
				  }
				]
			  }
			},
         {
			  "apiVersion":"2015-11-01-preview",
			  "type":"datasources",
			  "name":"SyslogUserCollection",
			  "dependsOn":[
				"[concat('Microsoft.OperationalInsights/workspaces/', variables('omsWorkspaceName'))]"
			  ],
			  "kind":"LinuxSyslog",
			  "properties":{
				"syslogName":"user",
				"syslogSeverities":[
				  {
					"severity":"emerg"
				  },
				  {
					"severity":"alert"
				  },
				  {
					"severity":"crit"
				  },
				  {
					"severity":"err"
				  },
				  {
					"severity":"warning"
				  },
				  {
					"severity":"notice"
				  },
				  {
					"severity":"info"
				  }
				]
			  }
			},
			{
			  "apiVersion":"2015-11-01-preview",
			  "type":"datasources",
			  "name":"SyslogSyslogCollection",
			  "dependsOn":[
				"[concat('Microsoft.OperationalInsights/workspaces/', variables('omsWorkspaceName'))]"
			  ],
			  "kind":"LinuxSyslog",
			  "properties":{
				"syslogName":"syslog",
				"syslogSeverities":[
				  {
					"severity":"emerg"
				  },
				  {
					"severity":"alert"
				  },
				  {
					"severity":"crit"
				  },
				  {
					"severity":"err"
				  },
				  {
					"severity":"warning"
				  },
				  {
					"severity":"notice"
				  },
				  {
					"severity":"info"
				  }
				]
			  }
			},
			{
				"apiVersion":"2015-11-01-preview",
				"type":"datasources",
				"name":"SyslogCollection",
				"dependsOn":[
					"[concat('Microsoft.OperationalInsights/workspaces/', variables('omsWorkspaceName'))]"
				],
				"kind":"LinuxSyslogCollection",
				"properties":{
					"state":"Enabled"
				}
			}

         ]
      },
      {  
         "apiVersion":"2017-03-15-preview",
         "type":"Microsoft.OperationalInsights/workspaces/savedSearches",
         "name":"[concat(variables('omsWorkspaceName'), '/', tolower(variables('computergroupArray')[copyIndex()].category), '|', toLower(variables('computergroupArray')[copyIndex()].name))]",
         "copy":{  
            "name":"computergroupcopy",
            "count":"[length(variables('computergroupArray'))]"
         },
         "dependsOn":[  
            "[concat('Microsoft.OperationalInsights/workspaces/', variables('omsWorkspaceName'))]"
         ],
         "properties":{  
            "etag":"*",
            "query":"[variables('computergroupArray')[copyIndex()].query]",
            "displayName":"[variables('computergroupArray')[copyIndex()].name]",
            "category":"[variables('computergroupArray')[copyIndex()].category]",
            "functionAlias":"[variables('computergroupArray')[copyIndex()].functionAlias]",
            "version":2,
            "tags":[  
               {  
                  "Name":"Group",
                  "Value":"Computer"
               }
            ]
         }
      },
      {  
         "apiVersion":"2015-11-01-preview",
         "type":"Microsoft.OperationsManagement/solutions",
         "name":"[concat('AgentHealthAssessment', '(', variables('omsWorkspaceName'), ')')]",
         "location":"[parameters('omsWorkspaceRegion')]",
         "dependsOn":[  
            "[concat('Microsoft.OperationalInsights/workspaces/', variables('omsWorkspaceName'))]"
         ],
         "properties":{  
            "workspaceResourceId":"[resourceId('Microsoft.OperationalInsights/workspaces', variables('omsWorkspaceName'))]"
         },
         "plan":{  
            "name":"[concat('AgentHealthAssessment', '(', variables('omsWorkspaceName'), ')')]",
            "product":"[concat('OMSGallery/', 'AgentHealthAssessment')]",
            "promotionCode":"",
            "publisher":"Microsoft"
         }
      },
      {  
         "apiVersion":"2015-11-01-preview",
         "type":"Microsoft.OperationsManagement/solutions",
         "name":"[concat('AzureActivity', '(', variables('omsWorkspaceName'), ')')]",
         "location":"[parameters('omsWorkspaceRegion')]",
         "dependsOn":[  
            "[concat('Microsoft.OperationalInsights/workspaces/', variables('omsWorkspaceName'))]"
         ],
         "properties":{  
            "workspaceResourceId":"[resourceId('Microsoft.OperationalInsights/workspaces', variables('omsWorkspaceName'))]"
         },
         "plan":{  
            "name":"[concat('AzureActivity', '(', variables('omsWorkspaceName'), ')')]",
            "product":"[concat('OMSGallery/', 'AzureActivity')]",
            "promotionCode":"",
            "publisher":"Microsoft"
         }
      },
      {  
         "apiVersion":"2015-11-01-preview",
         "type":"Microsoft.OperationsManagement/solutions",
         "name":"[concat('Updates', '(', variables('omsWorkspaceName'), ')')]",
         "location":"[parameters('omsWorkspaceRegion')]",
         "dependsOn":[  
            "[concat('Microsoft.OperationalInsights/workspaces/', variables('omsWorkspaceName'))]"
         ],
         "properties":{  
            "workspaceResourceId":"[resourceId('Microsoft.OperationalInsights/workspaces', variables('omsWorkspaceName'))]"
         },
         "plan":{  
            "name":"[concat('Updates', '(', variables('omsWorkspaceName'), ')')]",
            "product":"[concat('OMSGallery/', 'Updates')]",
            "promotionCode":"",
            "publisher":"Microsoft"
         }
      },
      {  
         "apiVersion":"2015-11-01-preview",
         "type":"Microsoft.OperationsManagement/solutions",
         "name":"[concat('AzureAutomation', '(', variables('omsWorkspaceName'), ')')]",
         "location":"[parameters('omsWorkspaceRegion')]",
         "dependsOn":[  
            "[concat('Microsoft.OperationalInsights/workspaces/', variables('omsWorkspaceName'))]"
         ],
         "properties":{  
            "workspaceResourceId":"[resourceId('Microsoft.OperationalInsights/workspaces', variables('omsWorkspaceName'))]"
         },
         "plan":{  
            "name":"[concat('AzureAutomation', '(', variables('omsWorkspaceName'), ')')]",
            "product":"[concat('OMSGallery/', 'AzureAutomation')]",
            "promotionCode":"",
            "publisher":"Microsoft"
         }
      },
      {  
         "apiVersion":"2015-11-01-preview",
         "type":"Microsoft.OperationsManagement/solutions",
         "name":"[concat('ServiceDesk', '(', variables('omsWorkspaceName'), ')')]",
         "location":"[parameters('omsWorkspaceRegion')]",
         "dependsOn":[  
            "[concat('Microsoft.OperationalInsights/workspaces/', variables('omsWorkspaceName'))]"
         ],
         "properties":{  
            "workspaceResourceId":"[resourceId('Microsoft.OperationalInsights/workspaces', variables('omsWorkspaceName'))]"
         },
         "plan":{  
            "name":"[concat('ServiceDesk', '(', variables('omsWorkspaceName'), ')')]",
            "product":"[concat('OMSGallery/', 'ServiceDesk')]",
            "promotionCode":"",
            "publisher":"Microsoft"
         }
      },
      {  
         "apiVersion":"2015-11-01-preview",
         "type":"Microsoft.OperationsManagement/solutions",
         "name":"[concat('ChangeTracking', '(', variables('omsWorkspaceName'), ')')]",
         "location":"[parameters('omsWorkspaceRegion')]",
         "dependsOn":[  
            "[concat('Microsoft.OperationalInsights/workspaces/', variables('omsWorkspaceName'))]"
         ],
         "properties":{  
            "workspaceResourceId":"[resourceId('Microsoft.OperationalInsights/workspaces', variables('omsWorkspaceName'))]"
         },
         "plan":{  
            "name":"[concat('ChangeTracking', '(', variables('omsWorkspaceName'), ')')]",
            "product":"[concat('OMSGallery/', 'ChangeTracking')]",
            "promotionCode":"",
            "publisher":"Microsoft"
         }
      },
      {  
         "apiVersion":"2015-11-01-preview",
         "type":"Microsoft.OperationsManagement/solutions",
         "name":"[concat('AzureSQLAnalytics', '(', variables('omsWorkspaceName'), ')')]",
         "location":"[parameters('omsWorkspaceRegion')]",
         "dependsOn":[  
            "[concat('Microsoft.OperationalInsights/workspaces/', variables('omsWorkspaceName'))]"
         ],
         "properties":{  
            "workspaceResourceId":"[resourceId('Microsoft.OperationalInsights/workspaces', variables('omsWorkspaceName'))]"
         },
         "plan":{  
            "name":"[concat('AzureSQLAnalytics', '(', variables('omsWorkspaceName'), ')')]",
            "product":"[concat('OMSGallery/', 'AzureSQLAnalytics')]",
            "promotionCode":"",
            "publisher":"Microsoft"
         }
      },
       {  
         "apiVersion":"2015-11-01-preview",
         "type":"Microsoft.OperationsManagement/solutions",
         "name":"[concat('KeyVaultAnalytics', '(', variables('omsWorkspaceName'), ')')]",
         "location":"[parameters('omsWorkspaceRegion')]",
         "dependsOn":[  
            "[concat('Microsoft.OperationalInsights/workspaces/', variables('omsWorkspaceName'))]"
         ],
         "properties":{  
            "workspaceResourceId":"[resourceId('Microsoft.OperationalInsights/workspaces', variables('omsWorkspaceName'))]"
         },
         "plan":{  
            "name":"[concat('KeyVaultAnalytics', '(', variables('omsWorkspaceName'), ')')]",
            "product":"[concat('OMSGallery/', 'KeyVaultAnalytics')]",
            "promotionCode":"",
            "publisher":"Microsoft"
         }
      },
      {  
         "apiVersion":"2015-11-01-preview",
         "type":"Microsoft.OperationsManagement/solutions",
         "name":"[concat('NetworkMonitoring', '(', variables('omsWorkspaceName'), ')')]",
         "location":"[parameters('omsWorkspaceRegion')]",
         "dependsOn":[  
            "[concat('Microsoft.OperationalInsights/workspaces/', variables('omsWorkspaceName'))]"
         ],
         "properties":{  
            "workspaceResourceId":"[resourceId('Microsoft.OperationalInsights/workspaces', variables('omsWorkspaceName'))]"
         },
         "plan":{  
            "name":"[concat('NetworkMonitoring', '(', variables('omsWorkspaceName'), ')')]",
            "product":"[concat('OMSGallery/', 'NetworkMonitoring')]",
            "promotionCode":"",
            "publisher":"Microsoft"
         }
      },
      {
         "id": "[Concat('/subscriptions/', subscription().subscriptionId, '/resourceGroups/', resourceGroup().name, '/providers/Microsoft.OperationalInsights/workspaces/', variables('omsWorkspaceName'), '/dataSources/ChangeTrackingLinuxPath_scfw')]",
         "type": "Microsoft.OperationalInsights/workspaces/dataSources",
         "kind": "ChangeTrackingLinuxPath",
         "name": "[Concat(variables('omsWorkspaceName'), '/ChangeTrackingLinuxPath_scfw')]",
         "apiVersion": "2015-11-01-preview",
         "dependsOn": [
            "[concat('Microsoft.Automation/automationAccounts/', variables('automationAccountName'))]",
            "[concat('Microsoft.OperationalInsights/workspaces/', variables('omsWorkspaceName'))]"
         ],
         "location": "[parameters('omsWorkspaceRegion')]",
         "properties": {
            "enabled": true,
            "groupTag": "custom",
            "destinationPath": "/etc/sysconfig/system-config-firewall",
            "pathType": "File",
            "recurse": false,
            "useSudo": "true",
            "type": "File",
            "links": "Follow",
            "checksum": "Md5",
            "MaxContentsReturnable": "5000000",
            "MaxOutputSize": "5000000"
         }
      },
      {
         "id": "[Concat('/subscriptions/', subscription().subscriptionId, '/resourceGroups/', resourceGroup().name, '/providers/Microsoft.OperationalInsights/workspaces/', variables('omsWorkspaceName'), '/dataSources/ChangeTrackingLinuxPath_exports')]",
         "type": "Microsoft.OperationalInsights/workspaces/dataSources",
         "kind": "ChangeTrackingLinuxPath",
         "name": "[Concat(variables('omsWorkspaceName'), '/ChangeTrackingLinuxPath_exports')]",
         "apiVersion": "2015-11-01-preview",
         "dependsOn": [
            "[concat('Microsoft.Automation/automationAccounts/', variables('automationAccountName'))]",
            "[concat('Microsoft.OperationalInsights/workspaces/', variables('omsWorkspaceName'))]"
         ],
         "location": "[parameters('omsWorkspaceRegion')]",
         "properties": {
            "enabled": true,
            "groupTag": "custom",
            "destinationPath": "/etc/exports",
            "pathType": "File",
            "recurse": false,
            "useSudo": "true",
            "type": "File",
            "links": "Follow",
            "checksum": "Md5",
            "MaxContentsReturnable": "5000000",
            "MaxOutputSize": "5000000"
         }
      },
      {
         "id": "[Concat('/subscriptions/', subscription().subscriptionId, '/resourceGroups/', resourceGroup().name, '/providers/Microsoft.OperationalInsights/workspaces/', variables('omsWorkspaceName'), '/dataSources/ChangeTrackingLinuxPath_pwd')]",
         "type": "Microsoft.OperationalInsights/workspaces/dataSources",
         "kind": "ChangeTrackingLinuxPath",
         "name": "[Concat(variables('omsWorkspaceName'), '/ChangeTrackingLinuxPath_pwd')]",
         "apiVersion": "2015-11-01-preview",
         "dependsOn": [
            "[concat('Microsoft.Automation/automationAccounts/', variables('automationAccountName'))]",
            "[concat('Microsoft.OperationalInsights/workspaces/', variables('omsWorkspaceName'))]"
         ],
         "location": "[parameters('omsWorkspaceRegion')]",
         "properties": {
            "enabled": true,
            "groupTag": "custom",
            "destinationPath": "/etc/passwd",
            "pathType": "File",
            "recurse": false,
            "useSudo": "true",
            "type": "File",
            "links": "Follow",
            "checksum": "Md5",
            "MaxContentsReturnable": "5000000",
            "MaxOutputSize": "5000000"
         }
      },
      {
         "id": "[Concat('/subscriptions/', subscription().subscriptionId, '/resourceGroups/', resourceGroup().name, '/providers/Microsoft.OperationalInsights/workspaces/', variables('omsWorkspaceName'), '/dataSources/ChangeTrackingLinuxPath_selinx')]",
         "type": "Microsoft.OperationalInsights/workspaces/dataSources",
         "kind": "ChangeTrackingLinuxPath",
         "name": "[Concat(variables('omsWorkspaceName'), '/ChangeTrackingLinuxPath_selinx')]",
         "apiVersion": "2015-11-01-preview",
         "dependsOn": [
            "[concat('Microsoft.Automation/automationAccounts/', variables('automationAccountName'))]",
            "[concat('Microsoft.OperationalInsights/workspaces/', variables('omsWorkspaceName'))]"
         ],
         "location": "[parameters('omsWorkspaceRegion')]",
         "properties": {
            "enabled": true,
            "groupTag": "custom",
            "destinationPath": "/etc/selinux/*",
            "pathType": "File",
            "recurse": true,
            "useSudo": "true",
            "type": "Directory",
            "links": "Follow",
            "checksum": "Md5",
            "MaxContentsReturnable": "5000000",
            "MaxOutputSize": "5000000"
         }
      },
      {
         "id": "[Concat('/subscriptions/', subscription().subscriptionId, '/resourceGroups/', resourceGroup().name, '/providers/Microsoft.OperationalInsights/workspaces/', variables('omsWorkspaceName'), '/dataSources/ChangeTrackingLinuxPath_netscr')]",
         "type": "Microsoft.OperationalInsights/workspaces/dataSources",
         "kind": "ChangeTrackingLinuxPath",
         "name": "[Concat(variables('omsWorkspaceName'), '/ChangeTrackingLinuxPath_netscr')]",
         "apiVersion": "2015-11-01-preview",
         "dependsOn": [
            "[concat('Microsoft.Automation/automationAccounts/', variables('automationAccountName'))]",
            "[concat('Microsoft.OperationalInsights/workspaces/', variables('omsWorkspaceName'))]"
         ],
         "location": "[parameters('omsWorkspaceRegion')]",
         "properties": {
            "enabled": true,
            "groupTag": "custom",
            "destinationPath": "/etc/sysconfig/network-scripts/*",
            "pathType": "File",
            "recurse": true,
            "useSudo": "true",
            "type": "Directory",
            "links": "Follow",
            "checksum": "Md5",
            "MaxContentsReturnable": "5000000",
            "MaxOutputSize": "5000000"
         }
      },
      {
         "id": "[Concat('/subscriptions/', subscription().subscriptionId, '/resourceGroups/', resourceGroup().name, '/providers/Microsoft.OperationalInsights/workspaces/', variables('omsWorkspaceName'), '/dataSources/ChangeTrackingLinuxPath_etc_pam_d')]",
         "type": "Microsoft.OperationalInsights/workspaces/dataSources",
         "kind": "ChangeTrackingLinuxPath",
         "name": "[Concat(variables('omsWorkspaceName'), '/ChangeTrackingLinuxPath_etc_pam_d')]",
         "apiVersion": "2015-11-01-preview",
         "dependsOn": [
            "[concat('Microsoft.Automation/automationAccounts/', variables('automationAccountName'))]",
            "[concat('Microsoft.OperationalInsights/workspaces/', variables('omsWorkspaceName'))]"
         ],
         "location": "[parameters('omsWorkspaceRegion')]",
         "properties": {
            "enabled": true,
            "groupTag": "custom",
            "destinationPath": "/etc/pam.d/*",
            "pathType": "File",
            "recurse": true,
            "useSudo": "true",
            "type": "Directory",
            "links": "Follow",
            "checksum": "Md5",
            "MaxContentsReturnable": "5000000",
            "MaxOutputSize": "5000000"
         }
      }
   ],
   "outputs":{}
}
