{ 
    "dxcResourceType":  "Microsoft.Network/applicationGateways",
    "dxcManagedResources": "get-azresource | Where-Object { $_.ResourceType -eq 'Microsoft.Network/applicationGateways'} | Where-Object {$_.Tags.dxcMonitored -match 'true'} | Select-Object Name,ResourceGroupName,Id",
    "dxcAllResources": "get-azresource | Where-Object { $_.ResourceType -eq 'Microsoft.Network/applicationGateways'} | Select-Object Name,ResourceGroupName,Id",
    "dxcAlertArray":
        [
            {
                "AlertName":  "DXC-Minor-AppGWv2-<ResourceName>-Application Gateway Total Time",
                "AlertDescription":  "Average time that it takes for a request to be received, processed and its response to be sent.",
                "AlertVersion":  "1.0",
                "Severity":  2,
                "WindowSize":  "00:05:00",
                "Frequency":  "00:05:00",
                "MetricName":  "ApplicationGatewayTotalTime",
                "TimeAggregation":  "Average",
                "Operator":  "GreaterThan",
                "Threshold":  4000,
                "Dimension1Name":  "",
                "Dimension1Value":  "",
                "Dimension2Name":  "",
                "Dimension2Value":  ""
            },
            {
                "AlertName":  "DXC-Minor-AppGWv2-<ResourceName>-Backend Response Status (HTTP Status 5xx)",
                "AlertDescription":  "Count of HTTP response status codes returned by the backends. This response status is categorized to show responses in 5xx category.",
                "AlertVersion":  "1.0",
                "Severity":  2,
                "WindowSize":  "00:05:00",
                "Frequency":  "00:05:00",
                "MetricName":  "BackendResponseStatus",
                "TimeAggregation":  "Total",
                "Operator":  "GreaterThan",
                "Threshold":  0,
                "Dimension1Name":  "HttpStatusGroup",
                "Dimension1Value":  "5xx",
                "Dimension2Name":  "",
                "Dimension2Value":  ""
            }
        ]
    }
