{ 
    "dxcResourceType":  "Microsoft.Logic/workflows",
    "dxcManagedResources":  "Get-AzResource | Where-Object { $_.ResourceType -eq 'Microsoft.Logic/workflows'} | Where-Object {$_.Tags.dxcMonitored -match 'true'} | Select-Object Name,ResourceGroupName,Id",
    "dxcAllResources": "get-azresource | Where-Object { $_.ResourceType -eq 'Microsoft.Logic/workflows'} | Select-Object Name,ResourceGroupName,Id",
    "dxcAlertArray":
        [
            {
                "AlertName":  "DXC-Major-Logic App-<ResourceName>-RunFailurePercentage",
                "AlertDescription":  "Run Failure Percentage has exceeded 0% in the last 30 minutes",
                "AlertVersion":  "1.0",
                "Severity":  1,
                "WindowSize":  "01:00:00",
                "Frequency":  "00:30:00",
                "MetricName":  "RunFailurePercentage",
                "TimeAggregation":  "Average",
                "Operator":  "GreaterThan",
                "Threshold":  0,
                "Dimension1Name":  "",
                "Dimension1Value":  "",
                "Dimension2Name":  "",
                "Dimension2Value":  ""
            }
        ]
    }
    


    



