{ 
"dxcResourceType":  "Microsoft.DBforMySQL/servers",
"dxcManagedResources": "get-azresource | Where-Object { $_.ResourceType -eq 'Microsoft.DBforMySQL/servers'} | Where-Object {$_.Tags.dxcMonitored -match 'true'} | Select-Object Name,ResourceGroupName,Id",
"dxcAllResources": "get-azresource | Where-Object { $_.ResourceType -eq 'Microsoft.DBforMySQL/servers'} | Select-Object Name,ResourceGroupName,Id",
"dxcAlertArray":
    [
        {
            "AlertName":  "DXC-Major-MySQL-<ResourceName>-CPU utilization",   
            "AlertDescription":  "Percentage CPU, Average GreaterThan 90%, over 30 min",
            "AlertVersion":  "1.0",
            "Severity":  1,
            "WindowSize":  "00:30:00",
            "Frequency":  "00:05:00",
            "MetricName":  "cpu_percent",
            "TimeAggregation":  "Average",
            "Operator":  "GreaterThan",
            "Threshold":  90,
            "Dimension1Name":  "",
            "Dimension1Value":  "",
            "Dimension2Name":  "",
            "Dimension2Value":  ""
        },
        {
            "AlertName":  "DXC-Critical-MySQL-<ResourceName>-CPU utilization",
            "AlertDescription":  "Percentage CPU, Average GreaterThan 95%, over 30 min",
            "AlertVersion":  "1.0",
            "Severity":  0,
            "WindowSize":  "00:30:00",
            "Frequency":  "00:05:00",
            "MetricName":  "cpu_percent",
            "TimeAggregation":  "Average",
            "Operator":  "GreaterThan",
            "Threshold":  95,
            "Dimension1Name":  "",
            "Dimension1Value":  "",
            "Dimension2Name":  "",
            "Dimension2Value":  ""
        },
        {
            "AlertName":  "DXC-Major-MySQL-<ResourceName>-Memory utilization",
            "AlertDescription":  "GreaterThan 90% percentage of memory in use, over 30 min",
            "AlertVersion":  "1.0",
            "Severity":  1,
            "WindowSize":  "00:30:00",
            "Frequency":  "00:05:00",
            "MetricName":  "memory_percent",
            "TimeAggregation":  "Average",
            "Operator":  "GreaterThan",
            "Threshold":  90,
            "Dimension1Name":  "",
            "Dimension1Value":  "",
            "Dimension2Name":  "",
            "Dimension2Value":  ""
        },
        {
            "AlertName":  "DXC-Critical-MySQL-<ResourceName>-Memory utilization",
            "AlertDescription":  "GreaterThan 95% percentage of memory in use, over 30 min",
            "AlertVersion":  "1.0",
            "Severity":  0,
            "WindowSize":  "00:30:00",
            "Frequency":  "00:05:00",
            "MetricName":  "memory_percent",
            "TimeAggregation":  "Average",
            "Operator":  "GreaterThan",
            "Threshold":  95,
            "Dimension1Name":  "",
            "Dimension1Value":  "",
            "Dimension2Name":  "",
            "Dimension2Value":  ""
        },
        {
            "AlertName":  "DXC-Major-MySQL-<ResourceName>-IO consumption",
            "AlertDescription":  "Average GreaterThan 90% percentage of IO in use, over 30 min",
            "AlertVersion":  "1.0",
            "Severity":  1,
            "WindowSize":  "00:30:00",
            "Frequency":  "00:05:00",
            "MetricName":  "io_consumption_percent",
            "TimeAggregation":  "Average",
            "Operator":  "GreaterThan",
            "Threshold":  90,
            "Dimension1Name":  "",
            "Dimension1Value":  "",
            "Dimension2Name":  "",
            "Dimension2Value":  ""
        },
        {
            "AlertName":  "DXC-Critical-MySQL-<ResourceName>-IO consumption",
            "AlertDescription":  "Average GreaterThan 95% percentage of IO in use, over 30 min",
            "AlertVersion":  "1.0",
            "Severity":  0,
            "WindowSize":  "00:30:00",
            "Frequency":  "00:05:00",
            "MetricName":  "io_consumption_percent",
            "TimeAggregation":  "Average",
            "Operator":  "GreaterThan",
            "Threshold":  95,
            "Dimension1Name":  "",
            "Dimension1Value":  "",
            "Dimension2Name":  "",
            "Dimension2Value":  ""
        },
        {
            "AlertName":  "DXC-Major-MySQL-<ResourceName>-Storage utilization",
            "AlertDescription":  "Average GreaterThan 80% percentage of storage used out of the server's maximum, over 15 min",
            "AlertVersion":  "1.0",
            "Severity":  1,
            "WindowSize":  "00:15:00",
            "Frequency":  "00:05:00",
            "MetricName":  "storage_percent",
            "TimeAggregation":  "Average",
            "Operator":  "GreaterThan",
            "Threshold":  80,
            "Dimension1Name":  "",
            "Dimension1Value":  "",
            "Dimension2Name":  "",
            "Dimension2Value":  ""
        },
        {
            "AlertName":  "DXC-Critical-MySQL-<ResourceName>-Storage utilization",
            "AlertDescription":  "Average GreaterThan 90% percentage of storage used out of the server's maximum, over 15 min",
            "AlertVersion":  "1.0",
            "Severity":  0,
            "WindowSize":  "00:15:00",
            "Frequency":  "00:05:00",
            "MetricName":  "storage_percent",
            "TimeAggregation":  "Average",
            "Operator":  "GreaterThan",
            "Threshold":  90,
            "Dimension1Name":  "",
            "Dimension1Value":  "",
            "Dimension2Name":  "",
            "Dimension2Value":  ""
        },
        {
            "AlertName":  "DXC-Major-MySQL-<ResourceName>-ServerLog Storage utilization",
            "AlertDescription":  "Average GreaterThan 80% percentage of server log storage used out of the server's maximum server log storage, over 15 min",
            "AlertVersion":  "1.0",
            "Severity":  1,
            "WindowSize":  "00:15:00",
            "Frequency":  "00:05:00",
            "MetricName":  "serverlog_storage_percent",
            "TimeAggregation":  "Average",
            "Operator":  "GreaterThan",
            "Threshold":  80,
            "Dimension1Name":  "",
            "Dimension1Value":  "",
            "Dimension2Name":  "",
            "Dimension2Value":  ""
        },
        {
            "AlertName":  "DXC-Critical-MySQL-<ResourceName>-ServerLog Storage utilization",
            "AlertDescription":  "Average GreaterThan 90% percentage of server log storage used out of the server's maximum server log storage, over 15 min",
            "AlertVersion":  "1.0",
            "Severity":  0,
            "WindowSize":  "00:15:00",
            "Frequency":  "00:05:00",
            "MetricName":  "serverlog_storage_percent",
            "TimeAggregation":  "Average",
            "Operator":  "GreaterThan",
            "Threshold":  90,
            "Dimension1Name":  "",
            "Dimension1Value":  "",
            "Dimension2Name":  "",
            "Dimension2Value":  ""
        },          
        {
            "AlertName":  "DXC-Major-MySQL-<ResourceName>-Failed connections",
            "AlertDescription":  "Number of failed connections to the server, more than 5 per 15 min",
            "AlertVersion":  "1.0",
            "Severity":  1,
            "WindowSize":  "00:15:00",
            "Frequency":  "00:05:00",
            "MetricName":  "connections_failed",
            "TimeAggregation":  "Total",
            "Operator":  "GreaterThan",
            "Threshold":  5,
            "Dimension1Name":  "",
            "Dimension1Value":  "",
            "Dimension2Name":  "",
            "Dimension2Value":  ""
        },
        {
            "AlertName":  "DXC-Critical-MySQL-<ResourceName>-Failed connections",
            "AlertDescription":  "Number of failed connections to the server, more than 20 per 5 min",
            "AlertVersion":  "1.0",
            "Severity":  0,
            "WindowSize":  "00:05:00",
            "Frequency":  "00:05:00",
            "MetricName":  "connections_failed",
            "TimeAggregation":  "Total",
            "Operator":  "GreaterThan",
            "Threshold":  20,
            "Dimension1Name":  "",
            "Dimension1Value":  "",
            "Dimension2Name":  "",
            "Dimension2Value":  ""
        }
      ]
  }  
