{ 
    "dxcResourceType":  "Microsoft.Containerservice/managedclusters",
    "dxcManagedResources":  "get-azresource | Where-Object { $_.ResourceType -eq 'Microsoft.Containerservice/managedclusters'} | Where-Object {$_.Tags.dxcMonitored -match 'true'} | Select-Object Name,ResourceGroupName,Id",
    "dxcAllResources": "get-azresource | Where-Object { $_.ResourceType -eq 'Microsoft.Containerservice/managedclusters'} | Select-Object Name,ResourceGroupName,Id",
    "dxcAlertArray":
        [
            {
                "AlertName":  "DXC-Major-Cluster-<ResourceName>-Memory Rss Percentage",
                "AlertDescription":  "Cluster Node memory rss percentage usage breached major threshold.",
                "AlertVersion":  "1.0",
                "Severity":  1,
                "WindowSize":  "00:05:00",
                "Frequency":  "00:05:00",
                "MetricName":  "memoryRssPercentage",
                "MetricNameSpace":  "Insights.container/nodes",
                "TimeAggregation":  "Average",
                "Operator":  "GreaterThan",
                "Threshold":  90,
                "Dimension1Name":  "",
                "Dimension1Value":  "",
                "Dimension2Name":  "",
                "Dimension2Value":  ""
            },
            {
                "AlertName":  "DXC-Major-Cluster-<ResourceName>-CPU Used percentage",
                "AlertDescription":  "Cluster Node CPU percentage usage breached major threshold.",
                "AlertVersion":  "1.0",
                "Severity":  1,
                "WindowSize":  "00:05:00",
                "Frequency":  "00:05:00",
                "MetricName":  "cpuUsagePercentage",
                "MetricNameSpace":  "Insights.container/nodes",
                "TimeAggregation":  "Average",
                "Operator":  "GreaterThan",
                "Threshold":  90,
                "Dimension1Name":  "",
                "Dimension1Value":  "",
                "Dimension2Name":  "",
                "Dimension2Value":  ""
            }
        ]
    }
    
