{ 
"dxcResourceType":  "Microsoft.Web/serverfarms",
"dxcManagedResources":  "Get-AzAppServicePlan|?{$_.Kind -ne 'functionapp'} | Where-Object {$_.Tags.dxcMonitored -match 'true'} | Select-Object Name, @{Name='ResourceGroupName';Expression={$_.ResourceGroup}}, Id",
"dxcAllResources":  "Get-AzAppServicePlan|?{$_.Kind -ne 'functionapp'}  | Select-Object Name, @{Name='ResourceGroupName';Expression={$_.ResourceGroup}}, Id",
"dxcAlertArray":
    [
        {
        "AlertName":  "DXC-Major-App Service Plan-<ResourceName>-CPU Util",
        "AlertDescription":  "App Service Plan-CPU Utilization has reached its Threshold.",
        "AlertVersion":  "1.0",
        "Severity":  1,
        "WindowSize":  "00:15:00",
        "Frequency":  "00:15:00",
        "MetricName":  "CpuPercentage",
        "TimeAggregation":  "Average",
        "Operator":  "GreaterThan",
        "Threshold":  90,
        "Dimension1Name":  "",
        "Dimension1Value":  "",
        "Dimension2Name":  "",
        "Dimension2Value":  ""
        },
        {
        "AlertName":  "DXC-Major-App Service Plan-<ResourceName>-Mem Util",
        "AlertDescription":  "App Service Plan-Memory Utilization has reached its Threshold. If the app Memory quota is exceeded, the app is restarted.",
        "AlertVersion":  "1.0",
        "Severity":  1,
        "WindowSize":  "00:15:00",
        "Frequency":  "00:15:00",
        "MetricName":  "MemoryPercentage",
        "TimeAggregation":  "Average",
        "Operator":  "GreaterThan",
        "Threshold":  95,
        "Dimension1Name":  "",
        "Dimension1Value":  "",
        "Dimension2Name":  "",
        "Dimension2Value":  ""
        }
    ]
}
