{ 
    "dxcResourceType":  "Microsoft.NetApp/netAppAccounts/capacityPools/volumes",
    "dxcManagedResources":  "get-azresource | Where-Object { $_.ResourceType -eq 'Microsoft.NetApp/netAppAccounts/capacityPools/volumes'} | Where-Object {$_.Tags.dxcMonitored -match 'True'} | Select-Object Name,ResourceGroupName,Id",
    "dxcAllResources": "get-azresource | Where-Object { $_.ResourceType -eq 'Microsoft.NetApp/netAppAccounts/capacityPools/volumes'} | Select-Object Name,ResourceGroupName,Id",
    "dxcAlertArray":
        [
            {
                "AlertName":  "DXC-Major-AzureNetAppFiles-<ResourceName>-VolConsumedSize",
                "AlertDescription":  "NetApp vol, Percentage Vol Consumed Size more than 95%",
                "AlertVersion":  "1.0",
                "Severity":  1,
                "WindowSize":  "01:00:00",
                "Frequency":  "01:00:00",
                "MetricName":  "VolumeConsumedSizePercentage",
                "TimeAggregation":  "Average",
                "Operator":  "GreaterThan",
                "Threshold":  95,
                "Dimension1Name":  "",
                "Dimension1Value":  "",
                "Dimension2Name":  "",
                "Dimension2Value":  ""
            }




        ]
    }
    


    



