{ 
    "dxcResourceType":  "Microsoft.Network/azurefirewalls",
 "dxcManagedResources":  "get-azresource | Where-Object { $_.ResourceType -eq 'Microsoft.Network/azurefirewalls'} | Where-Object {$_.Tags.dxcMonitored -match 'true'} | Select-Object Name,ResourceGroupName,Id",
    "dxcAllResources": "get-azresource | Where-Object { $_.ResourceType -eq 'Microsoft.Network/azurefirewalls'} | Select-Object Name,ResourceGroupName,Id",
    "dxcAlertArray":
        [
            {
                "AlertName":  "DXC-Major-Firewall-<ResourceName>-FirewallHealthDegraded",
                "AlertDescription":  "Firewall Health is below 55% and status is degraded",
                "AlertVersion":  "1.0",
                "Severity":  1,
                "WindowSize":  "00:05:00",
                "Frequency":  "00:05:00",
                "MetricName":  "FirewallHealth",
                "TimeAggregation":  "Average",
                "Operator":  "LessThan",
                "Threshold":  55,
                "Dimension1Name":  "Status",
                "Dimension1Value":  "Degraded",
                "Dimension2Name":  "",
                "Dimension2Value":  ""
            },
            {
                "AlertName":  "DXC-Major-Firewall-<ResourceName>-FirewallHealthUnhealthy",
                "AlertDescription":  "Firewall Health is below 100% and status is unhealthy",
                "AlertVersion":  "1.0",
                "Severity":  1,
                "WindowSize":  "00:05:00",
                "Frequency":  "00:05:00",
                "MetricName":  "FirewallHealth",
                "TimeAggregation":  "Average",
                "Operator":  "LessThanOrEqual",
                "Threshold":  100,
                "Dimension1Name":  "Status",
                "Dimension1Value":  "Unhealthy",
                "Dimension2Name":  "",
                "Dimension2Value":  ""
            }
        ]
    }
    





