{ 
"dxcResourceType":  "Microsoft.DBforPostgreSQL/servers",
"dxcManagedResources": "get-azresource | Where-Object { $_.ResourceType -eq 'Microsoft.DBforPostgreSQL/servers'} | Where-Object {$_.Tags.dxcMonitored -match 'true'} | Select-Object Name,ResourceGroupName,Id",
"dxcAllResources": "get-azresource | Where-Object { $_.ResourceType -eq 'Microsoft.DBforPostgreSQL/servers'} | Select-Object Name,ResourceGroupName,Id",
"dxcAlertArray":
    [
        {
            "AlertName":  "DXC-Minor-PostgreSQL-<ResourceName>-CPU utilization",
            "AlertDescription":  "Percentage CPU, Average GreaterThan 80%",
            "AlertVersion":  "1.0",
            "Severity":  2,
            "WindowSize":  "00:05:00",
            "Frequency":  "00:05:00",
            "MetricName":  "cpu_percent",
            "TimeAggregation":  "Average",
            "Operator":  "GreaterThan",
            "Threshold":  80,
            "Dimension1Name":  "",
            "Dimension1Value":  "",
            "Dimension2Name":  "",
            "Dimension2Value":  ""
        },
        {
            "AlertName":  "DXC-Major-PostgreSQL-<ResourceName>-CPU utilization",
            "AlertDescription":  "Percentage CPU, Average GreaterThan 90%",
            "AlertVersion":  "1.0",
            "Severity":  1,
            "WindowSize":  "00:05:00",
            "Frequency":  "00:05:00",
            "MetricName":  "cpu_percent",
            "TimeAggregation":  "Average",
            "Operator":  "GreaterThan",
            "Threshold":  90,
            "Dimension1Name":  "",
            "Dimension1Value":  "",
            "Dimension2Name":  "",
            "Dimension2Value":  ""
        },
        {
            "AlertName":  "DXC-Minor-PostgreSQL-<ResourceName>-Storage utilization",
            "AlertDescription":  "Average GreaterThan 80% percentage of storage used out of the server's maximum",
            "AlertVersion":  "1.0",
            "Severity":  2,
            "WindowSize":  "00:05:00",
            "Frequency":  "00:05:00",
            "MetricName":  "storage_percent",
            "TimeAggregation":  "Average",
            "Operator":  "GreaterThan",
            "Threshold":  80,
            "Dimension1Name":  "",
            "Dimension1Value":  "",
            "Dimension2Name":  "",
            "Dimension2Value":  ""
        },
        {
            "AlertName":  "DXC-Major-PostgreSQL-<ResourceName>-Storage utilization",
            "AlertDescription":  "Average GreaterThan 90% percentage of storage used out of the server's maximum",
            "AlertVersion":  "1.0",
            "Severity":  1,
            "WindowSize":  "00:05:00",
            "Frequency":  "00:05:00",
            "MetricName":  "storage_percent",
            "TimeAggregation":  "Average",
            "Operator":  "GreaterThan",
            "Threshold":  90,
            "Dimension1Name":  "",
            "Dimension1Value":  "",
            "Dimension2Name":  "",
            "Dimension2Value":  ""
        },
        {
            "AlertName":  "DXC-Minor-PostgreSQL-<ResourceName>-ServerLog Storage utilization",
            "AlertDescription":  "Average GreaterThan 90% percentage of server log storage used out of the server's maximum server log storage",
            "AlertVersion":  "1.0",
            "Severity":  2,
            "WindowSize":  "00:05:00",
            "Frequency":  "00:05:00",
            "MetricName":  "serverlog_storage_percent",
            "TimeAggregation":  "Average",
            "Operator":  "GreaterThan",
            "Threshold":  90,
            "Dimension1Name":  "",
            "Dimension1Value":  "",
            "Dimension2Name":  "",
            "Dimension2Value":  ""
        },
        {
            "AlertName":  "DXC-Minor-PostgreSQL-<ResourceName>-IO consumption",
            "AlertDescription":  "Average GreaterThan 90% percentage of IO in use, over 30 min",
            "AlertVersion":  "1.0",
            "Severity":  2,
            "WindowSize":  "00:30:00",
            "Frequency":  "00:05:00",
            "MetricName":  "io_consumption_percent",
            "TimeAggregation":  "Average",
            "Operator":  "GreaterThan",
            "Threshold":  90,
            "Dimension1Name":  "",
            "Dimension1Value":  "",
            "Dimension2Name":  "",
            "Dimension2Value":  ""
        },
        {
            "AlertName":  "DXC-Major-PostgreSQL-<ResourceName>-IO consumption",
            "AlertDescription":  "GreaterThan 95% percentage of IO in use, over 30 min",
            "AlertVersion":  "1.0",
            "Severity":  1,
            "WindowSize":  "00:30:00",
            "Frequency":  "00:05:00",
            "MetricName":  "io_consumption_percent",
            "TimeAggregation":  "Average",
            "Operator":  "GreaterThan",
            "Threshold":  95,
            "Dimension1Name":  "",
            "Dimension1Value":  "",
            "Dimension2Name":  "",
            "Dimension2Value":  ""
        },
        {
            "AlertName":  "DXC-Minor-PostgreSQL-<ResourceName>-Memory utilization",
            "AlertDescription":  "GreaterThan 90% percentage of memory in use, over 30 min",
            "AlertVersion":  "1.0",
            "Severity":  2,
            "WindowSize":  "00:30:00",
            "Frequency":  "00:05:00",
            "MetricName":  "memory_percent",
            "TimeAggregation":  "Average",
            "Operator":  "GreaterThan",
            "Threshold":  90,
            "Dimension1Name":  "",
            "Dimension1Value":  "",
            "Dimension2Name":  "",
            "Dimension2Value":  ""
        },
        {
            "AlertName":  "DXC-Major-PostgreSQL-<ResourceName>-Memory utilization",
            "AlertDescription":  "GreaterThan 95% percentage of memory in use, over 30 min",
            "AlertVersion":  "1.0",
            "Severity":  1,
            "WindowSize":  "00:30:00",
            "Frequency":  "00:05:00",
            "MetricName":  "memory_percent",
            "TimeAggregation":  "Average",
            "Operator":  "GreaterThan",
            "Threshold":  95,
            "Dimension1Name":  "",
            "Dimension1Value":  "",
            "Dimension2Name":  "",
            "Dimension2Value":  ""
        },
        {
            "AlertName":  "DXC-Minor-PostgreSQL-<ResourceName>-Active connections",
            "AlertDescription":  "Number of active connections to the server is GreaterThan than 100 over 30 min",
            "AlertVersion":  "1.0",
            "Severity":  2,
            "WindowSize":  "00:30:00",
            "Frequency":  "00:05:00",
            "MetricName":  "active_connections",
            "TimeAggregation":  "Average",
            "Operator":  "GreaterThan",
            "Threshold":  100,
            "Dimension1Name":  "",
            "Dimension1Value":  "",
            "Dimension2Name":  "",
            "Dimension2Value":  ""
        },
        {
            "AlertName":  "DXC-Minor-PostgreSQL-<ResourceName>-Failed connections",
            "AlertDescription":  "Number of failed connections to the server, 1 or more per 10 min",
            "AlertVersion":  "1.0",
            "Severity":  2,
            "WindowSize":  "00:15:00",
            "Frequency":  "00:05:00",
            "MetricName":  "connections_failed",
            "TimeAggregation":  "Total",
            "Operator":  "GreaterThan",
            "Threshold":  0,
            "Dimension1Name":  "",
            "Dimension1Value":  "",
            "Dimension2Name":  "",
            "Dimension2Value":  ""
        },
        {
            "AlertName":  "DXC-Major-PostgreSQL-<ResourceName>-Failed connections",
            "AlertDescription":  "Number of failed connections to the server, 2 or more per 5 min",
            "AlertVersion":  "1.0",
            "Severity":  1,
            "WindowSize":  "00:05:00",
            "Frequency":  "00:05:00",
            "MetricName":  "connections_failed",
            "TimeAggregation":  "Total",
            "Operator":  "GreaterThan",
            "Threshold":  1,
            "Dimension1Name":  "",
            "Dimension1Value":  "",
            "Dimension2Name":  "",
            "Dimension2Value":  ""
        }
    ]
}  
