{ 
"dxcResourceType":  "Microsoft.Network/loadBalancers",
"dxcManagedResources": "Get-AzLoadBalancer | Where-Object {$_.sku.name.ToLower() -eq 'standard' } | Where-Object {$_.Tag.dxcMonitored -match 'True'} | Select-Object Name,ResourceGroupName,Id",
"dxcAllResources": "Get-AzLoadBalancer | Where-Object {$_.sku.name.ToLower() -eq 'standard' } | Select-Object Name,ResourceGroupName,Id",
"dxcAlertArray":
    [
        {
            "AlertName":  "DXC-Minor-StandardLoadBalancer-<ResourceName>-Health Probe Status",
            "AlertDescription":  "LoadBalancer-Health Probe Status less than 100%. 100 percent indicates that the infrastructure was healthy, the infrastructure hosting VMs was reachable. Less than 100 indicates backend reachability problems.",
            "AlertVersion":  "1.0",
            "Severity":  2,
            "WindowSize":  "00:05:00",
            "Frequency":  "00:05:00",
            "MetricName":  "DipAvailability",
            "TimeAggregation":  "Average",
            "Operator":  "LessThan",
            "Threshold":  100,
            "Dimension1Name":  "",
            "Dimension1Value":  "",
            "Dimension2Name":  "",
            "Dimension2Value":  ""
        },
        {
            "AlertName":  "DXC-Major-StandardLoadBalancer-<ResourceName>-Health Probe Status",
            "AlertDescription":  "LoadBalancer-Health Probe Status less than 76%.",
            "AlertVersion":  "1.0",
            "Severity":  1,
            "WindowSize":  "00:05:00",
            "Frequency":  "00:05:00",
            "MetricName":  "DipAvailability",
            "TimeAggregation":  "Average",
            "Operator":  "LessThan",
            "Threshold":  50,
            "Dimension1Name":  "",
            "Dimension1Value":  "",
            "Dimension2Name":  "",
            "Dimension2Value":  ""
        },
        {
            "AlertName":  "DXC-Minor-StandardLoadBalancer-<ResourceName>-Data path availability",
            "AlertDescription":  "LoadBalancer-Data path availability less than 100%. 100 percent indicates that the Azure network infrastructure was healthy. Less than 100 indicates Azure infrastructure problems.",
            "AlertVersion":  "1.0",
            "Severity":  2,
            "WindowSize":  "00:05:00",
            "Frequency":  "00:05:00",
            "MetricName":  "VipAvailability",
            "TimeAggregation":  "Average",
            "Operator":  "LessThan",
            "Threshold":  100,
            "Dimension1Name":  "",
            "Dimension1Value":  "",
            "Dimension2Name":  "",
            "Dimension2Value":  ""
        },
        {
            "AlertName":  "DXC-Major-StandardLoadBalancer-<ResourceName>-Data path availability",
            "AlertDescription":  "LoadBalancer-Data path availability less than 76%. Azure network infrastructure is unhealthy.",
            "AlertVersion":  "1.0",
            "Severity":  1,
            "WindowSize":  "00:05:00",
            "Frequency":  "00:05:00",
            "MetricName":  "VipAvailability",
            "TimeAggregation":  "Average",
            "Operator":  "LessThan",
            "Threshold":  76,
            "Dimension1Name":  "",
            "Dimension1Value":  "",
            "Dimension2Name":  "",
            "Dimension2Value":  ""
        },
        {
            "AlertName":  "DXC-Minor-StandardLoadBalancer-<ResourceName>-SNAT Connection Pending Count",
            "AlertDescription":  "LoadBalancer - SNAT Connection Pending Count, Pending connections appearing means SNAT connections on the limit of failing.",
            "AlertVersion":  "1.0",
            "Severity":  2,
            "WindowSize":  "00:05:00",
            "Frequency":  "00:05:00",
            "MetricName":  "SnatConnectionCount",
            "TimeAggregation":  "Total",
            "Operator":  "GreaterThan",
            "Threshold":  0,
            "Dimension1Name":  "ConnectionState",
            "Dimension1Value":  "Pending",
            "Dimension2Name":  "",
            "Dimension2Value":  ""
        },
        {
            "AlertName":  "DXC-Major-StandardLoadBalancer-<ResourceName>-SNAT Connection Failed Count",
            "AlertDescription": "LoadBalancer - SNAT Connection Failed Count, dropped connections, service interruptions.",
            "AlertVersion":  "1.0",
            "Severity":  1,
            "WindowSize":  "00:05:00",
            "Frequency":  "00:05:00",
            "MetricName":  "SnatConnectionCount",
            "TimeAggregation":  "Total",
            "Operator":  "GreaterThan",
            "Threshold":  0,
            "Dimension1Name":  "ConnectionState",
            "Dimension1Value":  "Failed",
            "Dimension2Name":  "",
            "Dimension2Value":  ""
        }
    ]
}
