﻿{ 
"dxcResourceType":  "Microsoft.Sql/managedInstances",
"dxcManagedResources": "get-azresource | Where-Object { $_.ResourceType -eq 'Microsoft.Sql/managedInstances'} | Where-Object {$_.Tags.dxcMonitored -match 'true'} | Select-Object Name,ResourceGroupName,Id",
"dxcAllResources": "get-azresource | Where-Object { $_.ResourceType -eq 'Microsoft.Sql/managedInstances'} | Select-Object Name,ResourceGroupName,Id",
"dxcAlertArray":
    [
        {
            "AlertName":  "DXC-Major-Database Managed Instance-<ResourceName>-CPU utilization",
            "AlertDescription":  "Average CPU Percent has exceeded 90% threshold.",
            "AlertVersion":  "1.0",
            "Severity":  1,
            "WindowSize":  "00:05:00",
            "Frequency":  "00:05:00",
            "MetricName":  "avg_cpu_percent",
            "TimeAggregation":  "Average",
            "Operator":  "GreaterThan",
            "Threshold":  90,
            "Dimension1Name":  "",
            "Dimension1Value":  "",
            "Dimension2Name":  "",
            "Dimension2Value":  ""
        },
        {
            "AlertName":  "DXC-Minor-Database Managed Instance-<ResourceName>-CPU utilization",
            "AlertDescription":  "Average CPU Percent has exceeded 85% threshold.",
            "AlertVersion":  "1.0",
            "Severity":  2,
            "WindowSize":  "00:30:00",
            "Frequency":  "00:05:00",
            "MetricName":  "avg_cpu_percent",
            "TimeAggregation":  "Average",
            "Operator":  "GreaterThan",
            "Threshold":  85,
            "Dimension1Name":  "",
            "Dimension1Value":  "",
            "Dimension2Name":  "",
            "Dimension2Value":  ""
        }
    ]
}  
