{ 
    "dxcResourceType":  "Microsoft.DocumentDB/databaseAccounts",
    "dxcManagedResources":  "get-azresource | Where-Object { $_.ResourceType -eq 'Microsoft.DocumentDB/databaseAccounts'} | Where-Object {$_.Tags.dxcMonitored -match 'True'} | Select-Object Name,ResourceGroupName,Id",
    "dxcAllResources": "get-azresource | Where-Object { $_.ResourceType -eq 'Microsoft.DocumentDB/databaseAccounts'} | Select-Object Name,ResourceGroupName,Id",
    "dxcAlertArray":
        [
            {
                "AlertName":  "DXC-Minor-CosmosDBAccount-<ResourceName>-Throttled Requests",
                "AlertDescription":  "CosmosDB-Total requests with status code 429",
                "AlertVersion":  "1.0",
                "Severity":  2,
                "WindowSize":  "00:05:00",
                "Frequency":  "00:05:00",
                "MetricName":  "TotalRequests",
                "TimeAggregation":  "Count",
                "Operator":  "GreaterThan",
                "Threshold":  2500,
                "Dimension1Name":  "StatusCode",
                "Dimension1Value":  429,
                "Dimension2Name":  "",
                "Dimension2Value":  ""
            },
            {
                "AlertName":  "DXC-Major-CosmosDBAccount-<ResourceName>-Server Errors",
                "AlertDescription":  "CosmosDB-Total requests with status code 5xx.Server errors like Internal Server Error,Service Unavailable can be triggered.",
                "AlertVersion":  "1.0",
                "Severity":  1,
                "WindowSize":  "00:05:00",
                "Frequency":  "00:05:00",
                "MetricName":  "TotalRequests",
                "TimeAggregation":  "Count",
                "Operator":  "GreaterThan",
                "Threshold":  0,
                "Dimension1Name":  "StatusCode",
                "Dimension1Value":  "5xx",
                "Dimension2Name":  "",
                "Dimension2Value":  ""
            },
            {
                "AlertName":  "DXC-Major-CosmosDBAccount-<ResourceName>-Server Side Latency",
                "AlertDescription":  "CosmosDB-Server Side Latency with Average GreaterThan 10ms",
                "AlertVersion":  "1.0",
                "Severity":  1,
                "WindowSize":  "00:05:00",
                "Frequency":  "00:05:00",
                "MetricName":  "ServerSideLatency",
                "TimeAggregation":  "Average",
                "Operator":  "GreaterThan",
                "Threshold":  10,
                "Dimension1Name":  "",
                "Dimension1Value":  "",
                "Dimension2Name":  "",
                "Dimension2Value":  ""
            },
            {
                "AlertName":  "DXC-Minor-CosmosDBAccount-<ResourceName>-Service Availability",
                "AlertDescription":  "CosmosDB-Service Availability with Average LessThan 99.999%",
                "AlertVersion":  "1.0",
                "Severity":  2,
                "WindowSize":  "01:00:00",
                "Frequency":  "00:05:00",
                "MetricName":  "ServiceAvailability",
                "TimeAggregation":  "Average",
                "Operator":  "LessThan",
                "Threshold":  99.999,
                "Dimension1Name":  "",
                "Dimension1Value":  "",
                "Dimension2Name":  "",
                "Dimension2Value":  ""
            }
            

        ]
    }
    
