{ 
    "dxcResourceType":  "Microsoft.EventGrid/topics",
    "dxcManagedResources":  "Get-AzResource | Where-Object { $_.ResourceType -eq 'Microsoft.EventGrid/topics'} | Where-Object {$_.Tags.dxcMonitored -match 'true'} | Select-Object Name,ResourceGroupName,Id",
    "dxcAllResources": "get-azresource | Where-Object { $_.ResourceType -eq 'Microsoft.EventGrid/topics'} | Select-Object Name,ResourceGroupName,Id",
    "dxcAlertArray":
        [
            {
                "AlertName":  "DXC-Major-EventGrid-<ResourceName>-PublishFailCount",
                "AlertDescription":  "Published Failed Events exceeded 10 events in the last 1 min interval",
                "AlertVersion":  "1.0",
                "Severity":  1,
                "WindowSize":  "00:01:00",
                "Frequency":  "00:01:00",
                "MetricName":  "PublishFailCount",
                "TimeAggregation":  "Average",
                "Operator":  "GreaterThanOrEqual",
                "Threshold":  10,
                "Dimension1Name":  "",
                "Dimension1Value":  "",
                "Dimension2Name":  "",
                "Dimension2Value":  ""
            },
            {
                "AlertName":  "DXC-Minor-EventGrid-<ResourceName>-DroppedEventCount",
                "AlertDescription":  "DroppedEvents have exceeded 20 in the last 5 minutes",
                "AlertVersion":  "1.0",
                "Severity":  2,
                "WindowSize":  "00:05:00",
                "Frequency":  "00:05:00",
                "MetricName":  "DroppedEventCount",
                "TimeAggregation":  "Average",
                "Operator":  "GreaterThanOrEqual",
                "Threshold":  20,
                "Dimension1Name":  "",
                "Dimension1Value":  "",
                "Dimension2Name":  "",
                "Dimension2Value":  ""
            }
        ]
    }
    
