{ 
    "dxcResourceType":  "Microsoft.Storage/storageAccounts",
    "dxcManagedResources":  "Get-AzStorageAccount | Where-Object{$_.Kind -eq 'filestorage' -or $_.kind -eq 'Storagev2'} | where-object{$_.ResourceGroupName -notlike '*cloud-shell-storage*'} | Where-Object {$_.Tags.dxcMonitored -match 'true'} | select -Property @{Name='Name';Expression={$_.StorageAccountName}},ResourceGroupname,id",
    "dxcAllResources":  "Get-AzStorageAccount | select -Property @{Name='Name';Expression={$_.StorageAccountName}},ResourceGroupname,id",
    "dxcAlertArray":
        [
            {
            "AlertName":  "DXC-Major-File Share-<ResourceName>-Availability",
            "AlertDescription":  "Azure Storage Account File Share Availability was less than 100%. 100 percent indicates that the service was healthy. Less than 100 indicates backend accessibility problems. ",
            "AlertVersion":  "1.0",
            "Severity":  1,
            "WindowSize":  "00:05:00",
            "Frequency":  "00:01:00",
            "MetricName":  "Availability",
            "TimeAggregation":  "Average",
            "Operator":  "LessThan",
            "Threshold":  99,
            "Dimension1Name":  "",
            "Dimension1Value":  "",
            "Dimension2Name":  "",
            "Dimension2Value":  ""
            }
        ]
    }
    
