{ 
    "dxcResourceType":  "Microsoft.ServiceBus/namespaces",
    "dxcManagedResources":  "get-azresource | Where-Object { $_.ResourceType -eq 'Microsoft.ServiceBus/namespaces'} | Where-Object {$_.Tags.dxcMonitored -match 'true'} | Select-Object Name,ResourceGroupName,Id",
    "dxcAllResources": "get-azresource | Where-Object { $_.ResourceType -eq 'Microsoft.ServiceBus/namespaces'} | Select-Object Name,ResourceGroupName,Id",
    "dxcAlertArray":
        [
            {
                "AlertName":  "DXC-Major-ServiceBus-<ResourceName>-ServerErrors",
                "AlertDescription":  "Server Errors have exceeded 10 in the last minute",
                "AlertVersion":  "1.0",
                "Severity":  1,
                "WindowSize":  "00:01:00",
                "Frequency":  "00:01:00",
                "MetricName":  "ServerErrors",
                "TimeAggregation":  "Average",
                "Operator":  "GreaterThanOrEqual",
                "Threshold":  10,
                "Dimension1Name":  "",
                "Dimension1Value":  "",
                "Dimension2Name":  "",
                "Dimension2Value":  ""
            },
            {
                "AlertName":  "DXC-Minor-ServiceBus-<ResourceName>-UserErrors",
                "AlertDescription":  "User Errors have exceeded 10 in the last minute",
                "AlertVersion":  "1.0",
                "Severity":  2,
                "WindowSize":  "00:01:00",
                "Frequency":  "00:01:00",
                "MetricName":  "UserErrors",
                "TimeAggregation":  "Average",
                "Operator":  "GreaterThanOrEqual",
                "Threshold":  10,
                "Dimension1Name":  "",
                "Dimension1Value":  "",
                "Dimension2Name":  "",
                "Dimension2Value":  ""
            },
            {
                "AlertName":  "DXC-Minor-ServiceBus-<ResourceName>-ThrottledRequests",
                "AlertDescription":  "Throttled Requests have exceeded 20 in the last 30 minutes",
                "AlertVersion":  "1.0",
                "Severity":  2,
                "WindowSize":  "00:30:00",
                "Frequency":  "00:30:00",
                "MetricName":  "ThrottledRequests",
                "TimeAggregation":  "Average",
                "Operator":  "GreaterThanOrEqual",
                "Threshold":  20,
                "Dimension1Name":  "",
                "Dimension1Value":  "",
                "Dimension2Name":  "",
                "Dimension2Value":  ""
            }
        ]
    }
    





