{ 
    "dxcResourceType":  "Microsoft.EventHub/namespaces",
    "dxcManagedResources":  "Get-AzResource | Where-Object { $_.ResourceType -eq 'Microsoft.EventHub/namespaces'} | Where-Object {$_.Tags.dxcMonitored -match 'true'} | Select-Object Name,ResourceGroupName,Id",
    "dxcAllResources": "get-azresource | Where-Object { $_.ResourceType -eq 'Microsoft.EventHub/namespaces'} | Select-Object Name,ResourceGroupName,Id",
    "dxcAlertArray":
        [
            {
                "AlertName":  "DXC-Major-EventHub-<ResourceName>-IncomingMessages",
                "AlertDescription":  "0 Incoming messages received in the last 5 minutes",
                "AlertVersion":  "1.0",
                "Severity":  1,
                "WindowSize":  "00:05:00",
                "Frequency":  "00:05:00",
                "MetricName":  "IncomingMessages",
                "TimeAggregation":  "Average",
                "Operator":  "LessThanOrEqual",
                "Threshold":  0,
                "Dimension1Name":  "",
                "Dimension1Value":  "",
                "Dimension2Name":  "",
                "Dimension2Value":  ""
            },
            {
                "AlertName":  "DXC-Major-EventHub-<ResourceName>-ServerErrors",
                "AlertDescription":  "Server Errors have exceeded 3 in the last minute",
                "AlertVersion":  "1.0",
                "Severity":  1,
                "WindowSize":  "00:01:00",
                "Frequency":  "00:01:00",
                "MetricName":  "ServerErrors",
                "TimeAggregation":  "Average",
                "Operator":  "GreaterThanOrEqual",
                "Threshold":  3,
                "Dimension1Name":  "",
                "Dimension1Value":  "",
                "Dimension2Name":  "",
                "Dimension2Value":  ""
            },
            {
                "AlertName":  "DXC-Minor-EventHub-<ResourceName>-ThrottledRequests",
                "AlertDescription":  "Throttled Requests have exceeded 20 in the last 5 minutes",
                "AlertVersion":  "1.0",
                "Severity":  2,
                "WindowSize":  "00:05:00",
                "Frequency":  "00:05:00",
                "MetricName":  "ThrottledRequests",
                "TimeAggregation":  "Average",
                "Operator":  "GreaterThanOrEqual",
                "Threshold":  20,
                "Dimension1Name":  "",
                "Dimension1Value":  "",
                "Dimension2Name":  "",
                "Dimension2Value":  ""
            }
        ]
    }
