{
	"$schema": "https://schema.management.azure.com/schemas/2019-04-01/deploymentTemplate.json#",
	"contentVersion": "1.0.0.0",
	"parameters": {
		"vaultName": {
			"type": "string",
			"metadata": {
				"description": "Name of the Recovery Services Vault"
			}
		},
		"logAnalyticsWorkspaceName": {
			"type": "string",
			"metadata": {
				"description": "Log Analytics (OMS) Workspace Name for the Recovery Services Vault Diagnostics settings"
			}
		},
		"LogAnalyticsResourceGroup": {
			"type": "string",
			"defaultValue": "DXC-Maint-RG",
			"metadata": {
				"description": "Log Analytics (OMS) Workspace Resource Group"
			}
		},
		"dxcConfigurationCheck": {
	      		"type": "string",
        		"defaultValue": "[utcNow()]",
        		"metadata": { 
				"description": "tag to indicate when the VM configuration was validated" 
			}
	      }

	},
	"variables": {
		"PolicyName30day" : "DXC30day",
		"PolicyName60day" : "DXC60day",
		"PolicyName90day" : "DXC90day",
		"scheduleRunTimes" : ["2017-10-24T04:00:00Z"],
		"weeklyRetentionDurationCount": 12,
		"monthlyRetentionDurationCount": 12,
		"yearlyRetentionDurationCount": 3,
		"daysOfTheWeek": ["Sunday"],
		"weeksOfTheMonth": ["First"],
		"monthsOfYear": ["January"],
		"dxcManaged": "True",
        	"dxcMonitored": "True"
	},
	"resources": [{
			"type": "Microsoft.RecoveryServices/vaults",
			"apiVersion": "2015-11-10",
			"name": "[parameters('vaultName')]",
			"location": "[resourceGroup().location]",
			"tags": {
				"dxcManaged": "[variables('dxcManaged')]",
				"dxcMonitored": "[variables('dxcMonitored')]",
				"dxcConfigurationCheck": "[parameters('dxcConfigurationCheck')]"
			},
			"sku": {
				"name": "RS0",
				"tier": "Standard"
			},
			"properties": {}
		},
		{
			"apiVersion": "2016-12-01",
			"name": "[concat(parameters('vaultName'), '/', variables('PolicyName30day'))]",
			"type": "Microsoft.RecoveryServices/vaults/backupPolicies",
			"dependsOn": ["[concat('Microsoft.RecoveryServices/vaults/', parameters('vaultName'))]"],
			"location": "[resourceGroup().location]",
			"properties": {
				"backupManagementType": "AzureIaasVM",
				"schedulePolicy": {
					"schedulePolicyType": "SimpleSchedulePolicy",
					"scheduleRunFrequency": "Daily",
					"scheduleRunTimes": "[variables('scheduleRunTimes')]",
					"scheduleWeeklyFrequency": 0
				},
				"retentionPolicy": {
					"retentionPolicyType": "LongTermRetentionPolicy",
					"dailySchedule": {
						"retentionTimes": "[variables('scheduleRunTimes')]",
						"retentionDuration": {
							"count": 30,
							"durationType": "Days"
						}
					},
					"weeklySchedule": {
						"daysOfTheWeek": "[variables('daysOfTheWeek')]",
						"retentionTimes": "[variables('scheduleRunTimes')]",
						"retentionDuration": {
							"count": "[variables('weeklyRetentionDurationCount')]",
							"durationType": "Weeks"
						}
					},
					"monthlySchedule": {
						"retentionScheduleFormatType": "Weekly",
						"retentionScheduleWeekly": {
							"daysOfTheWeek": "[variables('daysOfTheWeek')]",
							"weeksOfTheMonth": "[variables('weeksOfTheMonth')]"
						},
						"retentionTimes": "[variables('scheduleRunTimes')]",
						"retentionDuration": {
							"count": "[variables('monthlyRetentionDurationCount')]",
							"durationType": "Months"
						}
					},
					"yearlySchedule": {
						"retentionScheduleFormatType": "Weekly",
						"monthsOfYear": "[variables('monthsOfYear')]",
						"retentionScheduleWeekly": {
							"daysOfTheWeek": "[variables('daysOfTheWeek')]",
							"weeksOfTheMonth": "[variables('weeksOfTheMonth')]"
						},
						"retentionTimes": "[variables('scheduleRunTimes')]",
						"retentionDuration": {
							"count": "[variables('yearlyRetentionDurationCount')]",
							"durationType": "Years"
						}
					}
				},
				"timeZone": "Eastern Standard Time"
			}
		},
		{
			"apiVersion": "2016-12-01",
			"name": "[concat(parameters('vaultName'), '/', variables('PolicyName60day'))]",
			"type": "Microsoft.RecoveryServices/vaults/backupPolicies",
			"dependsOn": ["[concat('Microsoft.RecoveryServices/vaults/', parameters('vaultName'))]"],
			"location": "[resourceGroup().location]",
			"properties": {
				"backupManagementType": "AzureIaasVM",
				"schedulePolicy": {
					"schedulePolicyType": "SimpleSchedulePolicy",
					"scheduleRunFrequency": "Daily",
					"scheduleRunTimes": "[variables('scheduleRunTimes')]",
					"scheduleWeeklyFrequency": 0
				},
				"retentionPolicy": {
					"retentionPolicyType": "LongTermRetentionPolicy",
					"dailySchedule": {
						"retentionTimes": "[variables('scheduleRunTimes')]",
						"retentionDuration": {
							"count": 60,
							"durationType": "Days"
						}
					},
					"weeklySchedule": {
						"daysOfTheWeek": "[variables('daysOfTheWeek')]",
						"retentionTimes": "[variables('scheduleRunTimes')]",
						"retentionDuration": {
							"count": "[variables('weeklyRetentionDurationCount')]",
							"durationType": "Weeks"
						}
					},
					"monthlySchedule": {
						"retentionScheduleFormatType": "Weekly",
						"retentionScheduleWeekly": {
							"daysOfTheWeek": "[variables('daysOfTheWeek')]",
							"weeksOfTheMonth": "[variables('weeksOfTheMonth')]"
						},
						"retentionTimes": "[variables('scheduleRunTimes')]",
						"retentionDuration": {
							"count": "[variables('monthlyRetentionDurationCount')]",
							"durationType": "Months"
						}
					},
					"yearlySchedule": {
						"retentionScheduleFormatType": "Weekly",
						"monthsOfYear": "[variables('monthsOfYear')]",
						"retentionScheduleWeekly": {
							"daysOfTheWeek": "[variables('daysOfTheWeek')]",
							"weeksOfTheMonth": "[variables('weeksOfTheMonth')]"
						},
						"retentionTimes": "[variables('scheduleRunTimes')]",
						"retentionDuration": {
							"count": "[variables('yearlyRetentionDurationCount')]",
							"durationType": "Years"
						}
					}
				},
				"timeZone": "Eastern Standard Time"
			}
		},
		{
			"apiVersion": "2016-12-01",
			"name": "[concat(parameters('vaultName'), '/', variables('PolicyName90day'))]",
			"type": "Microsoft.RecoveryServices/vaults/backupPolicies",
			"dependsOn": ["[concat('Microsoft.RecoveryServices/vaults/', parameters('vaultName'))]"],
			"location": "[resourceGroup().location]",
			"properties": {
				"backupManagementType": "AzureIaasVM",
				"schedulePolicy": {
					"schedulePolicyType": "SimpleSchedulePolicy",
					"scheduleRunFrequency": "Daily",
					"scheduleRunTimes": "[variables('scheduleRunTimes')]",
					"scheduleWeeklyFrequency": 0
				},
				"retentionPolicy": {
					"retentionPolicyType": "LongTermRetentionPolicy",
					"dailySchedule": {
						"retentionTimes": "[variables('scheduleRunTimes')]",
						"retentionDuration": {
							"count": 90,
							"durationType": "Days"
						}
					},
					"weeklySchedule": {
						"daysOfTheWeek": "[variables('daysOfTheWeek')]",
						"retentionTimes": "[variables('scheduleRunTimes')]",
						"retentionDuration": {
							"count": "[variables('weeklyRetentionDurationCount')]",
							"durationType": "Weeks"
						}
					},
					"monthlySchedule": {
						"retentionScheduleFormatType": "Weekly",
						"retentionScheduleWeekly": {
							"daysOfTheWeek": "[variables('daysOfTheWeek')]",
							"weeksOfTheMonth": "[variables('weeksOfTheMonth')]"
						},
						"retentionTimes": "[variables('scheduleRunTimes')]",
						"retentionDuration": {
							"count": "[variables('monthlyRetentionDurationCount')]",
							"durationType": "Months"
						}
					},
					"yearlySchedule": {
						"retentionScheduleFormatType": "Weekly",
						"monthsOfYear": "[variables('monthsOfYear')]",
						"retentionScheduleWeekly": {
							"daysOfTheWeek": "[variables('daysOfTheWeek')]",
							"weeksOfTheMonth": "[variables('weeksOfTheMonth')]"
						},
						"retentionTimes": "[variables('scheduleRunTimes')]",
						"retentionDuration": {
							"count": "[variables('yearlyRetentionDurationCount')]",
							"durationType": "Years"
						}
					}
				},
				"timeZone": "Eastern Standard Time"
			}
		},
		{
			"type": "Microsoft.RecoveryServices/vaults/providers/diagnosticSettings",
			"apiVersion": "2017-05-01-preview",
			"name": "[concat(parameters('vaultName'), '/Microsoft.Insights/AzureBackupReport_LogAnalytics')]",
			"dependsOn": [
				"[concat('Microsoft.RecoveryServices/vaults/', parameters('vaultName'))]"
			],
			"properties": {
				"workspaceId": "[resourceId(parameters('LogAnalyticsResourceGroup'), 'Microsoft.Operationalinsights/workspaces', parameters('logAnalyticsWorkspaceName'))]",
				"logs": [
					{
                        "category": "CoreAzureBackup",
                        "enabled": true
                    },
                    {
                        "category": "AddonAzureBackupJobs",
                        "enabled": true
                    },
                    {
                        "category": "AddonAzureBackupAlerts",
                        "enabled": true
                    },
                    {
                        "category": "AddonAzureBackupPolicy",
                        "enabled": true
                    },
                    {
                        "category": "AddonAzureBackupStorage",
                        "enabled": true
                    },
                    {
                        "category": "AddonAzureBackupProtectedInstance",
                        "enabled": true
                    }
				],
				"logAnalyticsDestinationType": "Dedicated"
			}
		}
	],
	"outputs" :{}
}
