{
  "$schema": "https://schema.management.azure.com/schemas/2019-04-01/deploymentTemplate.json#",
  "contentVersion": "1.0.0.0",
  "parameters": {
    "vmName": {
      "type": "string",
      "maxLength": 50,
      "metadata": {
        "description": "The VM name in lower case, maximum 64-character size containing Data Center site code, Environment(bv), Resource Type(poc), Deployment(wvm) and Sequence(001), i.e. bvpoctstwvm001"
      }
    },
    "osType": {
      "type": "string",
      "metadata": {
        "description": "This is generated from makeManagedAuto based on imageOffer and OS version"
      }
    },
    "vmLocation": {
      "type": "string",
      "metadata": {
        "description": "Location or datacenter where the VM will be placed.",
        "SNC::Parameter::Metadata": {
          "referenceType": "Microsoft.Azure/region"
        }
      }
    },
    "Symantec": {
      "type": "string",
      "allowedValues": [
        "yes",
        "no"
      ],
      "defaultValue": "yes",
      "metadata": {
        "description": "Check to include Symantec CWP or not"
      }
    },
    "azureBackup": {
      "type": "string",
      "allowedValues": [
        "yes",
        "no"
      ],
      "defaultValue": "yes",
      "metadata": {
        "description": "Check to include Azure Backup or not"
      }
    },
    "omsMonitoring": {
      "type": "string",
      "allowedValues": [
        "yes",
        "no"
      ],
      "defaultValue": "yes",
      "metadata": {
        "description": "Check to include OMS monitoring or not"
      }
    },
    "diagnosticExtension": {
      "type": "string",
      "allowedValues": [
        "yes",
        "no"
      ],
      "defaultValue": "yes",
      "metadata": {
        "description": "Check to include Linux Diagnostic Extension(for memory monitoring) or not"
      }
    },
    "existingBootDiagStorageResourceGroup": {
      "type": "string",
      "defaultValue": "",
      "metadata": {
        "description": "Storage account resource group name where Linux Diagnostics will be stored"
      }
    },
    "existingBootDiagStorageName": {
      "type": "string",
      "defaultValue": "",
      "metadata": {
        "description": "Storage account name where Linux Diagnostics will be stored. It should be at the same location as the VM.",
        "SNC::Parameter::Metadata": {
          "referenceType": "Microsoft.Storage/storageAccounts"
        }
      }
    },
    "accountSasProperties": {
      "type": "object",
      "defaultValue": {
        "signedServices": "bt",
        "signedPermission": "acluw",
        "signedStart": "2019-03-01T00:00:01Z",
        "signedExpiry": "2029-03-01T00:00:01Z",
        "signedResourceTypes": "co",
        "signedProtocol": "https,http",
        "keyToSign": "key1"
      }
    },
    "workspaceId": {
      "type": "string",
      "defaultValue": "None",
      "metadata": {
        "description": "The OMS workspace Id where the OMS Agent sends log and metric data"
      }
    },
    "workspaceKey": {
      "type": "string",
      "defaultValue": "None",
      "metadata": {
        "description": "The OMS workspace key where the OMS Agent sends log and metric data"
      }
    },
    "SymantecCustomerId": {
      "type": "string",
      "defaultValue": "",
      "metadata": {
        "description": "The CustomerId for Symantec CWP extension"
      }
    },
    "SymantecDomainId": {
      "type": "string",
      "defaultValue": "",
      "metadata": {
        "description": "The DomainId for Symantec CWP extension"
      }
    },
    "SymantecCustomerSecretKey": {
      "type": "securestring",
      "defaultValue": "",
      "metadata": {
        "description": "The CustomerSecretKey for Symantec CWP extension"
      }
    },
    "existingRecoveryServicesVault": {
      "type": "string",
      "defaultValue": "none",
      "metadata": {
        "description": "Recovery services vault name where the VMs will be backed up to",
        "SNC::Parameter::Metadata": {
          "referenceType": "Microsoft.RecoveryServices/vaults"
        }
      }
    },
    "existingRecoveryServicesVaultResourceGroup": {
      "type": "string",
      "defaultValue": "none",
      "metadata": {
        "description": "Resource Group of the Existing Recovery Services Vault.",
        "SNC::Parameter::Metadata": {
          "referenceType": "Microsoft.Resources/resourceGroups"
        }
      }
    },
    "existingBackupPolicy": {
      "type": "string",
      "defaultValue": "DefaultPolicy",
      "allowedValues": [
        "DefaultPolicy",
        "DXC30day",
        "DXC60day",
        "DXC90day"
      ],
      "metadata": {
        "description": "Backup policy to be used to backup VMs. Backup Policy defines the schedule of the backup and how long to retain backup copies. By default every vault comes with a 'DefaultPolicy' which canbe used here."
      }
    },
    "existingTags": {
      "type": "object",
      "defaultValue": {
      },
      "metadata": {
        "description": "Existing tags pulled from the resource outside of deployment"
      }
    },
    "newTags": {
      "type": "object",
      "defaultValue": {
      },
      "metadata": {
        "description": "Existing tags pulled from the resource outside of deployment"    
      }
    }
  },
  "variables": {
    "SasTokenNestedTemplate": "[concat('SasTokenNestedTemplate-', parameters('vmName'))]",
    "ASRVaultBackupProtectedItem": "[concat('ASRVaultBackupProtectedItem-', parameters('vmName'))]",
    "emptysastokenoutput": "empty",
    "backupFabric": "Azure",
    "v2VmContainer": "iaasvmcontainer;iaasvmcontainerv2;",
    "v2Vm": "vm;iaasvmcontainerv2;"
  },
  "resources": [
    {
      "apiVersion": "2018-10-01",
      "type": "Microsoft.Compute/virtualMachines",
      "name": "[parameters('vmName')]",
      "location": "[parameters ('vmLocation')]",
      "tags": "[union(parameters('existingTags'),parameters('newTags'))]"
    },
    {
      "apiVersion": "2018-05-01",
      "name": "[variables('SasTokenNestedTemplate')]",
      "type": "Microsoft.Resources/deployments",
      "condition": "[equals(parameters('diagnosticExtension'),'yes')]",
      "properties": {
        "mode": "Incremental",
        "template": {
          "$schema": "https://schema.management.azure.com/schemas/2015-01-01/deploymentTemplate.json#",
          "contentVersion": "1.0.0.0",
          "parameters": {
          },
          "variables": {
          },
          "resources": [
          ],
          "outputs": {
            "storageAccountSasToken": {
              "type": "string",
              "value": "[if(equals(parameters('diagnosticExtension'),'yes'),listAccountSas(resourceId(parameters('existingBootDiagStorageResourceGroup'), 'Microsoft.Storage/storageAccounts', parameters('existingBootDiagStorageName')), '2018-07-01', parameters('accountSasProperties')).accountSasToken, variables('emptysastokenoutput'))]"
            }
          }
        }
      }
    },
    {
      "apiVersion": "2018-10-01",
      "type": "Microsoft.Compute/virtualMachines/extensions",
      "condition": "[equals(parameters('diagnosticExtension'),'yes')]",
      "name": "[concat(parameters('vmName'), '/LinuxDiagnostic')]",
      "location": "[parameters ('vmLocation')]",
      "dependsOn": [
        "[concat('Microsoft.Compute/virtualMachines/', parameters('vmName'), '/extensions/OMSAgent')]",
        "[concat('Microsoft.Compute/virtualMachines/', parameters('vmName'), '/extensions/SCWPAgentForLinux')]",
        "[concat('Microsoft.Resources/deployments/', variables('SasTokenNestedTemplate'))]"
      ],
      "properties": {
        "publisher": "Microsoft.Azure.Diagnostics",
        "type": "LinuxDiagnostic",
        "autoUpgradeMinorVersion": true,
        "typeHandlerVersion": "3.0",
        "protectedSettings": {
          "storageAccountName": "[parameters('existingBootDiagStorageName')]",
          "storageAccountSasToken": "[if(equals(parameters('diagnosticExtension'),'yes'),reference(variables('SasTokenNestedTemplate'), '2018-05-01').outputs.storageAccountSasToken.value, variables('emptysastokenoutput'))]",
          "storageAccountEndPoint": "https://core.windows.net",
          "sinksConfig": {
          }
        },
        "settings": {
          "StorageAccount": "[parameters('existingBootDiagStorageName')]",
          "ladCfg": {
            "diagnosticMonitorConfiguration": {
              "eventVolume": "Medium",
              "metrics": {
                "metricAggregation": [
                  {
                    "scheduledTransferPeriod": "PT1H"
                  },
                  {
                    "scheduledTransferPeriod": "PT1M"
                  }
                ],
                "resourceId": "[resourceId('Microsoft.Compute/virtualMachines', parameters('vmName'))]"
              },
              "performanceCounters": {
                "performanceCounterConfiguration": [
                  {
                    "annotation": [
                      {
                        "displayName": "Memory available",
                        "locale": "en-us"
                      }
                    ],
                    "class": "memory",
                    "counter": "availablememory",
                    "counterSpecifier": "/builtin/memory/availablememory",
                    "type": "builtin",
                    "unit": "Bytes"
                  },
                  {
                    "annotation": [
                      {
                        "displayName": "Swap percent used",
                        "locale": "en-us"
                      }
                    ],
                    "class": "memory",
                    "counter": "percentusedswap",
                    "counterSpecifier": "/builtin/memory/percentusedswap",
                    "type": "builtin",
                    "unit": "Percent"
                  },
                  {
                    "annotation": [
                      {
                        "displayName": "Memory used",
                        "locale": "en-us"
                      }
                    ],
                    "class": "memory",
                    "counter": "usedmemory",
                    "counterSpecifier": "/builtin/memory/usedmemory",
                    "type": "builtin",
                    "unit": "Bytes"
                  },
                  {
                    "annotation": [
                      {
                        "displayName": "Page reads",
                        "locale": "en-us"
                      }
                    ],
                    "class": "memory",
                    "counter": "pagesreadpersec",
                    "counterSpecifier": "/builtin/memory/pagesreadpersec",
                    "type": "builtin",
                    "unit": "CountPerSecond"
                  },
                  {
                    "annotation": [
                      {
                        "displayName": "Swap available",
                        "locale": "en-us"
                      }
                    ],
                    "class": "memory",
                    "counter": "availableswap",
                    "counterSpecifier": "/builtin/memory/availableswap",
                    "type": "builtin",
                    "unit": "Bytes"
                  },
                  {
                    "annotation": [
                      {
                        "displayName": "Swap percent available",
                        "locale": "en-us"
                      }
                    ],
                    "class": "memory",
                    "counter": "percentavailableswap",
                    "counterSpecifier": "/builtin/memory/percentavailableswap",
                    "type": "builtin",
                    "unit": "Percent"
                  },
                  {
                    "annotation": [
                      {
                        "displayName": "Mem. percent available",
                        "locale": "en-us"
                      }
                    ],
                    "class": "memory",
                    "counter": "percentavailablememory",
                    "counterSpecifier": "/builtin/memory/percentavailablememory",
                    "type": "builtin",
                    "unit": "Percent"
                  },
                  {
                    "annotation": [
                      {
                        "displayName": "Pages",
                        "locale": "en-us"
                      }
                    ],
                    "class": "memory",
                    "counter": "pagespersec",
                    "counterSpecifier": "/builtin/memory/pagespersec",
                    "type": "builtin",
                    "unit": "CountPerSecond"
                  },
                  {
                    "annotation": [
                      {
                        "displayName": "Swap used",
                        "locale": "en-us"
                      }
                    ],
                    "class": "memory",
                    "counter": "usedswap",
                    "counterSpecifier": "/builtin/memory/usedswap",
                    "type": "builtin",
                    "unit": "Bytes"
                  },
                  {
                    "annotation": [
                      {
                        "displayName": "Memory percentage",
                        "locale": "en-us"
                      }
                    ],
                    "class": "memory",
                    "counter": "percentusedmemory",
                    "counterSpecifier": "/builtin/memory/percentusedmemory",
                    "type": "builtin",
                    "unit": "Percent"
                  },
                  {
                    "annotation": [
                      {
                        "displayName": "Page writes",
                        "locale": "en-us"
                      }
                    ],
                    "class": "memory",
                    "counter": "pageswrittenpersec",
                    "counterSpecifier": "/builtin/memory/pageswrittenpersec",
                    "type": "builtin",
                    "unit": "CountPerSecond"
                  }
                ]
              },
              "syslogEvents": {
                "syslogEventConfiguration": {
                  "LOG_AUTH": "LOG_DEBUG",
                  "LOG_AUTHPRIV": "LOG_DEBUG",
                  "LOG_CRON": "LOG_DEBUG",
                  "LOG_DAEMON": "LOG_DEBUG",
                  "LOG_FTP": "LOG_DEBUG",
                  "LOG_KERN": "LOG_DEBUG",
                  "LOG_LOCAL0": "LOG_DEBUG",
                  "LOG_LOCAL1": "LOG_DEBUG",
                  "LOG_LOCAL2": "LOG_DEBUG",
                  "LOG_LOCAL3": "LOG_DEBUG",
                  "LOG_LOCAL4": "LOG_DEBUG",
                  "LOG_LOCAL5": "LOG_DEBUG",
                  "LOG_LOCAL6": "LOG_DEBUG",
                  "LOG_LOCAL7": "LOG_DEBUG",
                  "LOG_LPR": "LOG_DEBUG",
                  "LOG_MAIL": "LOG_DEBUG",
                  "LOG_NEWS": "LOG_DEBUG",
                  "LOG_SYSLOG": "LOG_DEBUG",
                  "LOG_USER": "LOG_DEBUG",
                  "LOG_UUCP": "LOG_DEBUG"
                }
              }
            },
            "sampleRateInSeconds": 15
          }
        }
      }
    },
    {
      "type": "Microsoft.Compute/virtualMachines/extensions",
      "condition": "[equals(parameters('omsMonitoring'),'yes')]",
      "name": "[concat(parameters('vmName'), '/OMSAgent')]",
      "apiVersion": "2018-10-01",
      "location": "[parameters ('vmLocation')]",
      "dependsOn": [
        "[concat('Microsoft.Compute/virtualMachines/', parameters('vmName'))]"
      ],
      "properties": {
        "publisher": "Microsoft.EnterpriseCloud.Monitoring",
        "type": "OmsAgentForLinux",
        "typeHandlerVersion": "1.8",
        "autoUpgradeMinorVersion": true,
        "settings": {
          "workspaceId": "[parameters('workspaceId')]"
        },
        "protectedSettings": {
          "workspaceKey": "[parameters('workspaceKey')]"
        }
      }
    },
    {
      "name": "[concat(parameters('vmName'),'/SCWPAgentForLinux')]",
      "type": "Microsoft.Compute/virtualMachines/extensions",
      "condition": "[equals(parameters('Symantec'),'yes')]",
      "location": "[parameters('vmLocation')]",
      "apiVersion": "2015-06-15",
      "dependsOn": [
        "[concat('Microsoft.Compute/virtualMachines/', parameters('vmName'))]",
        "[concat('Microsoft.Compute/virtualMachines/', parameters('vmName'), '/extensions/OMSAgent')]"
      ],
      "properties": {
        "publisher": "Symantec.CloudWorkloadProtection",
        "type": "SCWPAgentForLinux",
        "typeHandlerVersion": "3.3",
        "autoUpgradeMinorVersion": true,
        "settings": {
          "customerId": "[parameters('SymantecCustomerId')]",
          "domainId": "[parameters('SymantecDomainId')]",
          "forceReboot": "yes"
        },
        "protectedSettings": {
          "customerSecretKey": "[parameters('SymantecCustomerSecretKey')]"
        }
      }
    },
    {
      "apiVersion": "2017-05-10",
      "condition": "[equals(parameters('azureBackup'),'yes')]",
      "name": "[variables('ASRVaultBackupProtectedItem')]",
      "type": "Microsoft.Resources/deployments",
      "dependsOn": [
        "[concat('Microsoft.Compute/virtualMachines/', parameters('vmName'))]",
        "[concat('Microsoft.Compute/virtualMachines/', parameters('vmName'), '/extensions/OMSAgent')]",
        "[concat('Microsoft.Compute/virtualMachines/', parameters('vmName'), '/extensions/SCWPAgentForLinux')]",
        "[concat('Microsoft.Compute/virtualMachines/', parameters('vmName'), '/extensions/LinuxDiagnostic')]"
      ],
      "resourceGroup": "[parameters('existingRecoveryServicesVaultResourceGroup')]",
      "properties": {
        "mode": "Incremental",
        "template": {
          "$schema": "https://schema.management.azure.com/schemas/2015-01-01/deploymentTemplate.json#",
          "contentVersion": "1.0.0.0",
          "parameters": {
          },
          "variables": {
          },
          "resources": [
            {
              "apiVersion": "2016-06-01",
              "name": "[concat(parameters('existingRecoveryServicesVault'), '/', variables('backupFabric'), '/', variables('v2VmContainer'), concat(resourceGroup().name,';',parameters('vmName'), '/', variables('v2Vm'), concat(resourceGroup().name,';',parameters('vmName'))))]",
              "location": "[parameters ('vmlocation')]",
              "type": "Microsoft.RecoveryServices/vaults/backupFabrics/protectionContainers/protectedItems",
              "properties": {
                "protectedItemType": "Microsoft.Compute/virtualMachines",
                "policyId": "[resourceId('Microsoft.RecoveryServices/vaults/backupPolicies',parameters('existingRecoveryServicesVault'),parameters('existingBackupPolicy') )]",
                "sourceResourceId": "[resourceId(subscription().subscriptionId,resourceGroup().name,'Microsoft.Compute/virtualMachines',parameters('vmName'))]"
              }
            }
          ]
        }
      }
    }
  ],
  "outputs": {
  }
}
