{
  "$schema": "https://schema.management.azure.com/schemas/2015-01-01/deploymentTemplate.json#",
  "contentVersion": "1.0.0.0",
  "parameters": {
    "appInsightsName": {
      "type": "string",
      "defaultValue": "",
      "metadata": {
        "description": "Name of the Application Insights resource"
      }
    },
    "appInsightsResourceGroup": {
      "type": "string",
      "defaultValue": "",
      "metadata": {
        "description": "The Application Insights resource group"
      }
    },
    "logAnalyticsWorkspaceName": {
      "type": "string",
      "defaultValue": "",
      "metadata": {
        "description": "The Log Analytics (Azure Monitor) workspace name"
      }
    },
    "logAnalyticsWorkspaceResourceGroup": {
      "type": "string",
      "defaultValue": "",
      "metadata": {
        "description": "The Log Analytics (Azure Monitor) resource group"
      }
    },
    "disableExceptionsAlerts": {
      "type": "bool",
      "defaultValue": false,
      "allowedValues": [
        true,
        false
      ],
      "metadata": {
        "description": "Sets to true to disable exceptions alerting. Defaults to false (exceptions alerting is turned on)"
      }
    },
    "pageViewWarningThreshold": {
      "type": "string",
      "defaultValue": "0",
      "metadata": {
        "description": "Specify the threshold in milliseconds to trigger a page view duration warning. The warning is triggered when the page view duration is larger than this threshold and smaller than the critical threshold. Set to 0 to disable."
      }
    },
    "pageViewCriticalThreshold": {
      "type": "string",
      "defaultValue": "0",
      "metadata": {
        "description": "Specify the threshold in milliseconds to trigger a page view duration critical alert. The alert is trigger when the page view duration is larger than this threshold. Set to 0 to disable."
      }
    },
    "eventProcessingSchema": {
        "type":"string",
        "defaultValue": "3.0",
        "metadata": {
          "description": "Signifies to ServiceNow which iteration or version of the alerting schema this alert is."
        }
    },
    "alertVersion": {
      "type": "string",
      "defaultValue": "",
      "metadata": {
        "description": "The version of these alerts. This is prepended to the description before sending to ServiceNow for 'version tagging' purposes."
      }
    }
  },
  "variables": {
    "appInsightName": "[parameters('appInsightsName')]",
    "appInsightsRG": "[parameters('appInsightsResourceGroup')]",
    "subsId": "[subscription().subscriptionId]",
    "appInsightResourceId": "[resourceId(parameters('appInsightsResourceGroup'), 'Microsoft.Insights/components', parameters('appInsightsName'))]",
    "logAnalyticsResourceId": "[resourceId(parameters('logAnalyticsWorkspaceResourceGroup'),'Microsoft.OperationalInsights/workspaces', parameters('logAnalyticsWorkspaceName'))]",
    "alertLocation": "[resourceGroup().location]",
    "alertTag": "[concat('hidden-link:', variables('logAnalyticsResourceId'))]",
    "alertsArray": [
      {
        "alertName": "DXC-Major-Application Insights-<appInsightsResource>-Exceptions",
        "description": "Application Insights application exceptions alert. This alert is raised when the application experiences code failure (exception) that disrupts the normal flow of program execution. The Resource field shows the name of the application that caused the exception.",
        "severity": "1",
        "query": "exceptions",
        "searchCategory": "Event",
        "alertThresholdValue": 0,
        "operator": "GreaterThan",
        "alertThrottleInMinutes": 0,
        "scheduleIntervalInMinutes": 5,
        "scheduleQueryTimeSpan": 10,
        "eventType": "Exception",
        "eventResource": "strcat('Application - ', cloud_RoleName)",
        "actionGroupName": "DXC-AG-Major",
        "customTrigger": "",
        "ruleEnabled": "[not(parameters('disableExceptionsAlerts'))]"
      },
      {
        "alertName": "DXC-Minor-Application Insights-<appInsightsResource>-PageViews",
        "description": "Application Insights web site page views warning. This triggers when the duration is greater than pageViewWarningThreshold and smaller than defined pageViewCriticalThreshold (both in milliseconds). If pageViewCriticalThreshold is not defined then trigger when duration is greater than pageViewWarningThreshold.  Set as 0 to disable this alert. The Resource field shows the name of the application that caused the warning.",
        "severity": "2",
        "query": "pageViews",
        "searchCategory": "Event",
        "alertThresholdValue": 0,
        "operator": "GreaterThan",
        "alertThrottleInMinutes": 0,
        "scheduleIntervalInMinutes": 5,
        "scheduleQueryTimeSpan": 10,
        "eventType": "Performance",
        "eventResource": "strcat('Application - ', cloud_RoleName)",
        "actionGroupName": "DXC-AG-Minor",
        "customTrigger": "[concat('| where duration > ', parameters('pageViewWarningThreshold'), if(equals(parameters('pageViewCriticalThreshold'),'0'),' ', concat(' and duration < ', parameters('pageViewCriticalThreshold') ) ))]",
        "ruleEnabled": "[not(equals(parameters('pageViewWarningThreshold'),'0'))]"
      },
      {
        "alertName": "DXC-Major-Application Insights-<appInsightsResource>-PageViews",
        "description": "Application Insights web site page views critical alert. This triggers when the duration is greater than pageViewCriticalThreshold in milliseconds. Set as 0 to disable this alert. The Resource field shows the name of the application that caused the warning.",
        "severity": "1",
        "query": "pageViews",
        "searchCategory": "Event",
        "alertThresholdValue": 0,
        "operator": "GreaterThan",
        "alertThrottleInMinutes": 0,
        "scheduleIntervalInMinutes": 5,
        "scheduleQueryTimeSpan": 10,
        "eventType": "Performance",
        "eventResource": "strcat('Application - ', cloud_RoleName)",
        "actionGroupName": "DXC-AG-Major",
        "customTrigger": "[concat('| where duration >= ', parameters('pageViewCriticalThreshold'))]",
        "ruleEnabled": "[not(equals(parameters('pageViewCriticalThreshold'),'0'))]"
      }
    ]
  },
  "resources": [
    {
      "comments": "Traverse the alertsArray variable to create the rules conditional on the member property ruleEnabled. Each alert member of the alertsArray must include the variable ruleEnabled",
      "condition": "[variables('alertsArray')[copyIndex()].ruleEnabled]",
      "type": "Microsoft.Insights/scheduledQueryRules",
      "apiVersion": "2018-04-16",
      "location": "[variables('alertLocation')]",
      "tags": { "[variables('alertTag')]": "Resource" },
      "dependsOn": [],
      "copy": {
        "name": "queryrules",
        "count": "[length(variables('alertsArray'))]"
      },
      "name": "[replace(variables('alertsArray')[copyIndex()].alertName, '<appInsightsResource>', variables('appInsightName'))]",
      "properties": {
        "description": "[concat('Version:', parameters('alertVersion'), ' ', variables('alertsArray')[copyIndex()].description)]",
        "enabled": "true",
        "source": {
          "query": "[concat('app(', '''', variables('appInsightResourceId'), '''', ').', variables('alertsArray')[copyIndex()].query,variables('alertsArray')[copyIndex()].customTrigger,' | extend SubscriptionId=', '''', variables('subsId'), '''', ', Resource=appName, ResourceId=', '''', variables('appInsightResourceId'), '''',', eventType=', '''', variables('alertsArray')[copyIndex()].eventType, '''',', eventResource=', variables('alertsArray')[copyIndex()].eventResource, ', eventFormat=', '''', variables('alertsArray')[copyIndex()].searchCategory, '''',', eventProcessingSchema=', '''', parameters('eventProcessingSchema'),'''')]",
          "dataSourceId": "[variables('logAnalyticsResourceId')]",
          "authorizedResources": "[concat(array(variables('logAnalyticsResourceId')), array(variables('appInsightResourceId')))]",
          "queryType": "ResultCount"
        },
        "schedule": {
          "frequencyInMinutes": "[variables('alertsArray')[copyIndex()].scheduleIntervalInMinutes]",
          "timeWindowInMinutes": "[variables('alertsArray')[copyIndex()].scheduleQueryTimeSpan]"
        },
        "action": {
          "odata.type": "Microsoft.WindowsAzure.Management.Monitoring.Alerts.Models.Microsoft.AppInsights.Nexus.DataContracts.Resources.ScheduledQueryRules.AlertingAction",
          "severity": "[variables('alertsArray')[copyIndex()].severity]",
          "throttlingInMin": "[variables('alertsArray')[copyIndex()].alertThrottleInMinutes]",
          "aznsAction": {
            "actionGroup": "[array(resourceId('Microsoft.Insights/actionGroups', variables('alertsArray')[copyIndex()].actionGroupName))]"
          },
          "trigger": {
            "thresholdOperator": "[variables('alertsArray')[copyIndex()].Operator]",
            "threshold": "[variables('alertsArray')[copyIndex()].alertThresholdValue]"
          }
        }
      }
    }
  ]
}