{
  "$schema": "https://schema.management.azure.com/schemas/2015-01-01/deploymentTemplate.json#",
  "contentVersion": "1.0.0.0",
  "parameters": {
    "appInsightsName": {
      "type": "string",
      "defaultValue": "",
      "metadata": {
        "description": "Name of the Application Insights resource"
      }
    },
    "appInsightsResourceGroup": {
      "type": "string",
      "defaultValue": "",
      "metadata": {
        "description": "The Application Insights resource group"
      }
    },
    "logAnalyticsWorkspaceName": {
      "type": "string",
      "defaultValue": "",
      "metadata": {
        "description": "The Log Analytics (Azure Monitor) workspace name"
      }
    },
    "logAnalyticsWorkspaceResourceGroup": {
      "type": "string",
      "defaultValue": "",
      "metadata": {
        "description": "The Log Analytics (Azure Monitor) resource group"
      }
    },
    "testName": {
      "type": "string",
      "defaultValue": "",
      "metadata": {
        "description": "Name of this availability test. The name of the test should be unique within your subscription as ServiceNow uses this name to send incidents to appropriate support groups."
      }
    },
    "failedPercentWarningThreshold": {
      "type": "int",
      "defaultValue": 50.0,
      "metadata": {
        "description": "What is the ratio (in percentage) of failed requests versus total requests before a warning is raised. Default is 50 for 50%."
      }
    },
    "failedPercentCriticalThreshold": {
      "type": "int",
      "defaultValue": 100.0,
      "metadata": {
        "description": "What is the ratio (in percentage) of failed requests versus total requests before a critical is raised. Do not set this value too low which would raise too many false alerts. Default is 100 for 100%."
      }
    },
    "eventProcessingSchema": {
        "type":"string",
        "defaultValue": "3.0",
        "metadata": {
          "description": "Signifies to ServiceNow which iteration or version of the alerting schema this alert is."
        }
    },
    "alertVersion": {
      "type": "string",
      "defaultValue": "",
      "metadata": {
        "description": "The version of these alerts. This is prepended to the description before sending to ServiceNow for 'version tagging' purposes."
      }
    }
  },
  "variables": {
    "appInsightName": "[parameters('appInsightsName')]",
    "appInsightsRG": "[parameters('appInsightsResourceGroup')]",
    "subsId": "[subscription().subscriptionId]",
    "appInsightResourceId": "[resourceId(parameters('appInsightsResourceGroup'), 'Microsoft.Insights/components', parameters('appInsightsName'))]",
    "logAnalyticsResourceId": "[resourceId(parameters('logAnalyticsWorkspaceResourceGroup'),'Microsoft.OperationalInsights/workspaces', parameters('logAnalyticsWorkspaceName'))]",
    "alertLocation": "[resourceGroup().location]",
    "availApp": "[concat('app(\"', variables('appInsightResourceId'), '\").availabilityResults | where name == \"', parameters('testName'), '\"')]",
    "availFailureFilter": "where success == \"0\"",
    "availFailureCount": "summarize failuresCount = count() by appName, name, message ",
    "availResourceId": "[concat('ResourceId=\"', variables('appInsightResourceId'),'\"')]",
    "schemaVersion":"[concat('eventProcessingSchema=\"', parameters('eventProcessingSchema'), '\"')]",
    "availExtend": "[concat('extend SubscriptionId =\"', variables('subsId'), '\", Resource = appName,', variables('availResourceId'),', eventType=\"Availability\", eventResource=strcat(\"Application - \", name), eventFormat=\"Event\"')]",
    "availExtendSchema":"[concat(variables('availExtend'), ',', variables('schemaVersion'))]",
    "availTotalCount": "summarize totalCount = count(itemCount)",
    "availQuery": "[concat(variables('availApp'), '|', variables('availFailureFilter'), '|', variables('availFailureCount'),'|', variables('availExtendSchema'), ' | join(', variables('availApp'), '|', variables('availTotalCount'), '|extend ', variables('availResourceId'),') on ResourceId')]",
    "availProject": "project appName, name, message, SubscriptionId, Resource, ResourceId, eventType, eventResource, eventFormat, eventProcessingSchema, percentFailed = 100.0 * failuresCount / totalCount ",
    "alertTag": "[concat('hidden-link:', variables('logAnalyticsResourceId'))]",
    "alertsArray": [
      {
        "alertName": "[concat('DXC-Minor-Application Insights-',variables('appInsightName'),'--',parameters('testName'),'--availability')]",
        "description": "Application Insights availability monitoring warning. This triggers when the percentage of failed tests vs total tests is equal or greater than the warning threshold and smaller than the critical threshold. The 'message:' field provides information on what caused the failure.",
        "severity": "2",
        "searchCategory": "Event",
        "alertThresholdValue": 0,
        "operator": "GreaterThan",
        "alertThrottleInMinutes": 0,
        "scheduleIntervalInMinutes": 5,
        "scheduleQueryTimeSpan": 10,
        "eventType": "Availability",
        "eventResource": "strcat('Application - ', name)",
        "actionGroupName": "DXC-AG-Minor",
        "customTrigger": "[concat('where percentFailed > ', parameters('failedPercentWarningThreshold'), if(equals(parameters('failedPercentCriticalThreshold'),0),' ', concat(' and percentFailed < ', parameters('failedPercentCriticalThreshold') ) ))]",
        "ruleEnabled": "[not(equals(parameters('failedPercentWarningThreshold'),0))]"
      },
      {
        "alertName": "[concat('DXC-Major-Application Insights-',variables('appInsightName'),'--',parameters('testName'),'--availability')]",
        "description": "Application Insights availability monitoring critical failure. This triggers when the percentage of failed tests vs total tests is equal or greater than the critical threshold. The 'message:' field provides information on what caused the failure.",
        "severity": "1",
        "searchCategory": "Event",
        "alertThresholdValue": 0,
        "operator": "GreaterThan",
        "alertThrottleInMinutes": 0,
        "scheduleIntervalInMinutes": 5,
        "scheduleQueryTimeSpan": 10,
        "eventType": "Availability",
        "eventResource": "strcat('Application - ', name)",
        "actionGroupName": "DXC-AG-Major",
        "customTrigger": "[concat('where percentFailed >= ', parameters('failedPercentCriticalThreshold'))]",
        "ruleEnabled": "[not(equals(parameters('failedPercentCriticalThreshold'),0))]"
      }
    ]
  },
  "resources": [
    {
      "comments": "Traverse the alertsArray variable to create the rules conditional on the member property ruleEnabled. Each alert member of the alertsArray must include the variable ruleEnabled",
      "condition": "[variables('alertsArray')[copyIndex()].ruleEnabled]",
      "type": "Microsoft.Insights/scheduledQueryRules",
      "apiVersion": "2018-04-16",
      "location": "[variables('alertLocation')]",
      "tags": { "[variables('alertTag')]": "Resource" },
      "dependsOn": [],
      "copy": {
        "name": "queryrules",
        "count": "[length(variables('alertsArray'))]"
      },
      "name": "[variables('alertsArray')[copyIndex()].alertName]",
      "properties": {
        "description": "[concat('Version:', parameters('alertVersion'), ' ', variables('alertsArray')[copyIndex()].description)]",
        "enabled": "true",
        "source": {
          "query": "[concat(variables('availQuery'), '|', variables('availProject'), '|', variables('alertsArray')[copyIndex()].customTrigger)]",
          "dataSourceId": "[variables('logAnalyticsResourceId')]",
          "authorizedResources": "[concat(array(variables('logAnalyticsResourceId')), array(variables('appInsightResourceId')))]",
          "queryType": "ResultCount"
        },
        "schedule": {
          "frequencyInMinutes": "[variables('alertsArray')[copyIndex()].scheduleIntervalInMinutes]",
          "timeWindowInMinutes": "[variables('alertsArray')[copyIndex()].scheduleQueryTimeSpan]"
        },
        "action": {
          "odata.type": "Microsoft.WindowsAzure.Management.Monitoring.Alerts.Models.Microsoft.AppInsights.Nexus.DataContracts.Resources.ScheduledQueryRules.AlertingAction",
          "severity": "[variables('alertsArray')[copyIndex()].severity]",
          "throttlingInMin": "[variables('alertsArray')[copyIndex()].alertThrottleInMinutes]",
          "aznsAction": {
            "actionGroup": "[array(resourceId(parameters('logAnalyticsWorkspaceResourceGroup'),'Microsoft.Insights/actionGroups', variables('alertsArray')[copyIndex()].actionGroupName))]"
          },
          "trigger": {
            "thresholdOperator": "[variables('alertsArray')[copyIndex()].Operator]",
            "threshold": "[variables('alertsArray')[copyIndex()].alertThresholdValue]"
          }
        }
      }
    }
  ]
}