{
  "$schema": "https://schema.management.azure.com/schemas/2015-01-01/deploymentTemplate.json#",
  "contentVersion": "1.0.0.0",
  "parameters": {
    "appInsightsName": {
      "type": "string",
      "defaultValue": "",
      "metadata": {
        "description": "Name of the Application Insights resource"
      }
    },
    "appInsightsResourceGroup": {
      "type": "string",
      "defaultValue": "",
      "metadata": {
        "description": "The Application Insights resource group"
      }
    },
    "logAnalyticsWorkspaceName": {
      "type": "string",
      "defaultValue": "",
      "metadata": {
        "description": "The Log Analytics (Azure Monitor) workspace name"
      }
    },
    "logAnalyticsWorkspaceResourceGroup": {
      "type": "string",
      "defaultValue": "",
      "metadata": {
        "description": "The Log Analytics (Azure Monitor) resource group"
      }
    },
    "metricName": {
      "type": "string",
      "defaultValue": "",
      "metadata": {
        "description": "Name of the custom metric."
      }
    },
    "warningThreshold": {
      "type": "string",
      "defaultValue": "0",
      "metadata": {
        "description": "Lower threshold of warning alert. This triggers when the metric is larger than the warning threshold and smaller than the critical threshold. If critical threshold is 0 then trigger when metric is greater than warning threshold. Set to 0 to disable this alert "
      }
    },
    "criticalThreshold": {
      "type": "string",
      "defaultValue": "0",
      "metadata": {
        "description": "Critical threshold. This triggers when the metric is larger than or equal to the critical threshold . Set to 0 to disable this alert "
      }
    },
    "eventProcessingSchema": {
        "type":"string",
        "defaultValue": "3.0",
        "metadata": {
          "description": "Signifies to ServiceNow which iteration or version of the alerting schema this alert is."
        }
    },
    "alertVersion": {
      "type": "string",
      "defaultValue": "",
      "metadata": {
        "description": "The version of these alerts. This is prepended to the description before sending to ServiceNow for 'version tagging' purposes."
      }
    }
  },
  "variables": {
    "appInsightName": "[parameters('appInsightsName')]",
    "appInsightsRG": "[parameters('appInsightsResourceGroup')]",
    "subsId": "[subscription().subscriptionId]",
    "appInsightResourceId": "[resourceId(parameters('appInsightsResourceGroup'), 'Microsoft.Insights/components', parameters('appInsightsName'))]",
    "logAnalyticsResourceId": "[resourceId(parameters('logAnalyticsWorkspaceResourceGroup'),'Microsoft.OperationalInsights/workspaces', parameters('logAnalyticsWorkspaceName'))]",
    "alertLocation": "[resourceGroup().location]",
    "alertTag": "[concat('hidden-link:', variables('logAnalyticsResourceId'))]",
    "warningActionGroupResourceId": "[resourceId(parameters('logAnalyticsWorkspaceResourceGroup'),'Microsoft.Insights/actionGroups','DXC-AG-Minor')]",
    "criticalActionGroupResourceId": "[resourceId(parameters('logAnalyticsWorkspaceResourceGroup'),'Microsoft.Insights/actionGroups','DXC-AG-Minor')]",
    "alertsArray": [
      {
        "alertName": "[concat('DXC-Minor-Application Insights-',variables('appInsightName'),'--',parameters('metricName'),'--customMetrics')]",
        "description": "Application Insights custom metrics warning. This triggers when the metric is larger than the warning threshold and smaller than the critical threshold. If critical threshold is 0 then trigger when metric is greater than warning threshold. Set to 0 to disable this alert",
        "severity": 2,
        "query": "customMetrics",
        "searchCategory": "Event",
        "alertThresholdValue": 0,
        "operator": "GreaterThan",
        "alertThrottleInMinutes": 0,
        "scheduleIntervalInMinutes": 5,
        "scheduleQueryTimeSpan": 10,
        "eventType": "Custom Metric",
        "eventResource": "strcat('Application - ', cloud_RoleName)",
        "actionGroupName": "DXC-AG-Minor",
        "customTrigger": "[concat(' | where name==', '''', parameters('metricName'), '''', ' and value > ', parameters('warningThreshold'), if(equals(parameters('criticalThreshold'),'0'),' ', concat(' and value < ', parameters('criticalThreshold') ) ))]",
        "ruleEnabled": "[not(equals(parameters('warningThreshold'),'0'))]"
      },
      {
        "alertName": "[concat('DXC-Major-Application Insights-',variables('appInsightName'),'--',parameters('metricName'),'--customMetrics')]",
        "description": "Application Insights custom metrics critical. This triggers when the metric is larger than the critical threshold. Set to 0 to disable this alert",
        "severity": 1,
        "query": "customMetrics",
        "searchCategory": "Event",
        "alertThresholdValue": 0,
        "operator": "GreaterThan",
        "alertThrottleInMinutes": 0,
        "scheduleIntervalInMinutes": 5,
        "scheduleQueryTimeSpan": 10,
        "eventType": "Custom Metric",
        "eventResource": "strcat('Application - ', cloud_RoleName)",
        "actionGroupName": "DXC-AG-Major",
        "customTrigger": "[concat('| where name==', '''', parameters('metricName'), '''',  ' and value >= ', parameters('criticalThreshold'))]",
        "ruleEnabled": "[not(equals(parameters('criticalThreshold'),'0'))]"
      }
    ]
  },
  "resources": [
    {
      "comments": "Traverse the alertsArray variable to create the rules conditional on the member property ruleEnabled. Each alert member of the alertsArray must include the variable ruleEnabled",
      "condition": "[variables('alertsArray')[copyIndex()].ruleEnabled]",
      "type": "Microsoft.Insights/scheduledQueryRules",
      "apiVersion": "2018-04-16",
      "location": "[variables('alertLocation')]",
      "tags": { "[variables('alertTag')]": "Resource" },
      "dependsOn": [],
      "copy": {
        "name": "queryrules",
        "count": "[length(variables('alertsArray'))]"
      },
      "name": "[variables('alertsArray')[copyIndex()].alertName]",
      "properties": {
        "description": "[concat('Version:', parameters('alertVersion'), ' ', variables('alertsArray')[copyIndex()].description)]",
        "enabled": "true",
        "source": {
          "query": "[concat('app(', '''', variables('appInsightResourceId'), '''', ').', variables('alertsArray')[copyIndex()].query,variables('alertsArray')[copyIndex()].customTrigger,' | extend SubscriptionId=', '''', variables('subsId'), '''', ', Resource=appName, ResourceId=', '''', variables('appInsightResourceId'), '''',', eventType=', '''', variables('alertsArray')[copyIndex()].eventType, '''',', eventResource=', variables('alertsArray')[copyIndex()].eventResource, ', eventFormat=', '''', variables('alertsArray')[copyIndex()].searchCategory, '''',', eventProcessingSchema=', '''', parameters('eventProcessingSchema'),'''')]",
          "dataSourceId": "[variables('logAnalyticsResourceId')]",
          "authorizedResources": "[concat(array(variables('logAnalyticsResourceId')), array(variables('appInsightResourceId')))]",
          "queryType": "ResultCount"
        },
        "schedule": {
          "frequencyInMinutes": "[variables('alertsArray')[copyIndex()].scheduleIntervalInMinutes]",
          "timeWindowInMinutes": "[variables('alertsArray')[copyIndex()].scheduleQueryTimeSpan]"
        },
        "action": {
          "odata.type": "Microsoft.WindowsAzure.Management.Monitoring.Alerts.Models.Microsoft.AppInsights.Nexus.DataContracts.Resources.ScheduledQueryRules.AlertingAction",
          "severity": "[variables('alertsArray')[copyIndex()].severity]",
          "throttlingInMin": "[variables('alertsArray')[copyIndex()].alertThrottleInMinutes]",
          "aznsAction": {
            "actionGroup": "[array(resourceId(parameters('logAnalyticsWorkspaceResourceGroup'),'Microsoft.Insights/actionGroups', variables('alertsArray')[copyIndex()].actionGroupName))]"
          },
          "trigger": {
            "thresholdOperator": "[variables('alertsArray')[copyIndex()].Operator]",
            "threshold": "[variables('alertsArray')[copyIndex()].alertThresholdValue]"
          }
        }
      }
    }
  ]
}