{
  "$schema": "https://schema.management.azure.com/schemas/2015-01-01/deploymentTemplate.json#",
  "contentVersion": "1.0.0.0",
  "parameters": {
    "appInsightsName": {
      "type": "string",
      "defaultValue": "",
      "metadata": {
        "description": "Name of the Application Insights resource"
      }
    },
    "appInsightsResourceGroup": {
      "type": "string",
      "defaultValue": "",
      "metadata": {
        "description": "The Application Insights resource group"
      }
    },
    "logAnalyticsWorkspaceName": {
      "type": "string",
      "defaultValue": "",
      "metadata": {
        "description": "The Log Analytics (Azure Monitor) workspace name"
      }
    },
    "logAnalyticsWorkspaceResourceGroup": {
      "type": "string",
      "defaultValue": "",
      "metadata": {
        "description": "The Log Analytics (Azure Monitor) resource group"
      }
    },
    "performanceCountersName": {
      "type": "string",
      "defaultValue": "",
      "metadata": {
        "description": "Name of the performance counters. Refer to https://docs.microsoft.com/en-us/azure/azure-monitor/app/performance-counters for the names of the counters"
      }
    },
    "performanceCountersValidName": {
      "type": "string",
      "metadata": {
        "description": "Name of the performance counters with 'illegal' characters removed. Refer to https://docs.microsoft.com/en-us/azure/azure-monitor/app/performance-counters for the names of the counters"
      }
    },
    "warningThreshold": {
      "type": "string",
      "defaultValue": "",
      "metadata": {
        "description": "Lower threshold of warning alert. This triggers when the performance counter value is larger than the warning threshold and smaller than the critical threshold. If critical threshold is 0 then trigger when the value is greater than warning threshold. Set to 0 to disable this alert "
      }
    },
    "criticalThreshold": {
      "type": "string",
      "defaultValue": "",
      "metadata": {
        "description": "Critical threshold. This triggers when the performance counter value is larger than or equal to the critical threshold . Set to 0 to disable this alert "
      }
    },
    "comparator":{
      "type": "string",
      "defaultValue": "GreaterThan",
      "allowedValues": [
        "GreaterThan",
        "LessThan"
      ],
      "metadata": {
        "description": "Comparator operation of metric value against warning and critical thresholds. Defaults to GreaterThan."
      }
    },
    "eventProcessingSchema": {
        "type":"string",
        "defaultValue": "3.0",
        "metadata": {
          "description": "Signifies to ServiceNow which iteration or version of the alerting schema this alert is."
        }
    },
    "alertVersion": {
      "type": "string",
      "defaultValue": "",
      "metadata": {
        "description": "The version of these alerts. This is prepended to the description before sending to ServiceNow for 'version tagging' purposes."
      }
    }
  },
  "variables": {

    "comment1":"need to replace the name with a name that is acceptable by Azure. this needs to be done because the name of the counter may have illegal character such as % , etc.. NOTE this is done by the appInsights.ps1 so that logic is kept at one place for consistency. appInsights.ps1 needs to valid name so it can delete unwanted alert rules",
    "appInsightName": "[parameters('appInsightsName')]",
    "subsId": "[subscription().subscriptionId]",
    "appInsightResourceId": "[resourceId(parameters('appInsightsResourceGroup'), 'Microsoft.Insights/components', parameters('appInsightsName'))]",
    "logAnalyticsResourceId": "[resourceId(parameters('logAnalyticsWorkspaceResourceGroup'),'Microsoft.OperationalInsights/workspaces', parameters('logAnalyticsWorkspaceName'))]",
    "alertLocation": "[resourceGroup().location]",
    "alertTag": "[concat('hidden-link:', variables('logAnalyticsResourceId'))]",
    "comment2": "define the range for warning for GreaterThan and LessThan comparators",
    "greaterThanComparatorWarningRange": "[concat(' value > ', parameters('warningThreshold'), if(equals(parameters('criticalThreshold'),'0'),' ', concat(' and value < ', parameters('criticalThreshold') ) ))]",
    "lessThanComparatorWarningRange": "[concat(' value < ', parameters('warningThreshold'), if(equals(parameters('criticalThreshold'),'0'),' ', concat(' and value > ', parameters('criticalThreshold') ) ))]",
    "comment3":"determine which range to use",
    "warningRange":"[if(equals(parameters('comparator'),'GreaterThan'), variables('greaterThanComparatorWarningRange'), variables('lessThanComparatorWarningRange'))]",
    "criticalRange":"[if(equals(parameters('comparator'),'GreaterThan'), concat(' value >= ', parameters('criticalThreshold')), concat(' value <= ', parameters('criticalThreshold')) )]",

    "alertsArray": [
      {
        "alertName": "[concat('DXC-Minor-Application Insights-',variables('appInsightName'),'--',parameters('performanceCountersValidName'),'--performanceCounters')]",
        "description": "Application Insights performance counters warning. This triggers when the performance counter value is larger than the warning threshold and smaller than the critical threshold. If critical threshold is 0 then trigger when counter value is greater than warning threshold. Set to 0 to disable this alert",
        "severity": 2,
        "query": "performanceCounters",
        "searchCategory": "Event",
        "alertThresholdValue": 0,
        "operator": "GreaterThan",
        "alertThrottleInMinutes": 0,
        "scheduleIntervalInMinutes": 5,
        "scheduleQueryTimeSpan": 10,
        "eventType": "Performance",
        "eventResource": "strcat('Application - ', cloud_RoleName)",
        "actionGroupName": "DXC-AG-Minor",
        "customTrigger": "[concat(' | where name==', '''', parameters('performanceCountersName'), '''', ' and ', variables('warningRange'))]",
        "ruleEnabled": "[not(empty(parameters('warningThreshold')))]"
      },
      {
        "alertName": "[concat('DXC-Major-Application Insights-',variables('appInsightName'),'--',parameters('performanceCountersValidName'),'--performanceCounters')]",
        "description": "Application Insights performance counter critical. This triggers when the counter value is larger than the critical threshold. Set to 0 to disable this alert",
        "severity": 1,
        "query": "performanceCounters",
        "searchCategory": "Event",
        "alertThresholdValue": 0,
        "operator": "GreaterThan",
        "alertThrottleInMinutes": 0,
        "scheduleIntervalInMinutes": 5,
        "scheduleQueryTimeSpan": 10,
        "eventType": "Performance",
        "eventResource": "strcat('Application - ', cloud_RoleName)",
        "actionGroupName": "DXC-AG-Major",
        "customTrigger": "[concat('| where name==', '''', parameters('performanceCountersName'), '''',  ' and ', variables('criticalRange'))]",
        "ruleEnabled": "[not(empty(parameters('criticalThreshold')))]"
      }
    ]
  },
  "resources": [
    {
      "comments": "Traverse the alertsArray variable to create the rules conditional on the member property ruleEnabled. Each alert member of the alertsArray must include the variable ruleEnabled",
      "condition": "[variables('alertsArray')[copyIndex()].ruleEnabled]",
      "type": "Microsoft.Insights/scheduledQueryRules",
      "apiVersion": "2018-04-16",
      "location": "[variables('alertLocation')]",
      "tags": { "[variables('alertTag')]": "Resource" },
      "dependsOn": [],
      "copy": {
        "name": "queryrules",
        "count": "[length(variables('alertsArray'))]"
      },
      "name": "[variables('alertsArray')[copyIndex()].alertName]",
      "properties": {
        "description": "[concat('Version:', parameters('alertVersion'), ' ', variables('alertsArray')[copyIndex()].description)]",
        "enabled": "true",
        "source": {
          "query": "[concat('app(', '''', variables('appInsightResourceId'), '''', ').', variables('alertsArray')[copyIndex()].query,variables('alertsArray')[copyIndex()].customTrigger,' | extend SubscriptionId=', '''', variables('subsId'), '''', ', Resource=appName, ResourceId=', '''', variables('appInsightResourceId'), '''',', eventType=', '''', variables('alertsArray')[copyIndex()].eventType, '''',', eventResource=', variables('alertsArray')[copyIndex()].eventResource, ', eventFormat=', '''', variables('alertsArray')[copyIndex()].searchCategory, '''',', eventProcessingSchema=', '''', parameters('eventProcessingSchema'),'''')]",
          "dataSourceId": "[variables('logAnalyticsResourceId')]",
          "authorizedResources": "[concat(array(variables('logAnalyticsResourceId')), array(variables('appInsightResourceId')))]",
          "queryType": "ResultCount"
        },
        "schedule": {
          "frequencyInMinutes": "[variables('alertsArray')[copyIndex()].scheduleIntervalInMinutes]",
          "timeWindowInMinutes": "[variables('alertsArray')[copyIndex()].scheduleQueryTimeSpan]"
        },
        "action": {
          "odata.type": "Microsoft.WindowsAzure.Management.Monitoring.Alerts.Models.Microsoft.AppInsights.Nexus.DataContracts.Resources.ScheduledQueryRules.AlertingAction",
          "severity": "[variables('alertsArray')[copyIndex()].severity]",
          "throttlingInMin": "[variables('alertsArray')[copyIndex()].alertThrottleInMinutes]",
          "aznsAction": {
            "actionGroup": "[array(resourceId(parameters('logAnalyticsWorkspaceResourceGroup'),'Microsoft.Insights/actionGroups', variables('alertsArray')[copyIndex()].actionGroupName))]"
          },
          "trigger": {
            "thresholdOperator": "[variables('alertsArray')[copyIndex()].Operator]",
            "threshold": "[variables('alertsArray')[copyIndex()].alertThresholdValue]"
          }
        }
      }
    }
  ]
}