{
  "$schema": "https://schema.management.azure.com/schemas/2015-01-01/deploymentTemplate.json#",
  "contentVersion": "1.0.0.0",
  "parameters": {
    "vmName": {
      "type": "string",
      "maxLength": 15,
      "metadata": {
        "description": "The VM name in lower case, maximum 15-character size containing Data Center site code, Environment(bv), Resource Type(poc), Deployment(wvm) and Sequence(001), i.e. bvpoctstwvm001"
      }
    },
    "vmLocation": {
      "type": "string",
      "metadata": {
        "description": "Location or datacenter where the VM will be placed.",
        "SNC::Parameter::Metadata": {
          "referenceType": "Microsoft.Azure/region"
        }
      }
    },
    "crowdStrike": {
      "type": "string",
      "allowedValues": [
        "yes",
        "no"
      ],
      "metadata": {
        "description": "Check to include CrowdStrike or not"
      }
    },
    "azureBackup": {
      "type": "string",
      "allowedValues": [
        "yes",
        "no"
      ],
      "metadata": {
        "description": "Check to include Azure Backup or not"
      }
    },
    "omsMonitoring": {
      "type": "string",
      "allowedValues": [
        "yes",
        "no"
      ],
      "metadata": {
        "description": "Check to include OMS monitoring or not"
      }
    },
    "diagnosticExtension": {
      "type": "string",
      "allowedValues": [
        "yes",
        "no"
      ],
      "metadata": {
        "description": "Check to include AzureDiagnosticExtension or not"
      }
    },
    "workspaceId": {
      "type": "string",
      "metadata": {
        "description": "The OMS workspace Id where the OMS Agent sends log and metric data"
      }
    },
    "workspaceKey": {
      "type": "string",
      "metadata": {
        "description": "The OMS workspace key where the OMS Agent sends log and metric data"
      }
    },
    "csCID": {
      "type": "string",
      "defaultValue": "None",
      "metadata": {
        "description": "Client ID with checksum for Falcon CrowdStrike"
      }
    },
    "csUninstallPW": {
      "type": "securestring",
      "metadata": {
        "description": "password from dxc-maint-rg keyvault to prevent uninstall of Crowdstrike"
      }
    },
    "existingRecoveryServicesVault": {
      "type": "string",
      "metadata": {
        "description": "Recovery services vault name where the VMs will be backed up to",
        "SNC::Parameter::Metadata": {
          "referenceType": "Microsoft.RecoveryServices/vaults"
        }
      }
    },
    "existingRecoveryServicesVaultResourceGroup": {
      "type": "string",
      "defaultValue": "none",
      "metadata": {
        "description": "Resource Group of the Existing Recovery Services Vault.",
        "SNC::Parameter::Metadata": {
          "referenceType": "Microsoft.Resources/resourceGroups"
        }
      }
    },
    "existingBootDiagStorageResourceGroup": {
      "type": "string",
      "defaultValue": "",
      "metadata": {
        "description": "Storage account resource group name where boot diagnistics will be stored"
      }
    },
    "existingBootDiagStorageName": {
      "type": "string",
      "defaultValue": "",
      "metadata": {
        "description": "Storage account name where boot diagnistics will be stored. It should be at the same location as the VM.",
        "SNC::Parameter::Metadata": {
          "referenceType": "Microsoft.Storage/storageAccounts"
        }
      }
    },
    "existingBackupPolicy": {
      "type": "string",
      "defaultValue": "DefaultPolicy",
      "allowedValues": [
        "DefaultPolicy",
        "DXC30day",
        "DXC60day",
        "DXC90day"
      ],
      "metadata": {
        "description": "Backup policy to be used to backup VMs. Backup Policy defines the schedule of the backup and how long to retain backup copies. By default every vault comes with a 'DefaultPolicy' which canbe used here."
      }
    },
    "existingTags": {
      "type": "object",
      "defaultValue": {
      },
      "metadata": {
        "description": "Existing tags pulled from the resource outside of deployment"
      }
    },
    "newTags": {
      "type": "object",
      "defaultValue": {
      },
      "metadata": {
        "description": "Existing tags pulled from the resource outside of deployment"    
      }
    }
  },
  "variables": {
    "ASRVaultBackupProtectedItem": "[concat('ASRVaultBackupProtectedItem-', parameters('vmName'))]",
    "wadperfcounters": "<WadCfg> <DiagnosticMonitorConfiguration overallQuotaInMB=\"4096\" xmlns=\"http://schemas.microsoft.com/ServiceHosting/2010/10/DiagnosticsConfiguration\"><PerformanceCounters scheduledTransferPeriod=\"PT1M\"><PerformanceCounterConfiguration counterSpecifier=\"\\Memory\\% Committed Bytes In Use\" sampleRate=\"PT15S\" unit=\"Percent\"><annotation displayName=\"Memory usage\" locale=\"en-us\"/></PerformanceCounterConfiguration><PerformanceCounterConfiguration counterSpecifier=\"\\Memory\\Available Bytes\" sampleRate=\"PT15S\" unit=\"Bytes\"><annotation displayName=\"Memory available\" locale=\"en-us\"/></PerformanceCounterConfiguration><PerformanceCounterConfiguration counterSpecifier=\"\\Memory\\Committed Bytes\" sampleRate=\"PT15S\" unit=\"Bytes\"><annotation displayName=\"Memory committed\" locale=\"en-us\"/></PerformanceCounterConfiguration><PerformanceCounterConfiguration counterSpecifier=\"\\Memory\\Commit Limit\" sampleRate=\"PT15S\" unit=\"Bytes\"><annotation displayName=\"Memory commit limit\" locale=\"en-us\"/></PerformanceCounterConfiguration></PerformanceCounters>",
    "wadcfgxstart": "[concat(variables('wadperfcounters'), '<Metrics resourceId=\"')]",
    "wadmetricsresourceid": "[concat('/subscriptions/', subscription().subscriptionId, '/resourceGroups/', resourceGroup().name , '/providers/', 'Microsoft.Compute/virtualMachines/')]",
    "wadcfgxend": "\"><MetricAggregation scheduledTransferPeriod=\"PT1H\"/><MetricAggregation scheduledTransferPeriod=\"PT1M\"/></Metrics></DiagnosticMonitorConfiguration></WadCfg>",
    "fileUris": "https://dxcazuretoolsdev.blob.core.windows.net/installers/CrowdStrikeInstallerWithPassword.ps1",
    "backupFabric": "Azure",
    "v2VmContainer": "iaasvmcontainer;iaasvmcontainerv2;",
    "v2Vm": "vm;iaasvmcontainerv2;"
  },


  "resources": [
    {
      "apiVersion": "2018-10-01",
      "type": "Microsoft.Compute/virtualMachines",
      "name": "[parameters('vmName')]",
      "location": "[parameters ('vmLocation')]",
      "tags": "[union(parameters('existingTags'),parameters('newTags'))]"

    },
    {
      "condition": "[equals(parameters('omsMonitoring'),'yes')]",
      "name": "[concat(parameters('vmName'),'/OMSAgent')]",
      "type": "Microsoft.Compute/virtualMachines/extensions",
      "apiVersion": "2018-10-01",
      "location": "[parameters ('vmLocation')]",
      "dependsOn": [
        "[concat('Microsoft.Compute/virtualMachines/', parameters('vmName'))]"
      ],
      "properties": {
        "publisher": "Microsoft.EnterpriseCloud.Monitoring",
        "type": "MicrosoftMonitoringAgent",
        "typeHandlerVersion": "1.0",
        "autoUpgradeMinorVersion": true,
        "settings": {
          "workspaceId": "[parameters('workspaceId')]"
        },
        "protectedSettings": {
          "workspaceKey": "[parameters('workspaceKey')]"
        }
      }
    },
    {
      "condition": "[equals(parameters('crowdStrike'),'yes')]",
      "name": "[concat(parameters('vmName'),'/CrowdStrikeAgent')]",
      "type": "Microsoft.Compute/virtualMachines/extensions",
      "location": "[parameters ('vmLocation')]",
      "apiVersion": "2018-10-01",
      "dependsOn": [
        "[concat('Microsoft.Compute/virtualMachines/', parameters('vmName'))]",
        "[concat('Microsoft.Compute/virtualMachines/', parameters('vmName'), '/extensions/OMSAgent')]"
      ],
      "properties": {
        "publisher": "Microsoft.Compute",
        "type": "CustomScriptExtension",
        "typeHandlerVersion": "1.7",
        "autoUpgradeMinorVersion": true,
        "settings": {
          "fileUris": "[split(variables('fileUris'), ' ')]"
        },
        "protectedSettings": {
          "commandToExecute": "[concat ('powershell -ExecutionPolicy RemoteSigned -File CrowdStrikeInstallerWithPassword.ps1 -CID ', parameters('csCID'), ' -UninstallPW ', parameters('csUninstallPW'))]",
          "storageAccountName": "dxcazuretoolsdev"
        }
      }
    },
    {
      "condition": "[equals(parameters('diagnosticExtension'),'yes')]",
      "name": "[concat(parameters('vmName'),'/DiagnosticExtension')]",
      "type": "Microsoft.Compute/virtualMachines/extensions",
      "location": "[parameters ('vmLocation')]",
      "apiVersion": "2018-10-01",
      "dependsOn": [
        "[concat('Microsoft.Compute/virtualMachines/', parameters('vmName'))]",
        "[concat('Microsoft.Compute/virtualMachines/', parameters('vmName'), '/extensions/OMSAgent')]",
        "[concat('Microsoft.Compute/virtualMachines/', parameters('vmName'), '/extensions/CrowdStrikeAgent')]"
      ],

      "properties": {
        "publisher": "Microsoft.Azure.Diagnostics",
        "type": "IaaSDiagnostics",
        "typeHandlerVersion": "1.5",
        "autoUpgradeMinorVersion": true,
        "settings": {
          "xmlCfg": "[base64(concat(variables('wadcfgxstart'), variables('wadmetricsresourceid'), parameters('vmName'), variables('wadcfgxend')))]",
          "storageAccount": "[parameters('existingBootDiagStorageName')]"
        },
        "protectedSettings": {
          "storageAccountName": "[parameters('existingBootDiagStorageName')]",
          "storageAccountKey": "[if(equals(parameters('diagnosticExtension'),'yes'),listkeys(concat('/subscriptions/', subscription().subscriptionId, '/resourceGroups/',parameters('existingBootDiagStorageResourceGroup'), '/providers/','Microsoft.Storage/storageAccounts/', parameters('existingBootDiagStorageName')),'2015-05-01-preview').key1,json('null'))]",
          "storageAccountEndPoint": "https://core.windows.net"
        }
      }
    },
    {
      "apiVersion": "2017-05-10",
      "condition": "[equals(parameters('azureBackup'),'yes')]",
      "name": "[variables('ASRVaultBackupProtectedItem')]",
      "type": "Microsoft.Resources/deployments",
      "dependsOn": [
        "[concat('Microsoft.Compute/virtualMachines/', parameters('vmName'))]",
        "[concat('Microsoft.Compute/virtualMachines/', parameters('vmName'), '/extensions/OMSAgent')]",
        "[concat('Microsoft.Compute/virtualMachines/', parameters('vmName'), '/extensions/CrowdStrikeAgent')]",
        "[concat('Microsoft.Compute/virtualMachines/', parameters('vmName'), '/extensions/DiagnosticExtension')]"
      ],
      "resourceGroup": "[parameters('existingRecoveryServicesVaultResourceGroup')]",
      "properties": {
        "mode": "Incremental",
        "template": {
          "$schema": "https://schema.management.azure.com/schemas/2015-01-01/deploymentTemplate.json#",
          "contentVersion": "1.0.0.0",
          "parameters": {
          },
          "variables": {
          },
          "resources": [
            {
              "apiVersion": "2016-06-01",
              "name": "[concat(parameters('existingRecoveryServicesVault'), '/', variables('backupFabric'), '/', variables('v2VmContainer'), concat(resourceGroup().name,';',parameters('vmName'), '/', variables('v2Vm'), concat(resourceGroup().name,';',parameters('vmName'))))]",
              "location": "[parameters ('vmlocation')]",
              "type": "Microsoft.RecoveryServices/vaults/backupFabrics/protectionContainers/protectedItems",
              "properties": {
                "protectedItemType": "Microsoft.Compute/virtualMachines",
                "policyId": "[resourceId('Microsoft.RecoveryServices/vaults/backupPolicies',parameters('existingRecoveryServicesVault'),parameters('existingBackupPolicy') )]",
                "sourceResourceId": "[resourceId(subscription().subscriptionId,resourceGroup().name,'Microsoft.Compute/virtualMachines',parameters('vmName'))]"
              }
            }
          ]
        }
      }
    }
  ],
  "outputs": {
  }
}
