{
      "$schema": "http://schema.management.azure.com/schemas/2015-01-01/deploymentTemplate.json#",
      "contentVersion": "1.0.0.0",
      "parameters": {
        "ExpressRouteCircuitName": {
          "type": "string",
          "metadata": {
            "description": "This is the name of the ExpressRoute circuit"
          }
        },
        "ExpressRouteServiceProviderName": {
          "type": "string",
          "metadata": {
            "description": "This is the name of the ExpressRoute Service Provider. It must exactly match one of the Service Providers from List ExpressRoute Service Providers API call."
          }
        },
        "ExpressRoutePeeringLocation": {
          "type": "string",
          "metadata": {
            "description": "This is the name of the peering location and not the ARM resource location. It must exactly match one of the available peering locations from List ExpressRoute Service Providers API call."
          }
        },
        "ExpressRouteBandwidthInMbps": {
          "type": "int",
          "metadata": {
            "description": "This is the bandwidth in Mbps of the circuit being created. It must exactly match one of the available bandwidth offers List ExpressRoute Service Providers API call."
          }
        },
        "ExpressRouteSku_tier": {
          "type": "string",
          "defaultValue": "Standard",
          "allowedValues": [
            "Standard",
            "Premium"
          ],
          "metadata": {
            "description": "Chosen SKU Tier of ExpressRoute circuit. Choose from Premium or Standard SKU tiers."
          }
        },
        "ExpressRouteSku_family": {
          "type": "string",
          "defaultValue": "MeteredData",
          "allowedValues": [
            "MeteredData",
            "UnlimitedData"
          ],
          "metadata": {
            "description": "Chosen SKU family of ExpressRoute circuit. Choose from MeteredData or UnlimitedData SKU families."
          }
        },
        "GatewayName": {
          "type": "string",
          "metadata": {
            "description": "Name of Virtual Network Gateway (ExpressRoute type) which will be created"
          }
        },
        "GatewaySku": {
          "type": "string",
          "allowedValues": [
            "Standard",
            "HighPerformance",
            "UltraPerformance",
            "ErGw1AZ",
            "ErGw2AZ",
            "ErGw3AZ"
          ],
          "metadata": {
            "description": "SKU of a Virtual Network Gateway"
          }
        },
        "GatewaySubnetId": {
          "type": "string",
          "metadata": {
            "description": "ID of a subnet in which Virtual Network Gateway will be created. Format: /subscriptions/-----------/resourceGroups/----------/providers/Microsoft.Network/virtualNetworks/----vNET-----/subnets/GatewaySubnet"
          }
        },
        "newPublicIpAddressName": {
          "type": "string",
          "defaultValue": "[concat(parameters('GatewayName'),'-PublicIP')]",
          "metadata": {
            "description": "Name of Public IP. Template will create new Public IP of name specified and assign it to Virtual Network Gateway being created"
          }
        },
        "LogAnalyticsResourceGroup": {
          "type": "String",
          "metadata": {
            "description": "Log Analytics Workspace resource group."
          }
        },
        "LogAnalyticsName": {
          "type": "String",
          "metadata": {
            "description": "Log Analytics Workspace name."
          }
        }
      },
      "resources": [
        {
          "apiVersion": "2019-04-01",
          "type": "Microsoft.Network/expressRouteCircuits",
          "name": "[parameters('ExpressRouteCircuitName')]",
          "location": "[resourceGroup().location]",
          "tags": {
            "DXC_AutoDeploy": "True"
          },
          "sku": {
            "name": "[concat(parameters('ExpressRouteSku_tier'),'_', parameters('ExpressRouteSku_family'))]",
            "tier": "[parameters('ExpressRouteSku_tier')]",
            "family": "[parameters('ExpressRouteSku_family')]"
          },
          "properties": {
            "serviceProviderProperties": {
              "serviceProviderName": "[parameters('ExpressRouteServiceProviderName')]",
              "peeringLocation": "[parameters('ExpressRoutePeeringLocation')]",
              "bandwidthInMbps": "[parameters('ExpressRouteBandwidthInMbps')]"
            }
          },
          "resources": [
            {
              "type": "providers/diagnosticSettings",
              "name": "Microsoft.Insights/DXCDiagnostics",
              "apiVersion": "2017-05-01-preview",
              "properties": {
                "workspaceId": "[concat('/subscriptions/',Subscription().subscriptionId,'/resourcegroups/',parameters('LogAnalyticsResourceGroup'),'/providers/microsoft.operationalinsights/workspaces/',parameters('LogAnalyticsName'))]",
                "logs": [
                  {
                    "category": "PeeringRouteLog",
                    "enabled": true,
                    "retentionPolicy": {
                      "days": 0,
                      "enabled": false
                    }
                  }
                ],
                "metrics": [
                  {
                    "enabled": true,
                    "retentionPolicy": {
                      "days": 0,
                      "enabled": false
                    },
                    "category": "AllMetrics"
                  }
                ]
              },
              "dependsOn": [
                "[concat('Microsoft.Network/expressRouteCircuits/', parameters('ExpressRouteCircuitName'))]"
              ]
            }
          ]
        },
        {
          "apiVersion": "2019-02-01",
          "name": "[parameters('GatewayName')]",
          "type": "Microsoft.Network/virtualNetworkGateways",
          "location": "[resourceGroup().location]",
          "dependsOn": [
            "[concat('Microsoft.Network/publicIPAddresses/', parameters('newPublicIpAddressName'))]"
          ],
          "tags": {
            "DXC_AutoDeploy": "True"
          },
          "properties": {
            "gatewayType": "ExpressRoute",
            "ipConfigurations": [
              {
                "name": "default",
                "properties": {
                  "privateIPAllocationMethod": "Dynamic",
                  "subnet": {
                    "id": "[parameters('GatewaySubnetId')]"
                  },
                  "publicIpAddress": {
                    "id": "[resourceId(resourceGroup().name, 'Microsoft.Network/publicIPAddresses', parameters('newPublicIpAddressName'))]"
                  }
                }
              }
            ],
            "sku": {
              "name": "[parameters('GatewaySku')]",
              "tier": "[parameters('GatewaySku')]"
            }
          },
          "resources": [
            {
              "type": "providers/diagnosticSettings",
              "name": "Microsoft.Insights/DXCDiagnostics",
              "apiVersion": "2017-05-01-preview",
              "properties": {
                "workspaceId": "[concat('/subscriptions/',Subscription().subscriptionId,'/resourcegroups/',parameters('LogAnalyticsResourceGroup'),'/providers/microsoft.operationalinsights/workspaces/',parameters('LogAnalyticsName'))]",
                "logs": [
                  {
                    "category": "GatewayDiagnosticLog",
                    "enabled": true,
                    "retentionPolicy": {
                      "days": 0,
                      "enabled": false
                    }
                  },
                  {
                    "category": "TunnelDiagnosticLog",
                    "enabled": true,
                    "retentionPolicy": {
                      "days": 0,
                      "enabled": false
                    }
                  },
                  {
                    "category": "RouteDiagnosticLog",
                    "enabled": true,
                    "retentionPolicy": {
                      "days": 0,
                      "enabled": false
                    }
                  },
                  {
                    "category": "IKEDiagnosticLog",
                    "enabled": true,
                    "retentionPolicy": {
                      "days": 0,
                      "enabled": false
                    }
                  },
                  {
                    "category": "P2SDiagnosticLog",
                    "enabled": true,
                    "retentionPolicy": {
                      "days": 0,
                      "enabled": false
                    }
                  }
                ],
                "metrics": [
                  {
                    "enabled": true,
                    "retentionPolicy": {
                      "days": 0,
                      "enabled": false
                    },
                    "category": "AllMetrics"
                  }
                ]
              },
              "dependsOn": [
                "[concat('Microsoft.Network/virtualNetworkGateways/', parameters('GatewayName'))]"
              ]
            }
          ]
        },
        {
          "apiVersion": "2019-02-01",
          "type": "Microsoft.Network/publicIPAddresses",
          "name": "[parameters('newPublicIpAddressName')]",
          "location": "[resourceGroup().location]",
          "properties": {
            "publicIPAllocationMethod": "Dynamic"
          }
        }
      ]
    }
