{
  "$schema": "https://schema.management.azure.com/schemas/2015-01-01/deploymentParameters.json#",
  "contentVersion": "1.0.0.0",
  "parameters": {
    "ExpressRouteCircuitName": {
      "value": "ERCircutName"
    },
    "ExpressRouteServiceProviderName": {
      "value": "Equinix"
    },
    "ExpressRoutePeeringLocation": {
      "value": "Silicon Valley"
    },
    "ExpressRouteBandwidthInMbps": {
      "value": 50
    },
    "ExpressRouteSku_tier": {
      "value": "Standard"
    },
    "ExpressRouteSku_family": {
      "value": "MeteredData"
    },
    "GatewayName": {
      "value": "erGWName"
    },
    "GatewaySku": {
      "value": "Standard"
    },
    "GatewaySubnetId": {
      "value": "/subscriptions/-----------/resourceGroups/----------/providers/Microsoft.Network/virtualNetworks/----vNET-----/subnets/GatewaySubnet"
    },
    "newPublicIpAddressName": {
      "value": "[concat(parameters('GatewayName'),'-PublicIP')]"
    },
    "LogAnalyticsResourceGroup": {
      "value": "dxc-maint-rg"
    },
    "LogAnalyticsName": {
      "value": "DXC--------loganalyticsWorkspace"
    }
  }
}
