{
  "$schema": "https://schema.management.azure.com/schemas/2015-01-01/deploymentParameters.json#",
  "contentVersion": "1.0.0.0",
  "parameters": {
    "dXCMidServerNSGName": {
      "value": "DXC-MID-Subnet_10.100.2.x_24-NSG"
    },
    "location": {
      "value": "UK South"
    },
    "existingDXCVNETName": {
      "value": "DXC-Maint-vNet"
    },
    "midServerSubnetName": {
      "value": "DXC-MID-Subnet_10.100.2.x_24"
    },
    "midServerSubnetAddressPrefix": {
      "value": "10.171.2.0/24"
    }
  }
}