{
  "$schema": "https://schema.management.azure.com/schemas/2019-04-01/deploymentTemplate.json#",
  "contentVersion": "1.0.0.0",
  "parameters": {
    "networkSecurityGroups_DXC_MidServer_NSG_name": {
      "type": "string",
      "defaultValue": "DXC-MidServer-NSG"
    },
    "location": {
      "type": "string",
      "metadata": {
        "description": "Region where the NSG will be placed. Typically, this is DXC-Maint-RG region where the existing DXC-Maint-vNet exists.",
        "SNC::Parameter::Metadata": { "referenceType": "Microsoft.Azure/region" }
      }
    },
    "existingDXCVNETName": {
      "type": "string",
      "metadata": {
        "description": "Name of the existing DXC VNET to add a subnet to"
      }
    },
    "midServerSubnetName": {
      "type": "string",
      "metadata": {
        "description": "Name of the subnet to add"
      }
    },
    "midServerSubnetAddressPrefix": {
      "type": "string",
      "metadata": {
        "description": "Address space of the subnet to add"
      }
    }
  },
  "variables": {},
  "resources": [
    {
      "type": "Microsoft.Network/networkSecurityGroups",
      "apiVersion": "2020-08-01",
      "name": "[parameters('networkSecurityGroups_DXC_MidServer_NSG_name')]",
      "location": "[parameters('location')]",
      "properties": {
        "securityRules": [
          {
            "name": "Allow_OMS_443_OutBound",
            "properties": {
              "description": "Allow port 443 outbound traffic to OMS",
              "protocol": "*",
              "sourcePortRange": "*",
              "destinationPortRange": "443",
              "sourceAddressPrefix": "VirtualNetwork",
              "destinationAddressPrefix": "AzureMonitor",
              "access": "Allow",
              "priority": 200,
              "direction": "Outbound",
              "sourcePortRanges": [],
              "destinationPortRanges": [],
              "sourceAddressPrefixes": [],
              "destinationAddressPrefixes": []
            }
          },
          {
            "name": "AllowInternetOutBound_443",
            "properties": {
              "description": "Allow all internet outbound traffic on 443",
              "protocol": "*",
              "sourcePortRange": "*",
              "destinationPortRange": "443",
              "sourceAddressPrefix": "*",
              "destinationAddressPrefix": "Internet",
              "access": "Allow",
              "priority": 3000,
              "direction": "Outbound",
              "sourcePortRanges": [],
              "destinationPortRanges": [],
              "sourceAddressPrefixes": [],
              "destinationAddressPrefixes": []
            }
          },
          {
            "name": "DenyInternetOutBound",
            "properties": {
              "description": "Deny all internet outbound traffic",
              "protocol": "*",
              "sourcePortRange": "*",
              "destinationPortRange": "*",
              "sourceAddressPrefix": "*",
              "destinationAddressPrefix": "Internet",
              "access": "Deny",
              "priority": 4000,
              "direction": "Outbound",
              "sourcePortRanges": [],
              "destinationPortRanges": [],
              "sourceAddressPrefixes": [],
              "destinationAddressPrefixes": []
            }
          },
          {
            "name": "Allow80_outbound",
            "properties": {
              "protocol": "*",
              "sourcePortRange": "*",
              "destinationPortRange": "80",
              "sourceAddressPrefix": "*",
              "destinationAddressPrefix": "Internet",
              "access": "Allow",
              "priority": 3500,
              "direction": "Outbound",
              "sourcePortRanges": [],
              "destinationPortRanges": [],
              "sourceAddressPrefixes": [],
              "destinationAddressPrefixes": []
            }
          }
        ]
      }
    },
    {
      "apiVersion": "2020-08-01",
      "type": "Microsoft.Network/virtualNetworks/subnets",
      "name": "[concat(parameters('existingDXCVNETName'), '/', parameters('midServerSubnetName'))]",
      "location": "[parameters('location')]",
      "dependsOn": [
        "[concat('Microsoft.Network/networkSecurityGroups/', parameters('networkSecurityGroups_DXC_MidServer_NSG_name'))]"
      ],
      "properties": {
        "addressPrefix": "[parameters('midServerSubnetAddressPrefix')]",
        "networkSecurityGroup": {
          "id": "[resourceId('Microsoft.Network/networkSecurityGroups', parameters('networkSecurityGroups_DXC_MidServer_NSG_name'))]"
        }
      }
    }
  ]
}
