
          {
          "if": {
            "allOf": [
              {
                "anyOf": [
                  {"field": "type","equals": "Microsoft.Compute/virtualMachines"},
                  {"field": "type","equals": "Microsoft.Storage/storageAccounts"},
                  {"field": "type","equals": "Microsoft.Sql/servers/databases"},
                  {"field": "type","equals": "Microsoft.Sql/servers"},
                  {"field": "type","equals": "Microsoft.Network/expressRouteCircuits"},
                  {"field": "type","equals": "Microsoft.ContainerRegistry/registries"},
                  {"field": "type","equals": "Microsoft.KeyVault/vaults"},
                  {"field": "type","equals": "Microsoft.Network/applicationGateways"},
                  {"field": "type","equals": "microsoft.insights/webtests"},
                  {"field": "type","equals": "Microsoft.Web/serverfarms"},
                  {"field": "type","equals": "Microsoft.Network/virtualNetworks"},
                  {"field": "type","equals": "Microsoft.DocumentDB/databaseAccounts"},
                  {"field": "type","equals": "Microsoft.ServiceBus/namespaces"},
                  {"field": "type","equals": "Microsoft.Network/bastionHosts"},
                  {"field": "type","equals": "Microsoft.Network/virtualNetworks/subnets"},
                  {"field": "type","equals": "Microsoft.EventHub/Namespaces"},
                  {"field": "type","equals": "Microsoft.EventGrid/Domain"},
                  {"field": "type","equals": "Microsoft.EventGrid/Topics"},
                  {"field": "type","equals": "Microsoft.RecoveryServices/vaults"},
                  {"field": "type","equals": "Microsoft.Cache/Redis"},
                  {"field": "type","equals": "Microsoft.Network/trafficmanagerprofiles"},
                  {"field": "type","equals": "Microsoft.Network/loadBalancers"},
                  {"field": "type","equals": "Microsoft.Network/azureFirewalls"},
                  {"field": "type","equals": "Microsoft.Logic/workflows"},
                  {"field": "type","equals": "Microsoft.DBforMySQL/servers"},
                  {"field": "type","equals": "Microsoft.DBforPostgreSQL/servers"},
                  {"field": "type","equals": "Microsoft.Sql/managedInstances/databases"},
                  {"field": "type","equals": "Microsoft.Web/sites"},
                  {"field": "type","equals": "Microsoft.OperationalInsights/workspaces"},
                  {"field": "type","equals": "Microsoft.Portal/dashboards"},
                  {"field": "type","equals": "Microsoft.Automation/automationAccounts"}          
                ]
              },
              {
                "field": "tags[dxcManaged]",
                "In": ["True", "true", "TRUE" ]
              },
              {
                "anyOf":[
                  {"field": "tags[dxcMonitored]", "notIn": [ "false", "False", "True", "true", "TRUE", "FALSE" ]},
                  {"field": "tags[dxcConfigurationCheck]", "notMatch": "########T######Z"}
                ]

              }
            ]
          },
        "then": {
        "effect": "audit"
        }
      }
