{
    "if": {
      "allOf": [
        {"field": "type", "equals": "Microsoft.DocumentDB/databaseAccounts"},
        {
          "field": "tags[dxcManaged]",
          "In": ["True", "true", "TRUE" ]
        },
        {
            "anyOf": [
                {"field": "tags[dxcBackup]", "In": [ "" ]},
                {
                    "Not":
                        {
                            "anyOf": [
                                {
                                    "allOf":[
                                        {"field": "tags[dxcBackup]", "Contains": "Required"},
                                        {"field": "tags[dxcBackup]", "Contains":  "False" }
                                    ]
                                },
                                {
                                    "allOf":[
                                        {"field": "tags[dxcBackup]", "Contains": "Required"},
                                        {"field": "tags[dxcBackup]", "Contains": "True" },
                                        {"field": "tags[dxcBackup]", "Contains": "BackupPolicy"},
                                        {"field": "tags[dxcBackup]", "Contains": "RecoveryVault"}
                                    ]
                                },
                                {
                                    "allOf":[
                                        {"field": "tags[dxcBackup]", "Contains": "Required"},
                                        {"field": "tags[dxcBackup]", "Contains": "True" },
                                        {"field": "tags[dxcBackup]", "Contains": "BackupType"},
                                        {"field": "tags[dxcBackup]", "Contains": "Continuous"}
                                    ]
                                },
                                {
                                    "allOf":[
                                        {"field": "tags[dxcBackup]", "Contains": "Required"},
                                        {"field": "tags[dxcBackup]", "Contains": "True"},
                                        {"field": "tags[dxcBackup]", "Contains": "BackupType"},
                                        {"field": "tags[dxcBackup]", "Contains": "Periodic"},
                                        {"field": "tags[dxcBackup]", "Contains": "backupIntervalInMinutes"},
                                        {"field": "tags[dxcBackup]", "Contains": "backupRetentionIntervalInHours"}
                                    ]
                                }
                            ]
                        }
                    
                }
            ]
        }
      ]
    },
    "then": {
      "effect": "audit"
    }
}
