{
    "if": {
      "allOf": [
        {"field": "type", "equals": "Microsoft.Compute/virtualMachines"},
        {
          "field": "tags[dxcManaged]",
          "In": ["True", "true", "TRUE" ]
        },
        {
            "anyOf": [
                {"field": "tags[dxcBackup]", "In": [ "" ]},
                {"field": "tags[dxcPatchGroup]", "In": [ "" ] },
                {"field": "tags[dxcEPAgent]", "notIn": [ "SYMANTEC", "CROWDSTRIKE", "DEFENDER", "symantec", "crowdstrike", "Symantec", "Crowdstrike", "Defender", "defender", "false", "False", "FALSE" ]}
            ]
        }
      ]
    },
    "then": {
      "effect": "audit"
    }
}
