{
  "$schema": "http://schema.management.azure.com/schemas/2015-01-01/deploymentTemplate.json",
  "contentVersion": "1.0.0.0",
  "parameters": {
    "omsWorkspaceName": {
      "type": "string"
    },
    "omsWorkspaceLocation": {
      "type": "string"
    },
    "eventProcessingSchema": {
      "type": "string"
    },
    "alertVersion": {
      "type": "string"
    }
  },
  "variables": {
    "alertTag": "[concat('hidden-link:', resourceId('Microsoft.Operationalinsights/workspaces', parameters('omsWorkspaceName')))]",
    "extendedFields": " | extend eventType = 'itsm-Type', eventResource = 'itsm-Resource', eventFormat = 'itsm-Format', eventProcessingSchema = '",
    "endExtension": "'",
    "snowIntegrationFields": "[concat(variables('extendedFields'), parameters('eventProcessingSchema'), variables('endExtension'))]",
    "azurediagnostics": " | extend ResourceId = tolower(ResourceId), Resource = tolower(Resource)",
    "event": " | parse kind=relaxed _ResourceId with * '/subscriptions/' SubscriptionId '/resourcegroups/' * | extend Resource = Computer, ResourceId = _ResourceId  | project-away  Computer, _ResourceId",
    "syslog": " | parse kind=relaxed _ResourceId with * '/subscriptions/' SubscriptionId '/resourcegroups/' * | extend Resource = Computer, ResourceId = _ResourceId | project-away  Computer, _ResourceId",
    "alertStandard": {
      "AzureDiagnostics": "[concat(variables('azurediagnostics'), variables('snowIntegrationFields'))]",
      "Event": "[concat(variables('event'), variables('snowIntegrationFields'))]",
      "Syslog": "[concat(variables('syslog'), variables('snowIntegrationFields'))]"
    },
    "alertArray": []
  },
  "resources": [
    {
      "name": "[variables('alertArray')[copyIndex()].alertName]",
      "type": "Microsoft.Insights/scheduledQueryRules",
      "apiVersion": "2018-04-16",
      "copy": {
        "name": "RuleCopy",
        "count": "[length(variables('alertArray'))]",
        "mode": "Parallel"
      },
      "location": "[parameters('omsWorkspaceLocation')]",
      "tags": {
        "[variables('alertTag')]": "[variables('alertArray')[copyIndex()].searchCategory]"
      },
      "properties": {
        "description": "[concat('Version:', parameters('alertVersion'), ' ', variables('alertArray')[copyIndex()].description)]",
        "enabled": "true",
        "source": {
          "query": "[concat(variables('alertArray')[copyIndex()].query, replace(replace(replace(variables('alertStandard')[variables('alertArray')[copyIndex()].searchCategory],'itsm-Type', variables('alertArray')[copyIndex()].eventType) ,'itsm-Resource', variables('alertArray')[copyIndex()].eventResource),'itsm-Format', variables('alertArray')[copyIndex()].searchCategory))]",
          "dataSourceId": "[resourceId('Microsoft.Operationalinsights/workspaces', parameters('omsWorkspaceName'))]",
          "queryType": "ResultCount"
        },
        "schedule": {
          "frequencyInMinutes": "[variables('alertArray')[copyIndex()].scheduleIntervalInMinutes]",
          "timeWindowInMinutes": "[variables('alertArray')[copyIndex()].scheduleQueryTimeSpan]"
        },
        "action": {
          "odata.type": "Microsoft.WindowsAzure.Management.Monitoring.Alerts.Models.Microsoft.AppInsights.Nexus.DataContracts.Resources.ScheduledQueryRules.AlertingAction",
          "severity": "[variables('alertArray')[copyIndex()].severity]",
          "aznsAction": {
            "actionGroup": "[array(resourceId('Microsoft.Insights/actionGroups', variables('alertArray')[copyIndex()].actionGroupName))]"
          },
          "trigger": {
            "thresholdOperator": "[variables('alertArray')[copyIndex()].operator]",
            "threshold": "[variables('alertArray')[copyIndex()].alertThresholdValue]"
          }
        }
      }
    }
  ]
}
