{
"$schema": "https://schema.management.azure.com/schemas/2019-04-01/deploymentTemplate.json#",
"contentVersion": "1.0.0.0",
"parameters": 
    {
    "omsWorkspaceName":{"type":"string"},
    "omsWorkspaceLocation":{"type":"string"},
    "eventProcessingSchema":{"type":"string"},
    "alertVersion":{"type":"string"}
    },
"variables": 
    {
    "extendedFields": " | extend eventType = 'itsm-Type', eventResource = 'itsm-Resource', eventFormat = 'itsm-Format', eventProcessingSchema = '",
    "endExtension": "'",
    "snowIntegrationFields": "[concat(variables('extendedFields'), parameters('eventProcessingSchema'), variables('endExtension'))]",
    "AzureDiagnostics": " | extend ResourceId = tolower(workflowId_s), Resource = tolower(resource_workflowName_s)",
    "Backup": " | where TimeGenerated >= ago(15m) and TimeGenerated < ago(10m) | extend ServerName = split(parse_json(ProcessedAlert_s).BackupItemUniqueId, ';')[-1], ResourceId = tolower(ResourceId), _ResourceId = tolower(ResourceId), Resource = tolower(Resource)",
    "CrowdStrike": " | extend ResourceId = tolower(ResourceId), Resource = tolower(Resource)",
    "AgentHealth": " | extend ResourceId = tolower(ResourceId), Resource = tolower(Resource)",
    "alertStandard": 
        {
            "AzureDiagnostics": "[concat(variables('AzureDiagnostics'), variables('snowIntegrationFields'))]",
            "Backup": "[concat(variables('Backup'), variables('snowIntegrationFields'))]",
            "CrowdStrike": "[concat(variables('CrowdStrike'), variables('snowIntegrationFields'))]",
            "AgentHealth": "[concat(variables('AgentHealth'), variables('snowIntegrationFields'))]"
        },
    "alertArray": 
        [
            {
                "alertName":"DXC-Informational-SelfHeal-Backup-Job Failure",
                "description":"Self-heal attempt on backup job retry operation successful.",
                "severity":"4",
                "query":"SelfHeal_CL | where SelfhealSeverity_s == 'Informational' and parse_json(ProcessedAlert_s).alertRule == 'DXC-Major-Backup-Job Failure'",
                "searchCategory": "Backup",
                "actionGroupName":"DXC-AG-Informational",
                "eventType":"Backup",
                "eventResource": "Virtual Machine"
            },
            {
                "alertName":"DXC-Major-SelfHeal-Backup-Job Failure",
                "description":"Self-heal attempt on backup job retry operation failed.",
                "severity":"1",
                "query":"SelfHeal_CL | where SelfhealSeverity_s == 'Major' and parse_json(ProcessedAlert_s).alertRule == 'DXC-Major-Backup-Job Failure'",
                "searchCategory": "Backup",
                "actionGroupName":"DXC-AG-Major",
                "eventType":"Backup",
                "eventResource": "Virtual Machine"
            },
            {
                "alertName":"DXC-Informational-SelfHeal-Crowdstrike SIEM-ConnectFail",
                "description":"Self-heal attempt was successful on CrowdstrikeSIEM-The SIEM Connector cannot connect to the Crowdstrike SaaS portal to receive Events.",
                "severity":"4",
                "query":"SelfHeal_CL | where SelfhealSeverity_s == 'Informational' and parse_json(ProcessedAlert_s).alertRule == 'DXC-Major-Crowdstrike SIEM-ConnectFail'",
                "searchCategory": "Crowdstrike",
                "actionGroupName":"DXC-AG-Informational",
                "eventType":"Security",
                "eventResource": "Crowdstrike SIEM"
            },
            {
                "alertName":"DXC-Major-SelfHeal-Crowdstrike SIEM-ConnectFail",
                "description":"Self-heal attempt failed on CrowdstrikeSIEM-The SIEM Connector cannot connect to the Crowdstrike SaaS portal to receive Events.",
                "severity":"1",
                "query":"SelfHeal_CL | where SelfhealSeverity_s == 'Major' and parse_json(ProcessedAlert_s).alertRule == 'DXC-Major-Crowdstrike SIEM-ConnectFail'",
                "searchCategory": "Crowdstrike",
                "actionGroupName":"DXC-AG-Major",
                "eventType":"Security",
                "eventResource": "Crowdstrike SIEM"
            },
            {
                "alertName":"DXC-Informational-SelfHeal-Linux-CrowdStrike SVC Stopped",
                "description":"Self-heal attempt was successful on Linux CrowdStrike SVC Stopped.",
                "severity":"4",
                "query":"SelfHeal_CL | where SelfhealSeverity_s == 'Informational' and parse_json(ProcessedAlert_s).alertRule == 'DXC-Critical-Linux-CrowdStrike SVC Stopped'",
                "searchCategory": "Crowdstrike",
                "actionGroupName":"DXC-AG-Informational",
                "eventType":"Security",
                "eventResource": "Crowdstrike Agent"
            },
            {
                "alertName":"DXC-Critical-Selfheal-Linux-CrowdStrike SVC Stopped",
                "description":"Self-heal attempt failed on Linux CrowdStrike SVC Stopped.",
                "severity":"0",
                "query":"SelfHeal_CL | where SelfhealSeverity_s == 'Critical' and parse_json(ProcessedAlert_s).alertRule == 'DXC-Critical-Linux-CrowdStrike SVC Stopped'",
                "searchCategory": "Crowdstrike",
                "actionGroupName":"DXC-AG-Critical",
                "eventType":"Security",
                "eventResource": "Crowdstrike Agent"
            },
            {
                "alertName":"DXC-Informational-SelfHeal-Windows-SecurityAgent SVC Didnt Start",
                "description":"Self-heal attempt was successful on Windows Security Agent didn't start following a server reboot/startup.",
                "severity":"4",
                "query":"SelfHeal_CL | where SelfhealSeverity_s == 'Informational' and parse_json(ProcessedAlert_s).alertRule == 'DXC-Critical-Windows-SecurityAgent SVC Didnt Start'",
                "searchCategory": "Crowdstrike",
                "actionGroupName":"DXC-AG-Informational",
                "eventType":"Security",
                "eventResource": "Security Agent"
            },
            {
                "alertName":"DXC-Critical-Selfheal-Windows-SecurityAgent SVC Didnt Start",
                "description":"Self-heal attempt failed on Windows Security Agent didn't start following a server reboot/startup.",
                "severity":"0",
                "query": "SelfHeal_CL | where SelfhealSeverity_s == 'Critical' and parse_json(ProcessedAlert_s).alertRule == 'DXC-Critical-Windows-SecurityAgent SVC Didnt Start'",
                "searchCategory": "Crowdstrike",
                "actionGroupName":"DXC-AG-Critical",
                "eventType":"Security",
                "eventResource": "Security Agent"
            },  
            {
                "alertName":"DXC-Minor-Selfheal-Logic App Failed or Cancelled",
                "description":"Self-heal Logic app workflow failed or cancelled.",
                "severity":"2",
                "query": "AzureDiagnostics | where ResourceProvider == 'MICROSOFT.LOGIC' and ResourceType == 'WORKFLOWS/RUNS' | where status_s in ('Failed', 'Cancelled') and tags_service_s == 'selfheal' | extend _ResourceId = tolower(workflowId_s)",
                "searchCategory": "AzureDiagnostics",
                "actionGroupName":"DXC-AG-Minor",
                "eventType":"Availability",
                "eventResource":"Logic App"
            },
            {
                "alertName":"DXC-Critical-Selfheal-AgentHealth",
                "description":"Self-heal attempt on monitoring agent has failed.",
                "severity":"1",
                "query": "SelfHeal_CL | where SelfhealSeverity_s == 'Critical' and parse_json(ProcessedAlert_s).alertRule == 'AgentHealth-Failed'",
                "searchCategory": "AgentHealth",
                "actionGroupName":"DXC-AG-Email",
                "eventType":"Availability",
                "eventResource":"Virtual Machine"
            }
        ],
    "alertThresholdValue":0,
    "operator":"GreaterThan",
    "scheduleIntervalInMinutes":5,
    "scheduleQueryTimeSpan":5
    },
    "resources": [
        {
            "name": "[variables('alertArray')[copyIndex()].alertName]",
            "type": "Microsoft.Insights/scheduledQueryRules",
            "apiVersion": "2018-04-16",
            "copy": {
                "name": "RuleCopy",
                "count": "[length(variables('alertArray'))]",
                "mode": "Parallel"
            },
            "location": "[parameters('omsWorkspaceLocation')]",
			      "tags": {"service": "selfheal"},
            "properties": {
                "description": "[concat('Version:', parameters('alertVersion'), ' ', variables('alertArray')[copyIndex()].description)]",
                "enabled": "true",
                "source": {
                "query": "[concat(variables('alertArray')[copyIndex()].query, replace(replace(replace(variables('alertStandard')[variables('alertArray')[copyIndex()].searchCategory],'itsm-Type', variables('alertArray')[copyIndex()].eventType) ,'itsm-Resource', variables('alertArray')[copyIndex()].eventResource),'itsm-Format', variables('alertArray')[copyIndex()].searchCategory))]",
                    "dataSourceId": "[resourceId('Microsoft.Operationalinsights/workspaces', parameters('omsWorkspaceName'))]",
                    "queryType": "ResultCount"
                },
                "schedule": {
                    "frequencyInMinutes": "[variables('scheduleIntervalInMinutes')]",
                    "timeWindowInMinutes": "[variables('scheduleQueryTimeSpan')]"
                },
                "action": {
                    "odata.type": "Microsoft.WindowsAzure.Management.Monitoring.Alerts.Models.Microsoft.AppInsights.Nexus.DataContracts.Resources.ScheduledQueryRules.AlertingAction",
                    "severity": "[variables('alertArray')[copyIndex()].severity]",
                    "aznsAction": {
                        "actionGroup": "[array(resourceId('Microsoft.Insights/actionGroups', variables('alertArray')[copyIndex()].actionGroupName))]"
                    },
                    "trigger": {
                        "thresholdOperator": "[variables('operator')]",
                        "threshold": "[variables('alertThresholdValue')]"
                    }
                }
            }
        }
    ]
}