{
    "$schema": "https://schema.management.azure.com/schemas/2019-04-01/deploymentTemplate.json#",
    "contentVersion": "1.0.0.0",
    "parameters": {
        "adminUsername": {
            "type": "String",
            "metadata": {
                "description": "Administrator username for the Hybrid Runbook Worker VM."
            }
        },
        "adminPassword": {
            "type": "SecureString",
            "metadata": {
                "description": "Password for the Hybrid Runbook Worker VM. Should contain any 3 of: 1 Lower Case, 1 Upper Case, 1 Number and 1 Special character."
            }
        },
        "windowsOSVersion": {
            "defaultValue": "2016-Datacenter",
            "allowedValues": [
                "2016-Datacenter",
                "2019-Datacenter"
            ],
            "type": "String",
            "metadata": {
                "description": "The Windows version for the Virtual Machine. This will pick a fully patched image of this given Windows version. Allowed values: 2012-R2-Datacenter, 2016-Datacenter."
            }
        },
        "vmName": {
            "maxLength": 15,
            "type": "String",
            "metadata": {
                "description": "The VM name in alphanumeric value with maximum limit of 15 characters."
            }
        },
        "vmSize": {
            "defaultValue": "Standard_B2ms",
            "allowedValues": [
                "Standard_B2ms",
                "Standard_D2_v3"
            ],
            "type": "String",
            "metadata": {
                "description": "The size for the VM.",
                "SNC::Parameter::Metadata": {
                    "referenceType": "Microsoft.Compute/virtualMachines/vmSize"
                }
            }
        },
        "vmLocation": {
            "type": "String",
            "metadata": {
                "description": "Location or datacenter where the VM will be placed.",
                "SNC::Parameter::Metadata": {
                    "referenceType": "Microsoft.Azure/region"
                }
            }
        },
        "existingVnetResourceGroup": {
            "type": "String",
            "metadata": {
                "description": "Resource Group of the existing Virtual Network.",
                "SNC::Parameter::Metadata": {
                    "referenceType": "Microsoft.Resources/resourceGroups"
                }
            }
        },
        "existingVnetName": {
            "type": "String",
            "metadata": {
                "description": "Existing Virtual Network to connect to Network Interface to. It should be in the same location as the Virtual Machine.",
                "SNC::Parameter::Metadata": {
                    "referenceType": "Microsoft.Network/virtualNetworks"
                }
            }
        },
        "subnetName": {
            "type": "String",
            "metadata": {
                "description": "The subnet from virtual network for the Virtual Machine.",
                "SNC::Parameter::Metadata": {
                    "referenceType": "Microsoft.Network/subNets"
                }
            }
        },
        "publicIPRequired": {
            "defaultValue": "no",
            "allowedValues": [
                "yes",
                "no"
            ],
            "type": "String",
            "metadata": {
                "description": "Does this VM needs a public IP? (yes/no)"
            }
        },
        "workspaceId": {
            "type": "String",
            "metadata": {
                "description": "The Log Analytics workspace Id where log and metric data will be sent to."
            }
        },
        "workspaceKey": {
            "type": "String",
            "metadata": {
                "description": "The Log Anaytics workspace primary key."
            }
        },
        "existingDiagnosticsStorageResourceGroup": {
            "type": "String",
            "metadata": {
                "description": "Resource Group of the existing Storage Account for diagnostics."
            }
        },
        "existingDiagnosticsStorageAccountName": {
            "type": "String",
            "metadata": {
                "description": "Existing Storage Account for diagnostics."
            }
        },
        "securityAgent": {
            "defaultValue": "crowdstrike",
            "allowedValues": [
                "crowdstrike",
                "symantec"
            ],
            "type": "string",
            "metadata": {
                "description": "Workload/endpoint security agent. Allowed values: crowdstrike, symantec"
            }
        },
        "csCID": {
            "defaultValue": "",
            "type": "string",
            "metadata": {
                "description": "Client ID with checksum for Falcon CrowdStrike"
            }
        },
		"csUninstallPW":
        {
			"defaultValue": "",
			"type": "securestring",
			"metadata": {"description": "password from dxc-maint-rg keyvault to prevent uninstall of Crowdstrike"}
        },
        "SymantecCustomerId": {
            "defaultValue": "",
            "type": "string",
            "metadata": {
                "description": "The CustomerId of Symantec CWP extension"
            }
        },
        "SymantecDomainId": {
            "defaultValue": "",
            "type": "string",
            "metadata": {
                "description": "The domainId of Symantec CWP extension"
            }
        },
        "SymantecClientId": {
            "defaultValue": "",
            "type": "string",
            "metadata": {
                "description": "The clientId of Symantec CWP extension"
            }
        },
        "SymantecCustomerSecretKey": {
            "defaultValue": "",
            "type": "securestring",
            "metadata": {
                "description": "The customerSecretKey of Symantec CWP extension"
            }
        },
        "SymantecClientSecretKey": {
            "defaultValue": "",
            "type": "securestring",
            "metadata": {
                "description": "The clientSecretKey of Symantec CWP extension"
            }
        },
        "existingRecoveryServicesVaultRG": {
            "type": "string",
            "metadata": {
              "description": "Resource Group of the Existing Recovery Services Vault.",
              "SNC::Parameter::Metadata": {
                "referenceType": "Microsoft.Resources/resourceGroups"
              }
            }
          },
          "existingRecoveryServicesVault": {
            "type": "string",
            "metadata": {
              "description": "Recovery services vault name where the VMs will be backed up to.",
              "SNC::Parameter::Metadata": {
                "referenceType": "Microsoft.RecoveryServices/vaults"
              }
            }
          },
          "existingBackupPolicy": {
            "type": "string",
            "defaultValue": "DefaultPolicy",
            "allowedValues": ["DefaultPolicy", "DXC30day", "DXC60day", "DXC90day"],
            "metadata": {
              "description": "Backup policy to be used to backup the Virtual Machine. Backup Policy defines the schedule of the backup and how long to retain backup copies. By default, every vault comes with a 'DefaultPolicy' which can be used here."
            }
          },
          "dxcConfigurationCheck": {
            "type": "string",
            "defaultValue": "[utcNow('yyyyMMddTHHmmssZ')]",
            "metadata": { "description": "tag to indicate when the VM configuration was validated" }
          },
          "patchGroup": {
            "type": "string",
            "defaultValue": "Windows2016",
            "metadata": { "description": "tag that specifies the group (and therefore schedule) for system updates/patches. This is for tagging purposes only." }
          }     
        },
    "variables": {
        "imagePublisher": "MicrosoftWindowsServer",
        "imageOffer": "WindowsServer",
        "storageAccountType": "Standard_LRS",
        "OSDiskName": "[concat(parameters('vmName'), '-osDisk')]",
        "DataDiskName": "[concat(parameters('vmName'), '-dataDisk0')]",
        "nicName": "[concat(parameters('vmName'),'-vNic')]",
        "vnetID": "[resourceId(parameters('existingvNetResourceGroup'), 'Microsoft.Network/virtualNetworks', parameters('existingvNetName'))]",
        "subnetRef": "[concat(variables('vnetID'),'/subnets/', parameters('subnetName'))]",
        "vmPublicIP": "[concat(parameters('vmName'),'-publicIP')]",
        "publicIPAddress": {
            "id": "[concat('/subscriptions/',subscription().subscriptionId,'/resourceGroups/',toLower(resourceGroup().name),'/providers/Microsoft.Network/publicIPAddresses/',variables('vmPublicIP'))]"
        },
        "accountid": "[concat('/subscriptions/', subscription().subscriptionId, '/resourceGroups/',parameters('existingDiagnosticsStorageResourceGroup'), '/providers/','Microsoft.Storage/storageAccounts/', parameters('existingdiagnosticsStorageAccountName'))]",
        "wadlogs": "<WadCfg> <DiagnosticMonitorConfiguration overallQuotaInMB=\"4096\" xmlns=\"http://schemas.microsoft.com/ServiceHosting/2010/10/DiagnosticsConfiguration\"> <DiagnosticInfrastructureLogs scheduledTransferLogLevelFilter=\"Error\"/> <WindowsEventLog scheduledTransferPeriod=\"PT1M\" > <DataSource name=\"Application!*[System[(Level = 1 or Level = 2)]]\" /> <DataSource name=\"Security!*[System[(Level = 1 or Level = 2)]]\" /> <DataSource name=\"System!*[System[(Level = 1 or Level = 2)]]\" /></WindowsEventLog>",
        "wadperfcounters1": "<PerformanceCounters scheduledTransferPeriod=\"PT1M\"><PerformanceCounterConfiguration counterSpecifier=\"\\Processor(_Total)\\% Processor Time\" sampleRate=\"PT15S\" unit=\"Percent\"><annotation displayName=\"CPU utilization\" locale=\"en-us\"/></PerformanceCounterConfiguration><PerformanceCounterConfiguration counterSpecifier=\"\\Processor(_Total)\\% Privileged Time\" sampleRate=\"PT15S\" unit=\"Percent\"><annotation displayName=\"CPU privileged time\" locale=\"en-us\"/></PerformanceCounterConfiguration><PerformanceCounterConfiguration counterSpecifier=\"\\Processor(_Total)\\% User Time\" sampleRate=\"PT15S\" unit=\"Percent\"><annotation displayName=\"CPU user time\" locale=\"en-us\"/></PerformanceCounterConfiguration><PerformanceCounterConfiguration counterSpecifier=\"\\Processor Information(_Total)\\Processor Frequency\" sampleRate=\"PT15S\" unit=\"Count\"><annotation displayName=\"CPU frequency\" locale=\"en-us\"/></PerformanceCounterConfiguration><PerformanceCounterConfiguration counterSpecifier=\"\\System\\Processes\" sampleRate=\"PT15S\" unit=\"Count\"><annotation displayName=\"Processes\" locale=\"en-us\"/></PerformanceCounterConfiguration><PerformanceCounterConfiguration counterSpecifier=\"\\Process(_Total)\\Thread Count\" sampleRate=\"PT15S\" unit=\"Count\"><annotation displayName=\"Threads\" locale=\"en-us\"/></PerformanceCounterConfiguration><PerformanceCounterConfiguration counterSpecifier=\"\\Process(_Total)\\Handle Count\" sampleRate=\"PT15S\" unit=\"Count\"><annotation displayName=\"Handles\" locale=\"en-us\"/></PerformanceCounterConfiguration><PerformanceCounterConfiguration counterSpecifier=\"\\Memory\\% Committed Bytes In Use\" sampleRate=\"PT15S\" unit=\"Percent\"><annotation displayName=\"Memory usage\" locale=\"en-us\"/></PerformanceCounterConfiguration><PerformanceCounterConfiguration counterSpecifier=\"\\Memory\\Available Bytes\" sampleRate=\"PT15S\" unit=\"Bytes\"><annotation displayName=\"Memory available\" locale=\"en-us\"/></PerformanceCounterConfiguration><PerformanceCounterConfiguration counterSpecifier=\"\\Memory\\Committed Bytes\" sampleRate=\"PT15S\" unit=\"Bytes\"><annotation displayName=\"Memory committed\" locale=\"en-us\"/></PerformanceCounterConfiguration><PerformanceCounterConfiguration counterSpecifier=\"\\Memory\\Commit Limit\" sampleRate=\"PT15S\" unit=\"Bytes\"><annotation displayName=\"Memory commit limit\" locale=\"en-us\"/></PerformanceCounterConfiguration><PerformanceCounterConfiguration counterSpecifier=\"\\PhysicalDisk(_Total)\\% Disk Time\" sampleRate=\"PT15S\" unit=\"Percent\"><annotation displayName=\"Disk active time\" locale=\"en-us\"/></PerformanceCounterConfiguration>",
        "wadperfcounters2": "<PerformanceCounterConfiguration counterSpecifier=\"\\PhysicalDisk(_Total)\\% Disk Read Time\" sampleRate=\"PT15S\" unit=\"Percent\"><annotation displayName=\"Disk active read time\" locale=\"en-us\"/></PerformanceCounterConfiguration><PerformanceCounterConfiguration counterSpecifier=\"\\PhysicalDisk(_Total)\\% Disk Write Time\" sampleRate=\"PT15S\" unit=\"Percent\"><annotation displayName=\"Disk active write time\" locale=\"en-us\"/></PerformanceCounterConfiguration><PerformanceCounterConfiguration counterSpecifier=\"\\PhysicalDisk(_Total)\\Disk Transfers/sec\" sampleRate=\"PT15S\" unit=\"CountPerSecond\"><annotation displayName=\"Disk operations\" locale=\"en-us\"/></PerformanceCounterConfiguration><PerformanceCounterConfiguration counterSpecifier=\"\\PhysicalDisk(_Total)\\Disk Reads/sec\" sampleRate=\"PT15S\" unit=\"CountPerSecond\"><annotation displayName=\"Disk read operations\" locale=\"en-us\"/></PerformanceCounterConfiguration><PerformanceCounterConfiguration counterSpecifier=\"\\PhysicalDisk(_Total)\\Disk Writes/sec\" sampleRate=\"PT15S\" unit=\"CountPerSecond\"><annotation displayName=\"Disk write operations\" locale=\"en-us\"/></PerformanceCounterConfiguration><PerformanceCounterConfiguration counterSpecifier=\"\\PhysicalDisk(_Total)\\Disk Bytes/sec\" sampleRate=\"PT15S\" unit=\"BytesPerSecond\"><annotation displayName=\"Disk speed\" locale=\"en-us\"/></PerformanceCounterConfiguration><PerformanceCounterConfiguration counterSpecifier=\"\\PhysicalDisk(_Total)\\Disk Read Bytes/sec\" sampleRate=\"PT15S\" unit=\"BytesPerSecond\"><annotation displayName=\"Disk read speed\" locale=\"en-us\"/></PerformanceCounterConfiguration><PerformanceCounterConfiguration counterSpecifier=\"\\PhysicalDisk(_Total)\\Disk Write Bytes/sec\" sampleRate=\"PT15S\" unit=\"BytesPerSecond\"><annotation displayName=\"Disk write speed\" locale=\"en-us\"/></PerformanceCounterConfiguration><PerformanceCounterConfiguration counterSpecifier=\"\\LogicalDisk(_Total)\\% Free Space\" sampleRate=\"PT15S\" unit=\"Percent\"><annotation displayName=\"Disk free space (percentage)\" locale=\"en-us\"/></PerformanceCounterConfiguration></PerformanceCounters>",
        "wadcfgxstart": "[concat(variables('wadlogs'), variables('wadperfcounters1'), variables('wadperfcounters2'), '<Metrics resourceId=\"')]",
        "wadmetricsresourceid": "[concat('/subscriptions/', subscription().subscriptionId, '/resourceGroups/', resourceGroup().name , '/providers/', 'Microsoft.Compute/virtualMachines/')]",
        "wadcfgxend": "\"><MetricAggregation scheduledTransferPeriod=\"PT1H\"/><MetricAggregation scheduledTransferPeriod=\"PT1M\"/></Metrics></DiagnosticMonitorConfiguration></WadCfg>",
		"fileUriscwppsupgrade": "https://dxcazuretoolsdev.blob.core.windows.net/installers/UpgradePStoV4.ps1",
		"fileUris": "https://dxcazuretoolsdev.blob.core.windows.net/installers/CrowdStrikeInstallerWithPassword.ps1",
		"cwppsupgrade": "[if(and(equals(parameters('windowsOSVersion'),'2008-R2-SP1'), equals(parameters('securityAgent'),'symantec')), 'true', 'false')]",
		"avExtensionName": "[if(equals(parameters('securityAgent'),'symantec'), '/extensions/SCWPAgentForWindows', '/extensions/CrowdStrikeAgent')]",
        "backupFabric": "Azure",
        "v2Vm": "vm;iaasvmcontainerv2;",    
        "dxcEPAgent": "[if(equals(parameters('securityAgent'),'symantec'), 'symantec', 'crowdstrike')]",
        "dxcBackup": "[concat('{\"Required\":\"','True','\", \"RecoveryVault\":\"',parameters('existingRecoveryServicesVault'),'\", \"BackupPolicy\":\"',parameters('existingBackupPolicy'),'\"}')]",
        "dxcPatchGrp":"[concat('{\"Required\":\"','True','\", \"PatchGroupName\":\"',parameters('patchGroup'),'\"}')]"
      },
    "resources": [
        {
            "type": "Microsoft.Network/publicIPAddresses",
            "apiVersion": "[providers('Microsoft.Network','publicIPAddresses').apiVersions[0]]",
            "name": "[concat(variables('vmPublicIP'))]",
            "location": "[parameters('vmLocation')]",
            "properties": {
                "publicIPAllocationMethod": "Dynamic"
            },
            "condition": "[equals(parameters('publicIPRequired'),'yes')]"
        },
        {
            "type": "Microsoft.Network/networkInterfaces",
            "apiVersion": "[providers('Microsoft.Network','networkInterfaces').apiVersions[0]]",
            "name": "[variables('nicName')]",
            "location": "[parameters('vmLocation')]",
            "dependsOn": [
                "[resourceId('Microsoft.Network/publicIPAddresses', variables('vmPublicIP'))]"
            ],
            "properties": {
                "ipConfigurations": [
                    {
                        "name": "Prod",
                        "properties": {
                            "privateIPAllocationMethod": "Dynamic",
                            "subnet": {
                                "id": "[variables('subnetRef')]"
                            },
                            "publicIPAddress": "[if(equals(parameters('publicIPRequired'),'yes'), variables('publicIPAddress'), json('null'))]"
                        }
                    }
                ]
            }
        },
        {
            "type": "Microsoft.Compute/virtualMachines",
            "apiVersion": "[providers('Microsoft.Compute','virtualMachines').apiVersions[0]]",
            "name": "[parameters('vmName')]",
            "location": "[parameters('vmLocation')]",
            "dependsOn": [
                "[concat('Microsoft.Network/networkInterfaces/', variables('nicName'))]"
            ],
            "tags": {
                "service":"selfheal",
                "dxcManaged": "True",
                "dxcMonitored":  "True",
                "dxcPatchGroup":"[variables('dxcPatchGrp')]",
                "dxcAdditionalSupport":"cloudopsautomationteam@dxc.com",
                "dxcResourceRole":"Selfheal",
                "dxcBackup":"[variables('dxcBackup')]",
                "dxcEPAgent": "[variables('dxcEPAgent')]",
                "dxcConfigurationCheck": "[parameters('dxcConfigurationCheck')]"
            },
            "properties": {
                "hardwareProfile": {
                    "vmSize": "[parameters('vmSize')]"
                },
                "osProfile": {
                    "computerName": "[parameters('vmName')]",
                    "adminUsername": "[parameters('adminUsername')]",
                    "adminPassword": "[parameters('adminPassword')]",
                    "windowsConfiguration": {
                        "enableAutomaticUpdates": false
                    }
                },
                "storageProfile": {
                    "imageReference": {
                        "publisher": "[variables('imagePublisher')]",
                        "offer": "[variables('imageOffer')]",
                        "sku": "[parameters('windowsOSVersion')]",
                        "version": "latest"
                    },
                    "osDisk": {
                        "name": "[variables('osDiskName')]",
                        "createOption": "FromImage",
                        "caching": "ReadWrite",
                        "managedDisk": {
                            "storageAccountType": "[variables('storageAccountType')]"
                        }
                    }
                },
                "networkProfile": {
                    "networkInterfaces": [
                        {
                            "id": "[resourceId('Microsoft.Network/networkInterfaces',variables('nicName'))]"
                        }
                    ]
                },
                "diagnosticsProfile": 
                {
                "bootDiagnostics": 
                    {
                    "enabled": true,
                    "storageUri": "[reference(resourceId(parameters('existingDiagnosticsStorageResourceGroup'), 'Microsoft.Storage/storageAccounts', parameters('existingDiagnosticsStorageAccountName')), '2015-06-15').primaryEndpoints['blob']]"
                    }
                }
            },
            "resources": [
                {
                    "type": "extensions",
                    "apiVersion": "2018-10-01",
                    "name": "MicrosoftMonitoringAgent",
                    "location": "[parameters('vmLocation')]",
                    "dependsOn": [
                        "[concat('Microsoft.Compute/virtualMachines/', parameters('vmName'))]"
                    ],
                    "properties": {
                        "publisher": "Microsoft.EnterpriseCloud.Monitoring",
                        "type": "MicrosoftMonitoringAgent",
                        "typeHandlerVersion": "1.0",
                        "autoUpgradeMinorVersion": true,
                        "settings": {
                            "workspaceId": "[parameters('workspaceId')]"
                        },
                        "protectedSettings": {
                            "workspaceKey": "[parameters('workspaceKey')]"
                        }
                    }
                },
                {
                    "type": "extensions",
                    "apiVersion": "2019-03-01",
                    "name": "DiagnosticExtension",
                    "location": "[parameters('vmLocation')]",
                    "dependsOn": [
                      "[concat('Microsoft.Compute/virtualMachines/', parameters('vmName'))]"
                    ],
                    "properties": {
                        "publisher": "Microsoft.Azure.Diagnostics",
                        "type": "IaaSDiagnostics",
                        "typeHandlerVersion": "1.5",
                        "autoUpgradeMinorVersion": true,
                        "settings": {
                            "xmlCfg": "[base64(concat(variables('wadcfgxstart'), variables('wadmetricsresourceid'), parameters('vmName'), variables('wadcfgxend')))]",
                            "storageAccount": "[parameters('existingDiagnosticsStorageAccountName')]"
                        },
                        "protectedSettings": {
                            "storageAccountName": "[parameters('existingDiagnosticsStorageAccountName')]",
                            "storageAccountKey": "[listkeys(variables('accountid'), '2015-06-15').key1]",
                            "storageAccountEndPoint": "https://core.windows.net"
                        }
                    }
                },
	            {
		            "condition": "[equals(variables('cwppsupgrade'),'true')]",
		            "apiVersion": "2018-10-01",
		            "type": "Microsoft.Compute/virtualMachines/extensions",
		            "name": "[concat(parameters('vmName'),'/UpgradePSVersion')]",
		            "location": "[parameters('vmLocation')]",
		            "dependsOn": [
			            "[concat('Microsoft.Compute/virtualMachines/', parameters('vmName'))]"
		            ],
		            "properties": {
			            "publisher": "Microsoft.Compute",
			            "type": "CustomScriptExtension",
			            "typeHandlerVersion": "1.9",
			            "autoUpgradeMinorVersion": true,
			            "settings": {
			                "fileUris": "[split(variables('fileUriscwppsupgrade'), ' ')]"
			            },
			            "protectedSettings": {
			                "commandToExecute": "[concat ('powershell -ExecutionPolicy Unrestricted -File UpgradePStoV4.ps1' )]",
			                "storageAccountName": "dxcazuretoolsdev"
			            }
		            }
	            },
	            {
		            "condition": "[equals(parameters('securityAgent'),'crowdstrike')]",
		            "name": "[concat(parameters('vmName'),'/CrowdStrikeAgent')]",
		            "type": "Microsoft.Compute/virtualMachines/extensions",
		            "location": "[parameters('vmLocation')]",
		            "apiVersion": "2018-10-01",
		            "dependsOn": [
			            "[concat('Microsoft.Compute/virtualMachines/', parameters('vmName'))]",
			            "[concat('Microsoft.Compute/virtualMachines/', parameters('vmName'), '/extensions/MicrosoftMonitoringAgent')]"
			        ],
		            "properties": {
			            "publisher": "Microsoft.Compute",
			            "type": "CustomScriptExtension",
			            "typeHandlerVersion": "1.7",
			            "autoUpgradeMinorVersion": true,
			            "settings": {"fileUris": "[split(variables('fileUris'), ' ')]"},
			            "protectedSettings": 
				        {
				        "commandToExecute": "[concat ('powershell -ExecutionPolicy Unrestricted -File CrowdStrikeInstallerWithPassword.ps1 -CID ', parameters('csCID'), ' -UninstallPW ', parameters('csUninstallPW'))]",
				        "storageAccountName": "dxcazuretoolsdev"
				        }
			        }
	            },
	            {
		            "condition": "[equals(parameters('securityAgent'),'symantec')]",
		            "type": "Microsoft.Compute/virtualMachines/extensions",
		            "apiVersion": "2015-06-15",
		            "name": "[concat(parameters('vmName'),'/SCWPAgentForWindows')]",
		            "location": "[parameters('vmLocation')]",
		            "dependsOn": [
			            "[concat('Microsoft.Compute/virtualMachines/', parameters('vmName'))]",
    			        "[concat('Microsoft.Compute/virtualMachines/', parameters('vmName'), '/extensions/DiagnosticExtension')]"
	    	        ],
		            "properties": {
    			        "publisher": "Symantec.CloudWorkloadProtection",
	    		        "type": "SCWPAgentForWindows",
			            "typeHandlerVersion": "2.2",
			            "autoUpgradeMinorVersion": true,
			            "settings": {
    				        "customerId": "[parameters('SymantecCustomerId')]",
				            "domainId": "[parameters('SymantecDomainId')]",
				            "clientId": "[parameters('SymantecClientId')]",
				            "forceReboot": "yes"
			            },
			            "protectedSettings": {
    				        "customerSecretKey": "[parameters('SymantecCustomerSecretKey')]",
				            "clientSecretKey": "[parameters('SymantecClientSecretKey')]"
			            }
		            }
	            },
                {
                    "apiVersion": "2017-05-10",
                    "name": "[concat(parameters('vmName'), '-' , 'BackupIntent')]",
                    "type": "Microsoft.Resources/deployments",
                    "resourceGroup": "[parameters('existingRecoveryServicesVaultRG')]",
                    "properties": {
                    "mode": "Incremental",
                    "template": {
                        "$schema": "https://schema.management.azure.com/schemas/2019-04-01/deploymentTemplate.json#",
                        "contentVersion": "1.0.0.0",
                        "resources": [
                        {
                        "name": "[concat(parameters('existingRecoveryServicesVault'), '/', variables('backupFabric'), '/', variables('v2Vm'),resourceGroup().name,';', parameters('vmName'))]",
                        "apiVersion": "2017-07-01",
                        "type": "Microsoft.RecoveryServices/vaults/backupFabrics/backupProtectionIntent",
                        "properties": {
                          "friendlyName": "[concat(parameters('vmName'), 'BackupIntent')]",
                          "protectionIntentItemType": "AzureResourceItem",
                          "policyId": "[resourceId(parameters('existingRecoveryServicesVaultRG'), 'Microsoft.RecoveryServices/vaults/backupPolicies', parameters('existingRecoveryServicesVault'), parameters('existingBackupPolicy'))]",
                          "sourceResourceId": "[resourceId(resourceGroup().name, 'Microsoft.Compute/virtualMachines', parameters('vmName'))]"
                        }
                      }
                    ]
                  }
                },
                "dependsOn": [
                  "[concat('Microsoft.Compute/virtualMachines/', parameters('vmName'))]"
                ]
              }                
            ]
        }
    ],
    "outputs": {}
}
