{
    "$schema": "https://schema.management.azure.com/schemas/2015-01-01/deploymentTemplate.json#",
    "contentVersion": "1.0.0.0",
    "parameters": {
        "LogicAppName": {
            "defaultValue": "",
            "type": "String"
        },
        "connections_azureautomation_externalid": {
            "defaultValue": "",
            "type": "String"
        },
        "connection_id": {
            "defaultValue": "",
            "type": "String"
        },
        "connection_name": {
            "defaultValue": "",
            "type": "String"
        },        
        "LA_location": {
            "defaultValue": "",
            "type": "String"
        },
        "RGPath": {
            "defaultValue": "",
            "type": "String"
        },
        "RGPath_TriggerBackup_RB": {
            "defaultValue": "",
            "type": "String"
        },
        "RGPath_Validate_RB": {
            "defaultValue": "",
            "type": "String"
        }                                                  
    },
    "variables": {},
    "resources": [
        {
            "type": "Microsoft.Logic/workflows",
            "apiVersion": "2017-07-01",
            "name": "[parameters('LogicAppName')]",
            "location": "[parameters('LA_location')]",
            "properties": {
                "state": "Enabled",
                "definition": {
                    "$schema": "https://schema.management.azure.com/providers/Microsoft.Logic/schemas/2016-06-01/workflowdefinition.json#",
                    "contentVersion": "1.0.0.0",
                    "parameters": {
                        "$connections": {
                            "defaultValue": {},
                            "type": "Object"
                        }
                    },
                    "triggers": {
                        "manual": {
                            "type": "Request",
                            "kind": "Http",
                            "inputs": {
                                "schema": {
                                    "properties": {
                                        "AlertRuleName": {
                                            "type": "string"
                                        },
                                        "Description": {
                                            "type": "string"
                                        },
                                        "ErrCode": {
                                            "type": "string"
                                        },
                                        "ErrMsg": {
                                            "type": "string"
                                        },
                                        "RGName": {
                                            "type": "string"
                                        },
                                        "ResultCount": {
                                            "type": "integer"
                                        },
                                        "SearchIntervalEnd": {
                                            "type": "string"
                                        },
                                        "SearchIntervalStart": {
                                            "type": "string"
                                        },
                                        "SearchQuery": {
                                            "type": "string"
                                        },
                                        "Severity": {
                                            "type": "string"
                                        },
                                        "SubsID": {
                                            "type": "string"
                                        },
                                        "VMName": {
                                            "type": "string"
                                        },
                                        "VaultName": {
                                            "type": "string"
                                        }
                                    },
                                    "type": "object"
                                }
                            }
                        }
                    },
                    "actions": {
                        "BackupErrorSupported": {
                            "actions": {
                                "Send-DatatoCL": {
                                    "runAfter": {
                                        "Trigger-Backup-Output": [
                                            "Succeeded"
                                        ]
                                    },
                                    "type": "ApiConnection",
                                    "inputs": {
                                        "body": {
                                            "properties": {
                                                "parameters": {
                                                    "JsonInput": "@{body('Trigger-Backup-Output')}"
                                                }
                                            }
                                        },
                                        "host": {
                                            "connection": {
                                                "name": "@parameters('$connections')['azureautomation']['connectionId']"
                                            }
                                        },
                                        "method": "put",
                                        "path": "[parameters('RGPath')]",
                                        "queries": {
                                            "runbookName": "send-DatatoCL",
                                            "wait": true,
                                            "x-ms-api-version": "2015-10-31"
                                        }
                                    }
                                },
                                "Trigger-Backup": {
                                    "runAfter": {},
                                    "type": "ApiConnection",
                                    "inputs": {
                                        "body": {
                                            "properties": {
                                                "parameters": {
                                                    "JsonInput": "@{body('Validate-ErrorforSelfHeal-Output')}"
                                                }
                                            }
                                        },
                                        "host": {
                                            "connection": {
                                                "name": "@parameters('$connections')['azureautomation']['connectionId']"
                                            }
                                        },
                                        "method": "put",
                                        "path": "[parameters('RGPath')]",
                                        "queries": {
                                            "runbookName": "buaas-triggerBackup",
                                            "wait": true,
                                            "x-ms-api-version": "2015-10-31"
                                        }
                                    }
                                },
                                "Trigger-Backup-Output": {
                                    "runAfter": {
                                        "Trigger-Backup": [
                                            "Succeeded"
                                        ]
                                    },
                                    "type": "ApiConnection",
                                    "inputs": {
                                        "host": {
                                            "connection": {
                                                "name": "@parameters('$connections')['azureautomation']['connectionId']"
                                            }
                                        },
                                        "method": "get",
                                        "path": "[parameters('RGPath_TriggerBackup_RB')]",
                                        "queries": {
                                            "x-ms-api-version": "2015-10-31"
                                        }
                                    }
                                }
                            },
                            "runAfter": {
                                "Parse_JSON": [
                                    "Succeeded"
                                ]
                            },
                            "else": {
                                "actions": {
                                    "Send-DatatoCL_ErrorNotSupported": {
                                        "runAfter": {},
                                        "type": "ApiConnection",
                                        "inputs": {
                                            "body": {
                                                "properties": {
                                                    "parameters": {
                                                        "JsonInput": "@{body('Validate-ErrorforSelfHeal-Output')}"
                                                    }
                                                }
                                            },
                                            "host": {
                                                "connection": {
                                                    "name": "@parameters('$connections')['azureautomation']['connectionId']"
                                                }
                                            },
                                            "method": "put",
                                            "path": "[parameters('RGPath')]",
                                            "queries": {
                                                "runbookName": "send-DatatoCL",
                                                "wait": true,
                                                "x-ms-api-version": "2015-10-31"
                                            }
                                        }
                                    }
                                }
                            },
                            "expression": {
                                "and": [
                                    {
                                        "equals": [
                                            "@body('Parse_JSON')?['BackupErrorSupported']",
                                            "True"
                                        ]
                                    }
                                ]
                            },
                            "type": "If"
                        },
                        "Parse_JSON": {
                            "runAfter": {
                                "Validate-ErrorforSelfHeal-Output": [
                                    "Succeeded"
                                ]
                            },
                            "type": "ParseJson",
                            "inputs": {
                                "content": "@body('Validate-ErrorforSelfHeal-Output')",
                                "schema": {
                                    "properties": {
                                        "AlertObjectType": {
                                            "type": "string"
                                        },
                                        "BackupErrorSupported": {
                                            "type": "string"
                                        },
                                        "ErrCode": {
                                            "type": "string"
                                        },
                                        "OSType": {
                                            "type": "string"
                                        },
                                        "ProcessedAlert": {
                                            "properties": {
                                                "BackupItemUniqueId_s": {
                                                    "type": "string"
                                                },
                                                "JobFailureCode_s": {
                                                    "type": "string"
                                                },
                                                "JobStatus_s": {
                                                    "type": "string"
                                                },
                                                "JobUniqueId_g": {
                                                    "type": "string"
                                                },
                                                "Level": {
                                                    "type": "string"
                                                },
                                                "OperationName": {
                                                    "type": "string"
                                                },
                                                "Resource": {
                                                    "type": "string"
                                                },
                                                "ResourceGroup": {
                                                    "type": "string"
                                                },
                                                "ResourceId": {
                                                    "type": "string"
                                                },
                                                "SubscriptionId": {
                                                    "type": "string"
                                                },
                                                "TimeGenerated": {
                                                    "type": "string"
                                                },
                                                "Type": {
                                                    "type": "string"
                                                },
                                                "_ResourceId": {
                                                    "type": "string"
                                                }
                                            },
                                            "type": "object"
                                        },
                                        "RGName": {
                                            "type": "string"
                                        },
                                        "SelfhealMessage": {
                                            "properties": {
                                                "Output": {
                                                    "type": "string"
                                                },
                                                "RunbookName": {
                                                    "type": "string"
                                                },
                                                "Status": {
                                                    "type": "string"
                                                }
                                            },
                                            "type": "object"
                                        },
                                        "SelfhealResult": {
                                            "type": "string"
                                        },
                                        "SelfhealSeverity": {
                                            "type": "string"
                                        },
                                        "SubscriptionID": {
                                            "type": "string"
                                        },
                                        "VMName": {
                                            "type": "string"
                                        },
                                        "VaultName": {
                                            "type": "string"
                                        },
                                        "WorkspaceName": {
                                            "type": "string"
                                        }
                                    },
                                    "type": "object"
                                }
                            }
                        },
                        "Validate-ErrorforSelfHeal-Output": {
                            "runAfter": {
                                "Validate-ErrorforSelfHealRB": [
                                    "Succeeded"
                                ]
                            },
                            "type": "ApiConnection",
                            "inputs": {
                                "host": {
                                    "connection": {
                                        "name": "@parameters('$connections')['azureautomation']['connectionId']"
                                    }
                                },
                                "method": "get",
                                "path": "[parameters('RGPath_Validate_RB')]",
                                "queries": {
                                    "x-ms-api-version": "2015-10-31"
                                }
                            }
                        },
                        "Validate-ErrorforSelfHealRB": {
                            "runAfter": {},
                            "type": "ApiConnection",
                            "inputs": {
                                "body": {
                                    "properties": {
                                        "parameters": {
                                            "JsonInput": "@triggerBody()"
                                        }
                                    }
                                },
                                "host": {
                                    "connection": {
                                        "name": "@parameters('$connections')['azureautomation']['connectionId']"
                                    }
                                },
                                "method": "put",
                                "path": "[parameters('RGPath')]",
                                "queries": {
                                    "runbookName": "validate-ErrorforSelfHeal",
                                    "wait": true,
                                    "x-ms-api-version": "2015-10-31"
                                }
                            }
                        }
                    },
                    "outputs": {}
                },
                "parameters": {
                    "$connections": {
                        "value": {
                            "azureautomation": {
                                "connectionId": "[parameters('connections_azureautomation_externalid')]",
                                "connectionName": "[parameters('connection_name')]",
                                "id": "[parameters('connection_id')]"
                            }
                        }
                    }
                }
            }
        }
    ]
}