{
  "properties": {
    "targetScope": "subscription",
    "parameters": {
      "az-hub-rg-tag_rgName": {
        "type": "string",
        "metadata": {
          "displayName": "rgName (az-hub-rg-tag)"
        },
        "allowedValues": []
      },
      "az-hub-rg-tag_rgLocation": {
        "type": "string",
        "metadata": {
          "displayName": "rgLocation (az-hub-rg-tag)"
        },
        "allowedValues": []
      },
      "vNet-Hub_virtualNetworkName": {
        "type": "string",
        "metadata": {
          "displayName": "virtualNetworkName (vNet-Hub)",
          "description": "Name of Virtual Network"
        },
        "allowedValues": []
      },
      "vNet-Hub_addressPrefix": {
        "type": "string",
        "metadata": {
          "displayName": "addressPrefix (vNet-Hub)",
          "description": "Address space of Virtual Network in CIDR format x.x.x.x/x"
        },
        "allowedValues": []
      },
      "vNet-Hub_RouteTableName": {
        "type": "string",
        "metadata": {
          "displayName": "RouteTableName (vNet-Hub)",
          "description": "Name of UDR-RT"
        },
        "allowedValues": []
      },
      "vNet-Hub_vmaIpAddress": {
        "type": "string",
        "metadata": {
          "displayName": "vmaIpAddress (vNet-Hub)",
          "description": "IP address for virtual appliance."
        },
        "allowedValues": []
      },
      "vNet-Hub_AzureFirewallSubnetPrefix": {
        "type": "string",
        "metadata": {
          "displayName": "AzureFirewallSubnetPrefix (vNet-Hub)",
          "description": "CIDR block for AzureFirewallSubnet subnet"
        },
        "allowedValues": []
      },
      "vNet-Hub_gatewaySubnetPrefix": {
        "type": "string",
        "metadata": {
          "displayName": "gatewaySubnetPrefix (vNet-Hub)",
          "description": "CIDR block for gateway subnet"
        },
        "allowedValues": []
      },
      "vNet-Hub_location": {
        "type": "string",
        "metadata": {
          "displayName": "location (vNet-Hub)",
          "description": "Location for all resources."
        },
        "allowedValues": []
      },
      "azfw_location": {
        "type": "string",
        "metadata": {
          "displayName": "location (azfw)"
        },
        "allowedValues": []
      },
      "azfw_resourceGroup": {
        "type": "string",
        "metadata": {
          "displayName": "resourceGroup (azfw)"
        },
        "allowedValues": []
      },
      "azfw_azureFirewallName": {
        "type": "string",
        "metadata": {
          "displayName": "azureFirewallName (azfw)"
        },
        "allowedValues": []
      },
      "azfw_subnetId": {
        "type": "string",
        "metadata": {
          "displayName": "subnetId (azfw)"
        },
        "allowedValues": []
      },
      "azfw_publicIpAddressName": {
        "type": "string",
        "metadata": {
          "displayName": "publicIpAddressName (azfw)"
        },
        "allowedValues": []
      },
      "azfw-diag_resourceName": {
        "type": "string",
        "metadata": {
          "displayName": "resourceName (azfw-diag)",
          "description": "Name of the resource"
        },
        "allowedValues": []
      },
      "azfw-diag_settingName": {
        "type": "string",
        "metadata": {
          "displayName": "settingName (azfw-diag)",
          "description": "Diagnostic setting Name"
        },
        "allowedValues": []
      },
      "azfw-diag_workspaceId": {
        "type": "string",
        "metadata": {
          "displayName": "workspaceId (azfw-diag)",
          "description": "Diagnostic setting Name"
        },
        "allowedValues": []
      }
    },
    "resourceGroups": {
      "ResourceGroup": {
        "metadata": {
          "displayName": "az-uswc-hub-vn-rg01"
        },
        "dependsOn": []
      },
      "ResourceGroup4": {
        "metadata": {
          "displayName": "az-uswc-hub-vn-rg01"
        },
        "dependsOn": []
      }
    }
  }
}