{
  "$schema": "https://schema.management.azure.com/schemas/2015-01-01/deploymentParameters.json#",
  "contentVersion": "1.0.0.0",
  "parameters": {
    "adminUsername": {
      "value": "adminuser"
    },
    "adminPassword": {
      "value": ""
    },
    "KeyVaultName": {
      "value": ""
    },
    "KeyVaultRG": {
      "value": "dxc-maint-rg"
    },
    "osVersion": {
      "value": "2019-Datacenter"
    },
    "vmName": {
      "value": ""
    },
    "vmSize": {
      "value": "Standard_D2_v2"
    },
    "vmLocation": {
      "value": ""
    },
    "timeZone": {
      "value": ""
    },
    "domainToJoin": {
      "value": ""
    },
    "domainUsername": {
      "value": ""
    },
    "domainPassword": {
      "value": ""
    },
    "ouPath": {
      "value": "OU=Computers,DC=testdomain,DC=local"
    },
    "OSDiskType": {
      "value": "StandardSSD_LRS"
    },
    "numberOfDataDisks": {
      "value": null
    },
    "dataDiskType": {
      "value": "StandardSSD_LRS"
    },
    "dataDiskSize": {
      "value": 128
    },
    "dataDiskHostCaching": {
      "value": "None"
    },
    "existingBootDiagStorageResourceGroup": {
      "value": "dxc-maint-rg"
    },
    "existingBootDiagStorageName": {
      "value": ""
    },
    "existingvNetResourceGroup": {
      "value": ""
    },
    "existingvNetName": {
      "value": ""
    },
    "subnetName": {
      "value": ""
    },
    "publicIPRequired": {
      "value": "no"
    },
    "joinAvailabilitySet": {
      "value": "no"
    },
    "existingAvailabilitySetName": {
      "value": "na"
    },
    "application": {
      "value": "application"
    },
    "departmentName": {
      "value": "dep"
    },
    "project": {
      "value": "proj"
    },
    "workspaceId": {
      "value": ""
    },
    "workspaceKey": {
      "value": ""
    },
    "securityAgent": {
      "value": "crowdstrike"
    },
    "csCID": {
      "value": ""
    },
    "SymantecCustomerId": {
      "value": "jghjkh"
    },
    "SymantecDomainId": {
      "value": "jkjkhjkh"
    },
    "SymantecClientId": {
      "value": "hjkhjkbhjkb"
    },
    "SymantecCustomerSecretKey": {
      "value": "knmbnk"
    },
    "SymantecClientSecretKey": {
      "value": "kjhjkbkjb"
    },
    "existingRecoveryServicesVaultRG": {
      "value": "dxc-maint-rg"
    },
    "existingRecoveryServicesVault": {
      "value": ""
    },
    "existingBackupPolicy": {
      "value": "DefaultPolicy"
    },
    "csUninstallPW": {
      "value": ""
    }
  }
}