<BackupInst xmlns="http://www.microsoft.com/GroupPolicy/GPOOperations/Manifest"><GPOGuid><![CDATA[{87A0D81A-AB21-41DE-A342-2F8EA3C08C36}]]></GPOGuid><GPODomain><![CDATA[myqueen.local]]></GPODomain><GPODomainGuid><![CDATA[{01a2e751-903f-4677-a6fc-2ef3ecdbdd3e}]]></GPODomainGuid><GPODomainController><![CDATA[RohitGPO.myqueen.local]]></GPODomainController><BackupTime><![CDATA[2017-03-15T15:11:12]]></BackupTime><ID><![CDATA[{A3D33815-4BA6-4821-943D-F191AD6EBB2A}]]></ID><Comment><![CDATA[Domain GPO Backup 15 March 17]]></Comment><GPODisplayName><![CDATA[DO-B-CSCBaselineDomainPolicy]]></GPODisplayName></BackupInst>
