{
  "$schema": "https://schema.management.azure.com/schemas/2019-04-01/deploymentTemplate.json#",
  "contentVersion": "1.0.0.0",
  "parameters": {
    "storageAccountName": { "type": "string" },
    "appInsightsKey": { "type": "string" },
    "hostingPlanName": { "type": "string" },
    "funcAppName": { "type": "string" },
    "location": { "type": "string" },
    "baseTime": {
      "type": "string",
      "defaultValue": "[utcNow()]"
    }
  },
  "variables": {
    "newTags": {
      "dxcManaged": "True",
      "dxcMonitored": "True",
      "dxcConfigurationCheck": "[parameters('baseTime')]"
    },
    "hostingEnvironment": "Windows"
  },
  "resources": [
    {
      "apiVersion": "2018-11-01",
      "name": "[parameters('funcAppName')]",
      "type": "Microsoft.Web/sites",
      "kind": "functionapp",
      "location": "[parameters('location')]",
      "tags": "[variables('newTags')]",
      "properties": {
        "name": "[parameters('funcAppName')]",
        "httpsOnly": true,
        "siteConfig": {
          "appSettings": [
            {
              "name": "FUNCTIONS_WORKER_RUNTIME",
              "value": "powershell"
            },
            {
              "name": "FUNCTIONS_EXTENSION_VERSION",
              "value": "~3"
            },
            {
              "name": "APPINSIGHTS_INSTRUMENTATIONKEY",
              "value": "[parameters('appInsightsKey')]"
            },
            {
              "name": "AzureWebJobsStorage",
              "value": "[concat('DefaultEndpointsProtocol=https;AccountName=',parameters('storageAccountName'),';AccountKey=',listKeys(resourceId('Microsoft.Storage/storageAccounts', parameters('storageAccountName')), '2019-06-01').keys[0].value,';EndpointSuffix=','core.windows.net')]"
            },
            {
              "name": "WEBSITE_CONTENTAZUREFILECONNECTIONSTRING",
              "value": "[concat('DefaultEndpointsProtocol=https;AccountName=',parameters('storageAccountName'),';AccountKey=',listKeys(resourceId('Microsoft.Storage/storageAccounts', parameters('storageAccountName')), '2019-06-01').keys[0].value,';EndpointSuffix=','core.windows.net')]"
            }
          ],
          "alwaysOn": true,
          "powerShellVersion": "~7"
        },
        "serverFarmId": "[concat('/subscriptions/', subscription().subscriptionId,'/resourcegroups/', resourceGroup().name, '/providers/Microsoft.Web/serverfarms/', parameters('hostingPlanName'))]",
        "hostingEnvironment": "[variables('hostingEnvironment')]",
        "clientAffinityEnabled": true
      }
    }
  ],
  "outputs": {}
}
