{
  "kind": "template",
  "properties": {
    "displayName": "Spoke",
    "description": "",
    "dependsOn": [],
    "template": {
      "$schema": "https://schema.management.azure.com/schemas/2019-04-01/deploymentTemplate.json#",
      "contentVersion": "1.0.0.0",
      "parameters": {
        "virtualNetworkName": {
          "type": "String",
          "metadata": {
            "description": "Name of Virtual Network"
          }
        },
        "addressPrefix": {
          "type": "String",
          "metadata": {
            "description": "Address space of Virtual Network in CIDR format x.x.x.x/x"
          }
        },
        "workspaceId1": {
          "type": "String",
          "metadata": {
            "description": "Resource ID of workspace to store VNet logs"
          }
        },
        "T1SubnetName": {
          "type": "String",
          "metadata": {
            "description": "Name of Subnet"
          }
        },
        "T1SubnetPrefix": {
          "type": "String",
          "metadata": {
            "description": "Address range of Subnet"
          }
        },
        "T2SubnetName": {
          "type": "String",
          "metadata": {
            "description": "Name of Subnet"
          }
        },
        "T2SubnetPrefix": {
          "type": "String",
          "metadata": {
            "description": "Address range of Subnet"
          }
        },
        "networkSecurityGroupsSettings": {
          "type": "Object"
        },
        "T1NSGName": {
          "type": "String",
          "metadata": {
            "description": "Name of NSG"
          }
        },
        "workspaceId2": {
          "type": "String",
          "metadata": {
            "description": "Resource ID of workspace to store NSG log"
          }
        },
        "RouteTableName": {
          "type": "String",
          "metadata": {
            "description": "Name of UDR-RT"
          }
        },
        "firewallIp": {
          "type": "String",
          "metadata": {
            "description": "IP address of Firewall."
          }
        },
        "location": {
          "defaultValue": "[resourceGroup().location]",
          "type": "String",
          "metadata": {
            "description": "Location for all resources."
          }
        }
      },
      "variables": {
        "routeTableName": "[parameters('RouteTableName')]",
        "firewallIp": "[parameters('firewallIp')]",
        "vnetlogsettingName": "vnetdiagnosticlog",
        "NSG1logsettingName": "NSGlog"
      },
      "resources": [
        {
          "type": "Microsoft.Network/routeTables",
          "apiVersion": "2015-06-15",
          "name": "[parameters('RouteTableName')]",
          "location": "[parameters('location')]",
          "tags": {
            "Resource": "RouteTable-UDR"
          },
          "properties": {
            "routes": [
              {
                "name": "defaultToSpokeFw",
                "properties": {
                  "addressPrefix": "0.0.0.0/0",
                  "nextHopType": "VirtualAppliance",
                  "nextHopIpAddress": "[parameters('firewallIp')]"
                }
              }
            ]
          }
        },
        {
          "type": "Microsoft.Network/virtualNetworks",
          "apiVersion": "2017-10-01",
          "name": "[parameters('virtualNetworkName')]",
          "location": "[parameters('location')]",
          "dependsOn": [
            "[concat('Microsoft.Network/networkSecurityGroups/', parameters('T1NSGName'))]",
            "[concat('Microsoft.Network/routeTables/', parameters('RouteTableName'))]"
          ],
          "properties": {
            "addressSpace": {
              "addressPrefixes": [
                "[parameters('addressPrefix')]"
              ]
            },
            "subnets": [
              {
                "name": "[parameters('T1SubnetName')]",
                "properties": {
                  "addressPrefix": "[parameters('T1SubnetPrefix')]",
                  "networkSecurityGroup": {
                    "id": "[resourceId('Microsoft.Network/networkSecurityGroups', parameters('T1NSGName'))]"
                  }
                }
              },
              {
                "name": "[parameters('T2SubnetName')]",
                "properties": {
                  "addressPrefix": "[parameters('T2SubnetPrefix')]",
                  "networkSecurityGroup": {
                    "id": "[resourceId('Microsoft.Network/networkSecurityGroups', parameters('T1NSGName'))]"
                  }
                }
              }
            ]
          }
        },
        {
          "type": "Microsoft.Network/networkSecurityGroups",
          "apiVersion": "2017-10-01",
          "name": "[parameters('T1NSGName')]",
          "location": "[parameters('location')]",
          "properties": {
            "securityRules": []
          }
        },
        {
          "type": "Microsoft.Resources/deployments",
          "apiVersion": "2015-01-01",
          "name": "loop-0",
          "dependsOn": [
            "[parameters('T1NSGName')]"
          ],
          "properties": {
            "mode": "Incremental",
            "parameters": {},
            "template": {
              "$schema": "https://schema.management.azure.com/schemas/2015-01-01/deploymentTemplate.json#",
              "contentVersion": "1.0.0.0",
              "parameters": {},
              "variables": {},
              "resources": [],
              "outputs": {}
            }
          }
        },
        {
          "type": "Microsoft.Resources/deployments",
          "apiVersion": "2015-01-01",
          "name": "[concat('loop-', copyIndex(1))]",
          "dependsOn": [
            "[concat('loop-', copyIndex())]"
          ],
          "properties": {
            "mode": "Incremental",
            "template": {
              "$schema": "https://schema.management.azure.com/schemas/2015-01-01/deploymentTemplate.json#",
              "contentVersion": "1.0.0.0",
              "parameters": {},
              "variables": {},
              "resources": [
                {
                  "name": "[concat(parameters('T1NSGName'),'/' , parameters('networkSecurityGroupsSettings').securityRules[copyIndex()].name)]",
                  "type": "Microsoft.Network/networkSecurityGroups/securityRules",
                  "apiVersion": "2016-09-01",
                  "location": "[parameters('location')]",
                  "properties": {
                    "description": "[parameters('networkSecurityGroupsSettings').securityRules[copyIndex()].description]",
                    "priority": "[parameters('networkSecurityGroupsSettings').securityRules[copyIndex()].priority]",
                    "protocol": "[parameters('networkSecurityGroupsSettings').securityRules[copyIndex()].protocol]",
                    "sourcePortRange": "[parameters('networkSecurityGroupsSettings').securityRules[copyIndex()].sourcePortRange]",
                    "destinationPortRange": "[parameters('networkSecurityGroupsSettings').securityRules[copyIndex()].destinationPortRange]",
                    "sourceAddressPrefix": "[parameters('networkSecurityGroupsSettings').securityRules[copyIndex()].sourceAddressPrefix]",
                    "destinationAddressPrefix": "[parameters('networkSecurityGroupsSettings').securityRules[copyIndex()].destinationAddressPrefix]",
                    "access": "[parameters('networkSecurityGroupsSettings').securityRules[copyIndex()].access]",
                    "direction": "[parameters('networkSecurityGroupsSettings').securityRules[copyIndex()].direction]"
                  }
                }
              ],
              "outputs": {}
            }
          },
          "copy": {
            "name": "iterator",
            "count": "[length(parameters('networkSecurityGroupsSettings').securityRules)]"
          }
        },
        {
          "type": "Microsoft.Network/virtualNetworks/providers/diagnosticSettings",
          "apiVersion": "2017-05-01-preview",
          "name": "[concat(parameters('virtualNetworkName'), '/Microsoft.Insights/', variables('vnetlogsettingName'))]",
          "dependsOn": [
            "[concat('Microsoft.Network/virtualNetworks/', parameters('virtualNetworkName'))]"
          ],
          "properties": {
            "workspaceId": "[parameters('workspaceId1')]",
            "metrics": [
              {
                "category": "AllMetrics",
                "enabled": true
              }
            ]
          }
        },
        {
          "type": "Microsoft.Network/networkSecurityGroups/providers/diagnosticSettings",
          "apiVersion": "2017-05-01-preview",
          "name": "[concat(parameters('T1NSGName'), '/Microsoft.Insights/', variables('NSG1logsettingName'))]",
          "dependsOn": [
            "[concat('Microsoft.Network/networkSecurityGroups/', parameters('T1NSGName'))]"
          ],
          "properties": {
            "workspaceId": "[parameters('workspaceId2')]",
            "logs": [
              {
                "category": "NetworkSecurityGroupEvent",
                "enabled": true
              },
              {
                "category": "NetworkSecurityGroupRuleCounter",
                "enabled": true
              }
            ]
          }
        }
      ]
    },
    "resourceGroup": "ResourceGroup",
    "parameters": {
      "virtualNetworkName": {
        "value": "[parameters('spoke_virtualNetworkName')]"
      },
      "addressPrefix": {
        "value": "[parameters('spoke_addressPrefix')]"
      },
      "workspaceId1": {
        "value": "[parameters('spoke_workspaceId1')]"
      },
      "T1SubnetName": {
        "value": "[parameters('spoke_T1SubnetName')]"
      },
      "T1SubnetPrefix": {
        "value": "[parameters('spoke_T1SubnetPrefix')]"
      },
      "T2SubnetName": {
        "value": "[parameters('spoke_T2SubnetName')]"
      },
      "T2SubnetPrefix": {
        "value": "[parameters('spoke_T2SubnetPrefix')]"
      },
      "T1NSGName": {
        "value": "[parameters('spoke_T1NSGName')]"
      },
      "workspaceId2": {
        "value": "[parameters('spoke_workspaceId2')]"
      },
      "RouteTableName": {
        "value": "[parameters('spoke_RouteTableName')]"
      },
      "firewallIp": {
        "value": "[parameters('spoke_firewallIp')]"
      },
      "location": {
        "value": "[parameters('spoke_location')]"
      },
      "networkSecurityGroupsSettings": {
        "value": "[parameters('spoke_networkSecurityGroupsSettings')]"
      }
    }
  }
}