{
  "kind": "template",
  "properties": {
    "displayName": "VNet Peering",
    "description": "",
    "dependsOn": [],
    "template": {
      "$schema": "https://schema.management.azure.com/schemas/2019-04-01/deploymentTemplate.json#",
      "contentVersion": "1.0.0.0",
      "parameters": {
        "LocalVirtualNetworkName": {
          "type": "string",
          "metadata": {
            "description": "Set the local VNet name"
          }
        },
        "RemoteVNetName": {
          "type": "string",
          "metadata": {
            "description": "Set the remote VNet name"
          }
        },
        "RemoteVNetSubscriptionId": {
          "type": "String",
          "metadata": {
            "description": "Name of hub VNet."
          }
        },
        "RemoteVNetRGName": {
          "type": "String",
          "metadata": {
            "description": "Name of hub VNet."
          }
        }
      },
      "variables": {
        "RemoteVnetId": "[concat('/subscriptions/', variables('RemoteVNetSubscriptionId'), '/resourceGroups/', variables('RemoteVNetRGName'), '/providers/Microsoft.Network/virtualNetworks/', variables('RemoteVNetName'))]",
        "RemoteVNetName": "[parameters('RemoteVNetName')]",
        "RemoteVNetSubscriptionId": "[parameters('RemoteVNetSubscriptionId')]",
        "RemoteVNetRGName": "[parameters('RemoteVNetRGName')]",
        "LocalVirtualNetworkName": "[parameters('LocalVirtualNetworkName')]",
        "currentSub": "[subscription().subscriptionId]",
        "currentRg": "[resourceGroup().name]"
      },
      "resources": [
        {
          "type": "Microsoft.Network/virtualNetworks/virtualNetworkPeerings",
          "apiVersion": "2018-08-01",
          "name": "[concat(variables('LocalVirtualNetworkName'), '/peerToVnet2')]",
          "properties": {
            "allowVirtualNetworkAccess": true,
            "allowForwardedTraffic": true,
            "allowGatewayTransit": false,
            "useRemoteGateways": false,
            "remoteVirtualNetwork": {
              "id": "[variables('RemoteVnetId')]"
            }
          }
        },
        {
          "type": "Microsoft.Resources/deployments",
          "apiVersion": "2018-08-01",
          "name": "[concat('peerTo-', variables('LocalVirtualNetworkName'))]",
          "properties": {
            "mode": "Incremental",
            "parameters": {},
            "template": {
              "$schema": "https://schema.management.azure.com/schemas/2015-01-01/deploymentTemplate.json#",
              "contentVersion": "1.0.0.0",
              "parameters": {},
              "variables": {},
              "resources": [
                {
                  "type": "Microsoft.Network/virtualNetworks/virtualNetworkPeerings",
                  "name": "[concat(variables('RemoteVNetName'), concat('/peerTo-', variables('LocalVirtualNetworkName')))]",
                  "apiVersion": "2018-08-01",
                  "properties": {
                    "allowVirtualNetworkAccess": true,
                    "allowForwardedTraffic": true,
                    "allowGatewayTransit": false,
                    "useRemoteGateways": false,
                    "remoteVirtualNetwork": {
                      "id": "[resourceId(variables('currentSub'), variables('currentRg'), 'Microsoft.Network/virtualNetworks', variables('LocalVirtualNetworkName'))]"
                    }
                  }
                }
              ]
            }
          },
          "subscriptionId": "[variables('RemoteVNetSubscriptionId')]",
          "resourceGroup": "[variables('RemoteVNetRGName')]"
        }
      ]
    },
    "resourceGroup": "ResourceGroup",
    "parameters": {
      "LocalVirtualNetworkName": {
        "value": "[parameters('vNetPeering_LocalVirtualNetworkName')]"
      },
      "RemoteVNetName": {
        "value": "[parameters('vNetPeering_RemoteVNetName')]"
      },
      "RemoteVNetSubscriptionId": {
        "value": "[parameters('vNetPeering_RemoteVNetSubscriptionId')]"
      },
      "RemoteVNetRGName": {
        "value": "[parameters('vNetPeering_RemoteVNetRGName')]"
      }
    }
  }
}