<?xml version="1.0"?>
    <Section>
       <Category Name="DomainName">
        <InventoryItem Id="" Name="GPO List" Platform="All" Processed="False">
			    <InventoryCommand>Get-ADDSGPO -domain </InventoryCommand>
				<InventoryType>psExpression</InventoryType>
				<DataType>psObject</DataType>
				<InventoryValues Name="" Value="" PropertyDisplayOrder="DisplayName,DomainName,GPOStatus,CreationTime,ModificationTime"></InventoryValues>
		</InventoryItem>   
        <InventoryItem Id="" Name="GPO - Enforced" Platform="All" Processed="False">
			    <InventoryCommand>Get-ADDSEnforcedGPO -domain </InventoryCommand>
				<InventoryType>psExpression</InventoryType>
				<DataType>psObject</DataType>
				<InventoryValues Name="" Value="" PropertyDisplayOrder="OU_DistinguishedName,GPO_DisplayName,GPO_UniqueID"></InventoryValues>
		</InventoryItem>
       
        <InventoryItem Id="" Name="DC_DiskInfo" Platform="All" Processed="False">
			    <InventoryCommand>Get-DSDCDiskInfo -domain </InventoryCommand>
				<InventoryType>psExpression</InventoryType>
				<DataType>psObject</DataType>
				<InventoryValues Name="" Value="" PropertyDisplayOrder="Server,Drive,Size,Freespace,Freespace_Percentage"></InventoryValues>
		</InventoryItem>
        <InventoryItem Id="" Name="DomainControllers" Platform="All" Processed="False">
			    <InventoryCommand>Get-ADDSDomainController -domain </InventoryCommand>
				<InventoryType>psExpression</InventoryType>
				<DataType>psObject</DataType>
				<InventoryValues Name="" Value="" PropertyDisplayOrder="Name,OperatingSystem,GlobalCatalog,OperationMasterRoles,IPv4Address,Site,IsVirtual,LastRebootOn"></InventoryValues>
		</InventoryItem>
        <InventoryItem Id="" Name="OU Structure" Platform="All" Processed="False">
			    <InventoryCommand>Get-ADDSOUStructure -domain </InventoryCommand>
				<InventoryType>psExpression</InventoryType>
				<DataType>psObject</DataType>
				<InventoryValues Name="" Value="" PropertyDisplayOrder="Name,DistinguishedName,ParentDN,DomainDN,BlockedGPOInheritance"></InventoryValues>
		</InventoryItem>
        <InventoryItem Id="" Name="Privilege group members" Platform="All" Processed="False">
			    <InventoryCommand>Get-ADDSPrivGrpMembers -domain </InventoryCommand>
				<InventoryType>psExpression</InventoryType>
				<DataType>psObject</DataType>
				<InventoryValues Name="" Value="" PropertyDisplayOrder="UserName,UserDN,Memberof"></InventoryValues>
		</InventoryItem>
        <InventoryItem Id="" Name="Password Policy" Platform="All" Processed="False">
			    <InventoryCommand>Get-ADPWDPolicy -domain </InventoryCommand>
				<InventoryType>psExpression</InventoryType>
				<DataType>psObject</DataType>
				<InventoryValues Name="" Value="" PropertyDisplayOrder="ComplexityEnabled,LockoutDuration,LockoutThreshold,MaxPasswordAge,MinPasswordAge,MinimumPasswordLength,PasswordHistoryCount"></InventoryValues>
		</InventoryItem>
       </Category>
       
       <Category Name="Recommendations">
       <InventoryItem Id="" Name="DC Recommendations" Platform="All" Processed="False">
			    <InventoryCommand>Get-ADDSDCRecom -domain </InventoryCommand>
				<InventoryType>psExpression</InventoryType>
				<DataType>psObject</DataType>
				<InventoryValues Name="" Value="" PropertyDisplayOrder="ProblemDescription,CurrentValue"></InventoryValues>
		</InventoryItem>
       <InventoryItem Id="" Name="Event Logs" Platform="All" Processed="False">
			    <InventoryCommand>Find-ADDSEvents -domain </InventoryCommand>
				<InventoryType>psExpression</InventoryType>
				<DataType>psObject</DataType>
				<InventoryValues Name="" Value="" PropertyDisplayOrder="DomainController,EventID,TimeCreated,Level,Message"></InventoryValues>
		</InventoryItem>
        <InventoryItem Id="" Name="GPO - OrphanedGPO" Platform="All" Processed="False">
			    <InventoryCommand>Find-ADDSOrphanedGPO -domain </InventoryCommand>
				<InventoryType>psExpression</InventoryType>
				<DataType>psObject</DataType>
				<InventoryValues Name="" Value="" PropertyDisplayOrder="Name,Location"></InventoryValues>
		</InventoryItem>
        <InventoryItem Id="" Name="GPO - Unlinked" Platform="All" Processed="False">
			    <InventoryCommand>Get-ADDSUnLinkedGPO -domain </InventoryCommand>
				<InventoryType>psExpression</InventoryType>
				<DataType>psObject</DataType>
				<InventoryValues Name="" Value="" PropertyDisplayOrder="GPO_DisplayName,GPO_UniqueID"></InventoryValues>
		</InventoryItem>
        <InventoryItem Id="" Name="GPO - Disabled" Platform="All" Processed="False">
			    <InventoryCommand>Get-ADDSDisabledGPO -domain </InventoryCommand>
				<InventoryType>psExpression</InventoryType>
				<DataType>psObject</DataType>
				<InventoryValues Name="" Value="" PropertyDisplayOrder="OU_DistinguishedName,GPO_DisplayName,GPO_UniqueID"></InventoryValues>
		</InventoryItem>
        <InventoryItem Id="" Name="Organizational Unit" Platform="All" Processed="False">
				<InventoryCommand>Get-ADDSOURecom -domain </InventoryCommand>
				<InventoryType>psExpression</InventoryType>
				<DataType>psObject</DataType>
				<InventoryValues Name="" Value="" PropertyDisplayOrder="ProblemDescription,Name,DistinguishedName"></InventoryValues>
			</InventoryItem>
        <InventoryItem Id="" Name="DNS" Platform="All" Processed="False">
				<InventoryCommand>Get-ADDSDNSRecom -domain </InventoryCommand>
				<InventoryType>psExpression</InventoryType>
				<DataType>psObject</DataType>
				<InventoryValues Name="" Value="" PropertyDisplayOrder="ProblemDescription,Server,Zone"></InventoryValues>
			</InventoryItem>
           <InventoryItem Id="" Name="Privilege group membership count" Platform="All" Processed="False">
				<InventoryCommand>Find-ExcessiveGrpMem -domain </InventoryCommand>
				<InventoryType>psExpression</InventoryType>
				<DataType>psObject</DataType>
				<InventoryValues Name="" Value="" PropertyDisplayOrder="ProblemDescription,GroupName,MembersCount"></InventoryValues>
			</InventoryItem>
            <InventoryItem Id="" Name="Privilege users pwd settings" Platform="All" Processed="False">
				<InventoryCommand>Find-PwdNvrExpires -domain </InventoryCommand>
				<InventoryType>psExpression</InventoryType>
				<DataType>psObject</DataType>
				<InventoryValues Name="" Value="" PropertyDisplayOrder="ProblemDescription,UserName,DistinguishedName,Group,PasswordNeverExpires,PasswordLastSet_Days"></InventoryValues>
			</InventoryItem>
        <InventoryItem Id="" Name="AgedComputerObjects" Platform="All" Processed="False">
			    <InventoryCommand>Find-DSAgedComp -domain </InventoryCommand>
				<InventoryType>psExpression</InventoryType>
				<DataType>psObject</DataType>
				<InventoryValues Name="" Value="" PropertyDisplayOrder="ProblemDescription,Server,DistinguishedName,OperatingSystem,Servicepack,lastlogontimestamp"></InventoryValues>
		</InventoryItem>
    <InventoryItem Id="" Name="Registry" Platform="All" Processed="False">
			    <InventoryCommand>get-ADDSRegVal -domain </InventoryCommand>
				<InventoryType>psExpression</InventoryType>
				<DataType>psObject</DataType>
				<InventoryValues Name="" Value="" PropertyDisplayOrder="ProblemDescription,Server,CurrentValue,RecommendedValue"></InventoryValues>
		</InventoryItem>
        <InventoryItem Id="" Name="Duplicate SPNs" Platform="All" Processed="False">
			    <InventoryCommand>find-addsdupspn -domain </InventoryCommand>
				<InventoryType>psExpression</InventoryType>
				<DataType>psObject</DataType>
				<InventoryValues Name="" Value="" PropertyDisplayOrder="ProblemDescription,ObjectName,Objectclass,DistinguishedName,SPN"></InventoryValues>
		</InventoryItem>
       </Category>
       
    </Section>
     
	