<?xml version="1.0"?>
<!-- WinCompliance Baseline Inventory configuration file - node structure -->

<WCInventory version="1.0" UINodeName="ADHealthCheck">
<!--This section will define the node structure for Identifier Type -->
<!-- PropertyDisplayOrder attribute is added to specify the order of object properties in which they will be
     displayed in GUI report. If they're not specified, properties will be displayed in alphabetical order
     Note: If Property name in displayorder list contain spaces, they will be removed by reporting script!
     These spaces cause such columns to disappear from the report.
-->
	<Section Name="Forest Info">
	  <Category Name="ForestName">
		<InventoryItem Id="FI001" Name="Forest Information" Platform="All" Processed="False">
				<InventoryCommand>Get-ADDSForestInfo</InventoryCommand>
				<InventoryType>psExpression</InventoryType>
				<DataType>psObject</DataType>
				<InventoryValues Name="" Value="" PropertyDisplayOrder=""></InventoryValues>
			</InventoryItem>
        <InventoryItem Id="FI002" Name="Trust info" Platform="All" Processed="False">
				<InventoryCommand>Get-ADDSTrustInfo</InventoryCommand>
				<InventoryType>psExpression</InventoryType>
				<DataType>psObject</DataType>
				<InventoryValues Name="" Value="" PropertyDisplayOrder="Trust_Name,Source_Domain,Target_Domain,Direction_of_Trust,Trust_type,Selective_Authentication,SID_Filtering_Quarantined"></InventoryValues>
			</InventoryItem>
        <InventoryItem Id="FI003" Name="Site info - Sites" Platform="All" Processed="False">
				<InventoryCommand>Get-ADDSSites</InventoryCommand>
				<InventoryType>psExpression</InventoryType>
				<DataType>psObject</DataType>
				<InventoryValues Name="" Value="" PropertyDisplayOrder="Site_Name,InterSiteTopologyGenerator,BridgeheadServers,PreferredSmtpBridgeheadServers,PreferredRPCBridgeheadServers"></InventoryValues>
			</InventoryItem>
        <InventoryItem Id="FI004" Name="Site info - Site links" Platform="All" Processed="False">
				<InventoryCommand>Get-ADDSSitelinks</InventoryCommand>
				<InventoryType>psExpression</InventoryType>
				<DataType>psObject</DataType>
				<InventoryValues Name="" Value="" PropertyDisplayOrder="Site_Link,Cost,Replication_Interval,Type,Site_list"></InventoryValues>
			</InventoryItem>
        <InventoryItem Id="FI005" Name="Site info - NtdsConnections" Platform="All" Processed="False">
				<InventoryCommand>Get-ADDSNtdsConnection</InventoryCommand>
				<InventoryType>psExpression</InventoryType>
				<DataType>psObject</DataType>
				<InventoryValues Name="" Value="" PropertyDisplayOrder="ConnectionName,Source_DC,Destination_DC,Type"></InventoryValues>
			</InventoryItem>
        <InventoryItem Id="FI006" Name="Site info - Subnets" Platform="All" Processed="False">
				<InventoryCommand>Get-ADDSSiteSubnet</InventoryCommand>
				<InventoryType>psExpression</InventoryType>
				<DataType>psObject</DataType>
				<InventoryValues Name="" Value="" PropertyDisplayOrder="Subnet,Location,SiteName"></InventoryValues>
			</InventoryItem>
    <InventoryItem Id="FI007" Name="Active Directory Replication" Platform="All" Processed="False">
				<InventoryCommand>Get-ADDSReplInfo</InventoryCommand>
				<InventoryType>psExpression</InventoryType>
				<DataType>psObject</DataType>
				<InventoryValues Name="" Value="" PropertyDisplayOrder="DestinationDSASite,DestinationDSA,NamingContext,SourceDSASite,SourceDSA,TransportType,NumberofFailures,LastFailureTime,LastSuccessTime,LastFailureStatus"></InventoryValues>
			</InventoryItem>
     </Category>
     <Category Name="Recommendations">
             <InventoryItem Id="FR001" Name="General" Platform="All" Processed="False">
				<InventoryCommand>Get-GenRecom</InventoryCommand>
				<InventoryType>psExpression</InventoryType>
				<DataType>psObject</DataType>
				<InventoryValues Name="" Value="" PropertyDisplayOrder="ProblemDescription,CurrentValue"></InventoryValues>
			</InventoryItem>
            <InventoryItem Id="FR002" Name="Sites and Subnets" Platform="All" Processed="False">
				<InventoryCommand>Get-ADDSSitesandSubnets</InventoryCommand>
				<InventoryType>psExpression</InventoryType>
				<DataType>psObject</DataType>
				<InventoryValues Name="" Value="" PropertyDisplayOrder="ProblemDescription,SiteDNorSubnet,CurrentValue"></InventoryValues>
			</InventoryItem>
           
     </Category>
    </Section>
    <Section Name="Domain Info">
    </Section>
</WCInventory>