Implement,sAMAccountName,GivenName,LastName,Initials,OfficeName,Description,Mail,StreetAddress,City,PostalCode,State,Country,Company,Department,EmployeeID,ExtensionAttribute1,Title,Phone,Manager,ProfilePath,ScriptPath,HomeDirectory,HomeDrive,Password,PasswordNeverExpires,Enabled,TargetOU
Yes,wah,acha,naj,,,,,,,,,,,,,,,,,,,,,Welcome@123,FALSE,TRUE,"OU=Users,OU=BOM users,DC=pacino,DC=com"
Yes,gui,kutt,jba,,,,,,,,,,,,,,,,,,,,,Welcome@123,FALSE,TRUE,"OU=Users,OU=BOM users,DC=pacino,DC=com"
Yes,lalli,bhut,kl,,,,,,,,,,,,,,,,,,,,,Welcome@123,FALSE,TRUE,"OU=Users,OU=BOM users,DC=pacino,DC=com"
Yes,tatto,likkf,dwf,,,,,,,,,,,,,,,,,,,,,Welcome@123,FALSE,TRUE,"OU=Users,OU=BOM users,DC=pacino,DC=com"
Yes,kutes,jkand,fwefwef,,,,,,,,,,,,,,,,,,,,,Welcome@123,FALSE,TRUE,"OU=Users,OU=BOM users,DC=pacino,DC=com"
Yes,jiyaro,klajc,wefq,,,,,,,,,,,,,,,,,,,,,Welcome@123,FALSE,TRUE,"OU=Users,OU=BOM users,DC=pacino,DC=com"
