{
"$schema":"http://schema.management.azure.com/schemas/2015-01-01/deploymentTemplate.json",
"contentVersion":"1.0.0.0",
"parameters": 
    {
    "omsWorkspaceName":{"type":"string"},
    "omsWorkspaceLocation":{"type":"string"},
    "eventProcessingSchema":{"type":"string"},
    "alertVersion":{"type":"string"}
    },
"variables": 
    {
    "alertTag": "[concat('hidden-link:', resourceId('Microsoft.OperationalInsights/workspaces', parameters('omsWorkspaceName')))]",
    "extendedFields": " | extend eventType = 'itsm-Type', eventResource = 'itsm-Resource', eventFormat = 'itsm-Format', eventProcessingSchema = '",
    "endExtension": "'",
    "extendedQuery":"[concat(variables('extendedFields'), parameters('eventProcessingSchema'),variables('endExtension'))]",
    "AzureDiagnostics":" | extend ResourceId = tolower(ResourceId), Resource = tolower(Resource)",
    "AzureMetrics":" | extend ResourceId = tolower(ResourceId), Resource = tolower(Resource)",
    "ConfigurationChange":" | join kind= leftouter ( Heartbeat | distinct SourceComputerId,SubscriptionId,ResourceId) on SourceComputerId | extend Resource = Computer | project-away SourceComputerId1",
    "Event":"  | parse kind=relaxed _ResourceId with * '/subscriptions/' SubscriptionId '/resourcegroups/' * | extend Resource = Computer, ResourceId = _ResourceId | project-away  Computer, _ResourceId",
    "Heartbeat":" | extend Resource = Computer",
    "Perf":" | parse kind=relaxed _ResourceId with * '/subscriptions/' SubscriptionId '/resourcegroups/' * | extend Resource = Computer, ResourceId = _ResourceId | project-away  Computer, _ResourceId",
    "Syslog":"  | parse kind=relaxed _ResourceId with * '/subscriptions/' SubscriptionId '/resourcegroups/' * | extend Resource = Computer, ResourceId = _ResourceId | project-away  Computer, _ResourceId",
    "Update":"; Query | join kind= leftouter (Query | summarize makelist(Computer) by ResourceId) on ResourceId | project-away  Computer, ResourceId1",
    "MASActivity":" | extend ResourceId = Scope_s",
    "AzureKubernetes": " | parse kind=relaxed _ResourceId with * '/subscriptions/' SubscriptionId '/resourcegroups/' * | extend Resource = strcat_array((split(_ResourceId, '/', countof(_ResourceId, '/'))),''), ResourceId = _ResourceId, eventType = 'Availability', eventResource = 'Azure Kubernetes Cluster', eventFormat = 'AzureKubernetes'",
    "KubernetesNode": " | extend SubscriptionId = split(_ResourceId, '/', 2)[0] | extend Resource = strcat_array((split(_ResourceId, '/', countof(_ResourceId, '/'))),'') | extend ResourceId = _ResourceId ",
    "ContainerInsights":" | extend SubscriptionId = split(ClusterId, '/', 2)[0] | extend Resource = ClusterName, ResourceId = ClusterId",
    "alertStandard":
        {
        "AzureActivity":"[variables('extendedQuery')]",
        "AzureDiagnostics":"[concat(variables('AzureDiagnostics'), variables('extendedQuery'))]",
        "AzureMetrics":"[concat(variables('AzureMetrics'), variables('extendedQuery'))]",
        "ConfigurationChange":"[concat(variables('ConfigurationChange'), variables('extendedQuery'))]",
        "Event":"[concat(variables('Event'), variables('extendedQuery'))]",
        "Heartbeat":"[concat(variables('Heartbeat'), variables('extendedQuery'))]",
        "Perf":"[concat(variables('Perf'), variables('extendedQuery'))]",
        "Syslog":"[concat(variables('Syslog'), variables('extendedQuery'))]",
        "Update":"[concat(variables('Update'), variables('extendedQuery'))]",
        "MASActivity":"[concat(variables('MASActivity'), variables('extendedQuery'))]",
        "MASHardware":"[variables('extendedQuery')]",
        "ContainerInsights":"[concat(variables('ContainerInsights'), variables('extendedQuery'))]",
        "KubernetesNode":"[concat(variables('KubernetesNode'), variables('extendedQuery'))]",
        "AzureKubernetes":"[concat(variables('AzureKubernetes'), variables('extendedQuery'))]"
        },

    "alertArray":
        [
            {
            "alertName":"DXC-Major-AKS-Alert Condition",
            "description":"The Azure Kubernetes Service Cluster has failed a health check that may indicate one or more nodes are failing.  If additional nodes fail, this could result in total loss of the Cluster",
            "severity":"1",
            "query":"KubeHealth | where MonitorTypeId == 'cluster' | where NewState == 'warn'",
            "searchCategory":"AzureKubernetes",
            "alertThresholdValue":0,
            "operator":"GreaterThan",
            "scheduleIntervalInMinutes":5,
            "scheduleQueryTimeSpan":5,
            "eventType":"Availability",
            "eventResource":"Azure Kubernetes Cluster",
            "actionGroupName":"DXC-AG-Major"
            },
            {
            "alertName":"DXC-Critical-AKS-Alert Condition",
            "description":"The Azure Kubernetes Service Cluster has failed a health check that may indicate total loss of the Cluster",
            "severity":"0",
            "query":"KubeHealth | where MonitorTypeId == 'cluster' | where NewState == 'fail'",
            "searchCategory":"AzureKubernetes",
            "alertThresholdValue":0,
            "operator":"GreaterThan",
            "scheduleIntervalInMinutes":5,
            "scheduleQueryTimeSpan":5,
            "eventType":"Availability",
            "eventResource":"Azure Kubernetes Cluster",
            "actionGroupName":"DXC-AG-Critical"
            },
            {
            "alertName":"DXC-Major-AKS-Cluster CPU Usage has exceeded the threshold",
            "description":"The Azure Kubernetes Service Cluster has exceeded the CPU usage threshold",
            "severity":"1",
            "query":"let endDateTime = now();\nlet startDateTime = ago(1h);\nlet trendBinSize = 1m;\nlet capacityCounterName = 'cpuCapacityNanoCores';\nlet usageCounterName = 'cpuUsageNanoCores';\nKubeNodeInventory\n| where TimeGenerated < endDateTime\n| where TimeGenerated >= startDateTime\n| distinct ClusterId, ClusterName, Computer\n| join hint.strategy=shuffle (\n  Perf\n  | where TimeGenerated < endDateTime\n  | where TimeGenerated >= startDateTime\n  | where ObjectName == 'K8SNode'\n  | where CounterName == capacityCounterName\n  | summarize LimitValue = max(CounterValue) by Computer, CounterName, bin(TimeGenerated, trendBinSize)\n  | project Computer, CapacityStartTime = TimeGenerated, CapacityEndTime = TimeGenerated + trendBinSize, LimitValue\n) on Computer\n| join kind=inner hint.strategy=shuffle (\n  Perf\n  | where TimeGenerated < endDateTime + trendBinSize\n  | where TimeGenerated >= startDateTime - trendBinSize\n  | where ObjectName == 'K8SNode'\n  | where CounterName == usageCounterName\n  | project Computer, UsageValue = CounterValue, TimeGenerated\n) on Computer\n| where TimeGenerated >= CapacityStartTime and TimeGenerated < CapacityEndTime\n| project ClusterId, ClusterName, Computer, TimeGenerated, UsagePercent = UsageValue * 100.0 / LimitValue\n| summarize AggregatedValue = avg(UsagePercent) by bin(TimeGenerated, trendBinSize), ClusterId, ClusterName\n| where AggregatedValue > 90",
            "searchCategory":"ContainerInsights",
            "alertThresholdValue":0,
            "operator":"GreaterThan",
            "scheduleIntervalInMinutes":5,
            "scheduleQueryTimeSpan":5,
            "eventType":"Performance",
            "eventResource":"CPU",
            "actionGroupName":"DXC-AG-Major"
            },
            {
            "alertName":"DXC-Major-AKS-Cluster Node Disk Usage has exceeded the threshold",
            "description":"Azure Kubernetes Service Cluster Node has exceeded the Disk usage threshold",
            "severity":"1",
            "query":"let endDateTime = now(); let startDateTime = ago(1h); let trendBinSize = 1m; InsightsMetrics | where TimeGenerated < endDateTime | where TimeGenerated >= startDateTime | where Origin == 'container.azm.ms/telegraf' | where Namespace == 'container.azm.ms/disk' | extend Tags = todynamic(Tags) | project TimeGenerated, _ResourceId = tostring(Tags['container.azm.ms/clusterId']), Computer = tostring(Tags.hostName), Device = tostring(Tags.device), Path = tostring(Tags.path), DiskMetricName = Name, DiskMetricValue = Val | where DiskMetricName == 'used_percent' | summarize AggregatedValue = max(DiskMetricValue) by bin(TimeGenerated, trendBinSize), _ResourceId, Computer | where AggregatedValue >= 80",
            "searchCategory":"KubernetesNode",
            "alertThresholdValue":0,
            "operator":"GreaterThan",
            "scheduleIntervalInMinutes":5,
            "scheduleQueryTimeSpan":5,
            "eventType":"Performance",
            "eventResource":"Storage",
            "actionGroupName":"DXC-AG-Major"
            },
            {
            "alertName":"DXC-Major-AKS-Cluster RAM Usage has exceeded the threshold",
            "description":"The Azure Kubernetes Service Cluster has exceeded the RAM usage threshold",
            "severity":"1",
            "query":"let endDateTime = now(); let startDateTime = ago(1h); let trendBinSize = 1m; let capacityCounterName = 'memoryCapacityBytes'; let usageCounterName = 'memoryRssBytes'; KubeNodeInventory | where TimeGenerated < endDateTime | where TimeGenerated >= startDateTime | distinct ClusterId, ClusterName, Computer | join hint.strategy=shuffle ( Perf  | where TimeGenerated < endDateTime | where TimeGenerated >= startDateTime | where ObjectName == 'K8SNode' | where CounterName == capacityCounterName | summarize LimitValue = max(CounterValue) by Computer, CounterName, bin(TimeGenerated, trendBinSize) | project Computer, CapacityStartTime = TimeGenerated, CapacityEndTime = TimeGenerated + trendBinSize, LimitValue) on Computer | join kind=inner hint.strategy=shuffle (Perf | where TimeGenerated < endDateTime + trendBinSize | where TimeGenerated >= startDateTime - trendBinSize | where ObjectName == 'K8SNode' | where CounterName == usageCounterName | project Computer, UsageValue = CounterValue, TimeGenerated) on Computer | where TimeGenerated >= CapacityStartTime and TimeGenerated < CapacityEndTime | project ClusterId, ClusterName, Computer, TimeGenerated, UsagePercent = UsageValue * 100.0 / LimitValue | summarize AggregatedValue = avg(UsagePercent) by bin(TimeGenerated, trendBinSize), ClusterName, ClusterId | where AggregatedValue > 90 ",
            "searchCategory":"ContainerInsights",
            "alertThresholdValue":1,
            "operator":"GreaterThan",
            "scheduleIntervalInMinutes":5,
            "scheduleQueryTimeSpan":5,
            "eventType":"Performance",
            "eventResource":"Memory",
            "actionGroupName":"DXC-AG-Major"
            },
            {
            "alertName":"DXC-Major-AKS-Cluster Velero Backup has failed",
            "description":"AKS Velero backup has encountered an error, please examine logs",
            "severity":"1",
            "query":"VeleroCustomLog_CL | where AlertsSeverity_s == 'Critical' | extend _ResourceId = AKSClusterId_s",
            "searchCategory":"KubernetesNode",
            "alertThresholdValue":0,
            "operator":"GreaterThan",
            "scheduleIntervalInMinutes":5,
            "scheduleQueryTimeSpan":20,
            "eventType":"Backup",
            "eventResource":"Azure Kubernetes Cluster",
            "actionGroupName":"DXC-AG-Major"
            },
            {
            "alertName":"DXC-Major-AKS-Container has entered a failed state",
            "description":"AKS Container has entered a failed state, please examine log detail",
            "severity":"1",
            "query":"ContainerInventory | where ContainerState == 'Failed'| where _ResourceId contains 'managedclusters'",
            "searchCategory":"AzureKubernetes",
            "alertThresholdValue":0,
            "operator":"GreaterThan",
            "scheduleIntervalInMinutes":5,
            "scheduleQueryTimeSpan":5,
            "eventType":"Availability",
            "eventResource":"Azure Kubernetes Container",
            "actionGroupName":"DXC-AG-Major"
            },
            {
            "alertName":"DXC-Major-AKS-Container has exceeded 90 percent CPU usage limit",
            "description":"AKS Container has exceeded 90% of its defined usage limit, please examine logs",
            "severity":"1",
            "query":"let endDateTime = now(); let startDateTime = ago(1h); let trendBinSize = 1m; let capacityCounterName = 'cpuLimitNanoCores'; let usageCounterName = 'cpuUsageNanoCores'; KubePodInventory | where TimeGenerated < endDateTime | where TimeGenerated >= startDateTime | extend InstanceName = strcat(ClusterId, '/', ContainerName), ContainerName = ContainerName | distinct Computer, InstanceName, ContainerName, ClusterId, ClusterName | join hint.strategy=shuffle (Perf | where TimeGenerated < endDateTime | where TimeGenerated >= startDateTime | where ObjectName == 'K8SContainer' | where CounterName == capacityCounterName | summarize LimitValue = max(CounterValue) by Computer, InstanceName, bin(TimeGenerated, trendBinSize) | project Computer, InstanceName, LimitStartTime = TimeGenerated, LimitEndTime = TimeGenerated + trendBinSize, LimitValue ) on Computer, InstanceName | join kind=inner hint.strategy=shuffle ( Perf | where TimeGenerated < endDateTime + trendBinSize | where TimeGenerated >= startDateTime - trendBinSize | where ObjectName == 'K8SContainer'| where CounterName == usageCounterName | project Computer, InstanceName, UsageValue = CounterValue, TimeGenerated ) on Computer, InstanceName | where TimeGenerated >= LimitStartTime and TimeGenerated < LimitEndTime | project Computer, ContainerName, TimeGenerated, UsagePercent = UsageValue * 100.0 / LimitValue, InstanceName, ClusterId, ClusterName | summarize AggregatedValue = avg(UsagePercent) by bin(TimeGenerated, trendBinSize) , ContainerName, Computer, InstanceName, ClusterId, ClusterName | where AggregatedValue > 90",
            "searchCategory":"ContainerInsights",
            "alertThresholdValue":0,
            "operator":"GreaterThan",
            "scheduleIntervalInMinutes":5,
            "scheduleQueryTimeSpan":5,
            "eventType":"Performance",
            "eventResource":"CPU",
            "actionGroupName":"DXC-AG-Major"
            },
            {
            "alertName":"DXC-Major-AKS-Container has exceeded 90 percent Memory usage limit",
            "description":"AKS Container has exceeded 90% of its defined usage limit, please examine logs",
            "severity":"1",
            "query":"let endDateTime = now(); let startDateTime = ago(1h); let trendBinSize = 1m; let capacityCounterName = 'memoryLimitBytes'; let usageCounterName = 'memoryRssBytes'; KubePodInventory | where TimeGenerated < endDateTime | where TimeGenerated >= startDateTime | extend InstanceName = strcat(ClusterId, '/', ContainerName), ContainerName = ContainerName | distinct Computer, InstanceName, ContainerName, ClusterId, ClusterName | join hint.strategy=shuffle (Perf | where TimeGenerated < endDateTime | where TimeGenerated >= startDateTime | where ObjectName == 'K8SContainer' | where CounterName == capacityCounterName | summarize LimitValue = max(CounterValue) by Computer, InstanceName, bin(TimeGenerated, trendBinSize) | project Computer, InstanceName, LimitStartTime = TimeGenerated, LimitEndTime = TimeGenerated + trendBinSize, LimitValue ) on Computer, InstanceName | join kind=inner hint.strategy=shuffle ( Perf | where TimeGenerated < endDateTime + trendBinSize | where TimeGenerated >= startDateTime - trendBinSize | where ObjectName == 'K8SContainer'| where CounterName == usageCounterName | project Computer, InstanceName, UsageValue = CounterValue, TimeGenerated ) on Computer, InstanceName | where TimeGenerated >= LimitStartTime and TimeGenerated < LimitEndTime | project Computer, ContainerName, TimeGenerated, UsagePercent = UsageValue * 100.0 / LimitValue, InstanceName, ClusterId, ClusterName | summarize AggregatedValue = avg(UsagePercent) by bin(TimeGenerated, trendBinSize) , ContainerName, Computer, InstanceName, ClusterId, ClusterName | where AggregatedValue > 90",
            "searchCategory":"ContainerInsights",
            "alertThresholdValue":0,
            "operator":"GreaterThan",
            "scheduleIntervalInMinutes":5,
            "scheduleQueryTimeSpan":5,
            "eventType":"Performance",
            "eventResource":"Memory",
            "actionGroupName":"DXC-AG-Major"
            }
                      
        ]
    },
"resources":
    [
        {
        "name":"[variables('alertArray')[copyIndex()].alertName]",
        "type":"Microsoft.Insights/scheduledQueryRules",
        "apiVersion": "2018-04-16",
        "copy":
            {
            "name":"RuleCopy",
            "count":"[length(variables('alertArray'))]"
            },
        "location": "[parameters('omsWorkspaceLocation')]",
        "tags":{"[variables('alertTag')]": "[variables('alertArray')[copyIndex()].searchCategory]"},
        "properties":
            {
            "description": "[concat('Version:', parameters('alertVersion'), ' ', variables('alertArray')[copyIndex()].description)]",
            "enabled": "true",
            "source":
                {
                "query": "[concat(variables('alertArray')[copyIndex()].query, replace(replace(replace(variables('alertStandard')[variables('alertArray')[copyIndex()].searchCategory],'itsm-Type', variables('alertArray')[copyIndex()].eventType) ,'itsm-Resource', variables('alertArray')[copyIndex()].eventResource),'itsm-Format', variables('alertArray')[copyIndex()].searchCategory))]",
                "dataSourceId": "[resourceId('Microsoft.OperationalInsights/workspaces', parameters('omsWorkspaceName'))]",
                "queryType": "ResultCount"
                },
            "schedule":
                {
                "frequencyInMinutes": "[variables('alertArray')[copyIndex()].scheduleIntervalInMinutes]",
                "timeWindowInMinutes": "[variables('alertArray')[copyIndex()].scheduleQueryTimeSpan]"
                },
            "action":
                {
                "odata.type": "Microsoft.WindowsAzure.Management.Monitoring.Alerts.Models.Microsoft.AppInsights.Nexus.DataContracts.Resources.ScheduledQueryRules.AlertingAction",
                "severity":"[variables('alertArray')[copyIndex()].severity]",
                "aznsAction":{"actionGroup":"[array(resourceId('Microsoft.Insights/actionGroups',variables('alertArray')[copyIndex()].actionGroupName))]"
                             },
                "trigger":
                    {
                    "thresholdOperator":"[variables('alertArray')[copyIndex()].operator]",
                    "threshold":"[variables('alertArray')[copyIndex()].alertThresholdValue]"
                    }
                }
            }
        }
    ]
} 
