{
"$schema": "https://schema.management.azure.com/schemas/2015-01-01/deploymentTemplate.json#",
"contentVersion": "1.0.0.0",
"parameters": 
    {
    "omsWorkspaceName":{"type":"string"},
    "omsWorkspaceLocation":{"type":"string"},
    "eventProcessingSchema":{"type":"string"},
    "alertVersion":{"type":"string"}
    },
"variables": 
    {
    "alertTag": "[concat('hidden-link:', resourceId('Microsoft.Operationalinsights/workspaces', parameters('omsWorkspaceName')))]",
    "extendedFields": " | extend eventType = 'itsm-Type', eventResource = 'itsm-Resource', eventFormat = 'itsm-Format', eventProcessingSchema = '",
    "endExtension": "'",
    "snowIntegrationFields": "[concat(variables('extendedFields'), parameters('eventProcessingSchema'), variables('endExtension'))]",
    "dtuConsumptionMajorThreshold":"80",
    "dtuConsumptionMinorUpperThreshold":"80",
    "dtuConsumptionMinorLowerThreshold":"70",
    "eDTUConsumptionMajorThreshold": "80",
    "storageConsumptionMajorThreshold":"90",
    "alertStandard":
        {
        "AzureMetrics":"[concat(' | extend ResourceId = tolower(ResourceId), Resource = tolower(Resource)', variables('snowIntegrationFields'))]",
        "AzureDiagnostics":"[concat(' | extend ResourceId = tolower(ResourceId), Resource = tolower(Resource)', variables('snowIntegrationFields'))]"
        },
    "alertArray":
        [
            {
            "alertName":"DXC-Minor-Database-DTU Consumption",
            "description":"Database-Performance Minor. Average DTU consumption is high. High DTU consumption indicates consumption of available resources is high affecting the database performance.",
            "severity":"2",
            "query": "[concat('AzureMetrics | where ResourceProvider == \"MICROSOFT.SQL\" | where ResourceId contains \"DATABASES\" | where MetricName == \"dtu_consumption_percent\" | where Average >= ', variables('dtuConsumptionMinorLowerThreshold'), ' and Average < ', variables('dtuConsumptionMinorUpperThreshold'))]",
            "searchCategory":"AzureMetrics",
            "operator":"GreaterThan",
            "alertThresholdValue":0,
            "scheduleIntervalInMinutes":5,
            "scheduleQueryTimeSpan":10,
            "eventType":"Performance",
            "eventResource":"DTU",
            "actionGroupName":"DXC-AG-Minor"  
            },
            {
            "alertName":"DXC-Major-Database-DTU Consumption",
            "description":"Database-Performance Major. Average DTU consumption is Majorly high indicating that the database resource is reaching capacity and is affecting the database performance.",
            "severity":"1",
            "query":"[concat('AzureMetrics | where ResourceProvider == \"MICROSOFT.SQL\" | where ResourceId contains \"DATABASES\" | where MetricName == \"dtu_consumption_percent\" | where Average >= ', variables('dtuConsumptionMajorThreshold'))]",
            "searchCategory":"AzureMetrics",
            "operator":"GreaterThan",
            "alertThresholdValue":0,
            "scheduleIntervalInMinutes":5,
            "scheduleQueryTimeSpan":10,
            "eventType":"Performance",
            "eventResource":"DTU",
            "actionGroupName":"DXC-AG-Major"  
            },
            {
            "alertName":"DXC-Major-Database-Deadlocks",
            "description":"Database-Consistency Major. Process deadlocks detected. Continued deadlock condition indicates data access contention that may lead to poor application performance.",
            "severity":"1",
            "query":"AzureMetrics | where ResourceProvider == \"MICROSOFT.SQL\" | where ResourceId contains \"DATABASES\" | where MetricName == \"deadlock\" | where Count > 0",
            "searchCategory":"AzureMetrics",
            "operator":"GreaterThan",
            "alertThresholdValue":0,
            "scheduleIntervalInMinutes":5,
            "scheduleQueryTimeSpan":10,
            "eventType":"Performance",
            "eventResource":"Database",
            "actionGroupName":"DXC-AG-Major"    
            },
            {
            "alertName":"DXC-Major-Database-Failed Connections",
            "description":"Database-Availability Major Failed connections. There are issues connecting to the database due to various conditions. Investigate database error codes and refer to Azure SQL documentation for possible causes.",
            "severity":"1",
            "query":"AzureMetrics | where ResourceProvider == \"MICROSOFT.SQL\" | where ResourceId contains \"DATABASES\" | where MetricName == \"connection_failed\" | where Count > 0",
            "searchCategory":"AzureMetrics",
            "operator":"GreaterThan",
            "alertThresholdValue":0,
            "scheduleIntervalInMinutes":5,
            "scheduleQueryTimeSpan":10,
            "eventType":"Availability",
            "eventResource":"Network",
            "actionGroupName":"DXC-AG-Major"   
            },
            {
            "alertName":"DXC-Major-Database-Storage Consumption",
            "description":"Database-Storage at Major threshold. Database storage is near its capacity. When database space used reaches the max size limit, database inserts and updates that increase the data size fail and clients receive error messages. Increase database storage capacity or delete database records to resolve issue.",
            "severity":"1",
            "query":"[concat('AzureMetrics | where ResourceProvider == \"MICROSOFT.SQL\" | where ResourceId contains \"DATABASES\" | where MetricName == \"storage_percent\" | where Maximum > ', variables('storageConsumptionMajorThreshold'))]",
            "searchCategory":"AzureMetrics",
            "operator":"GreaterThan",
            "alertThresholdValue":0,
            "scheduleIntervalInMinutes":5,
            "scheduleQueryTimeSpan":10,
            "eventType":"Availability",
            "eventResource":"Storage",
            "actionGroupName":"DXC-AG-Major"    
            },
          {
            "alertName": "DXC-Minor-Database-Sev0-16 Error",
            "description": "Database-Availability Minor, non-Major database errors detected. These are Minor errors resulting from non-fatal operations such as divide by zero. If condition continues for extended period of time, further investigation is warranted.",
            "severity": "2",
            "query": "AzureDiagnostics | where ResourceProvider == \"MICROSOFT.SQL\" | where ResourceId contains \"DATABASES\" | where Category == \"Errors\" | where Severity <= 16",
            "searchCategory": "AzureDiagnostics",
            "operator": "GreaterThan",
            "alertThresholdValue": 0,
            "scheduleIntervalInMinutes": 5,
            "scheduleQueryTimeSpan": 10,
            "eventType": "Event Log",
            "eventResource": "Database",
            "actionGroupName": "DXC-AG-Minor"
          },
          {
            "alertName": "DXC-Major-Database-Sev17plus Error",
            "description": "Database-Availability Major database errors. Fatal database condition has been detected and should be attended to as soon as possible, eg. database running out of space which prevents insertions would raise this Major error.",
            "severity": "1",
            "query": "AzureDiagnostics | where ResourceProvider == \"MICROSOFT.SQL\" | where ResourceId contains \"DATABASES\" | where Category == \"Errors\" | where Severity > 16",
            "searchCategory": "AzureDiagnostics",
            "operator": "GreaterThan",
            "alertThresholdValue": 0,
            "scheduleIntervalInMinutes": 5,
            "scheduleQueryTimeSpan": 10,
            "eventType": "Event Log",
            "eventResource": "Database",
            "actionGroupName": "DXC-AG-Major"
          },
            {
            "alertName":"DXC-Minor-Database-Process Blocks",
            "description":"Database-Consistency Minor process blocks. Database non-fatal error (Minor) due to processes being blocked likely caused by multiple processes exclusively accessing data simultaneously.",
            "severity":"2",
            "query":"AzureDiagnostics | where ResourceProvider == \"MICROSOFT.SQL\" | where ResourceId contains \"DATABASES\" | where Category == \"Blocks\"",
            "searchCategory":"AzureDiagnostics",
            "operator":"GreaterThan",
            "alertThresholdValue":0,
            "scheduleIntervalInMinutes":30,
            "scheduleQueryTimeSpan":60,
            "eventType":"Performance",
            "eventResource":"Database",
            "actionGroupName":"DXC-AG-Minor"   
            },
            {
            "alertName":"DXC-Major-Database-Elastic-Pool-DTU Consumption",
            "description":"Database-Elastic Pool Performance Major. Average elastic pool DTU consumption is critically high indicating that the elastic pool DTU is reaching capacity and is affecting all contained database performance.",
            "severity":"1",
            "query":"[concat('AzureMetrics | where ResourceProvider == \"MICROSOFT.SQL\" | where ResourceId contains \"elasticpools\" | where MetricName == \"dtu_consumption_percent\" | where Average >= ', variables('eDTUConsumptionMajorThreshold'))]",
            "searchCategory":"AzureMetrics",
            "operator":"GreaterThan",
            "alertThresholdValue":0,
            "scheduleIntervalInMinutes":5,
            "scheduleQueryTimeSpan":10,
            "eventType":"Performance",
            "eventResource":"DTU",
            "actionGroupName":"DXC-AG-Major"
            },
            {
            "alertName":"DXC-Major-Database-Elastic-Pool-Storage Consumption",
            "description":"Database-Elastic Pool Storage at Major threshold. Elastic pool storage has reached its capacity affecting contained database operation. Resolution needs to be resolved as soon as possible to avoid database errors.",
            "severity":"1",
            "query":"[concat('AzureMetrics | where ResourceProvider == \"MICROSOFT.SQL\" | where ResourceId contains \"elasticpools\" | where MetricName == \"storage_percent\" | where Maximum > ', variables('storageConsumptionMajorThreshold'))]",
            "searchCategory":"AzureMetrics",
            "operator":"GreaterThan",
            "alertThresholdValue":0,
            "scheduleIntervalInMinutes":5,
            "scheduleQueryTimeSpan":10,
            "eventType":"Availability",
            "eventResource":"Storage",
            "actionGroupName":"DXC-AG-Major"      
            }
        ]
    },
"resources":
    [ 
        {
        "name":"[variables('alertArray')[copyIndex()].alertName]",
        "type":"Microsoft.Insights/scheduledQueryRules",
        "apiVersion": "2018-04-16",
        "copy":
            {
            "name":"RuleCopy",
            "count":"[length(variables('alertArray'))]"
            },
        "location": "[parameters('omsWorkspaceLocation')]",
        "tags":{"[variables('alertTag')]": "[variables('alertArray')[copyIndex()].searchCategory]"},
        "properties":
            {
            "description": "[concat('Version:', parameters('alertVersion'), ' ', variables('alertArray')[copyIndex()].description)]",
            "enabled": "true",
            "source": 
                {
                "query": "[concat(variables('alertArray')[copyIndex()].query, replace(replace(replace(variables('alertStandard')[variables('alertArray')[copyIndex()].searchCategory],'itsm-Type', variables('alertArray')[copyIndex()].eventType) ,'itsm-Resource', variables('alertArray')[copyIndex()].eventResource),'itsm-Format', variables('alertArray')[copyIndex()].searchCategory))]", 
                "dataSourceId": "[resourceId('Microsoft.Operationalinsights/workspaces', parameters('omsWorkspaceName'))]",
                "queryType": "ResultCount"
                },
            "schedule":
                {
                "frequencyInMinutes": "[variables('alertArray')[copyIndex()].scheduleIntervalInMinutes]",
                "timeWindowInMinutes": "[variables('alertArray')[copyIndex()].scheduleQueryTimeSpan]"
                },
            "action":
                {
                "odata.type": "Microsoft.WindowsAzure.Management.Monitoring.Alerts.Models.Microsoft.AppInsights.Nexus.DataContracts.Resources.ScheduledQueryRules.AlertingAction",
                "severity":"[variables('alertArray')[copyIndex()].severity]",
                "aznsAction":{"actionGroup":"[array(resourceId('Microsoft.Insights/actionGroups', variables('alertArray')[copyIndex()].actionGroupName))]"},
                "trigger":
                    {
                    "thresholdOperator":"[variables('alertArray')[copyIndex()].operator]",
                    "threshold":"[variables('alertArray')[copyIndex()].alertThresholdValue]"
                    }
                }
            }
        } 
    ]
}