{
"$schema": "https://schema.management.azure.com/schemas/2015-01-01/deploymentTemplate.json#",
"contentVersion": "1.0.0.0",
"parameters": 
    {
    "omsWorkspaceName":{"type":"string"},
    "omsWorkspaceLocation":{"type":"string"},
    "eventProcessingSchema":{"type":"string"},
    "alertVersion":{"type":"string"}
    },
"variables": 
    {
    "alertTag": "[concat('hidden-link:', resourceId('Microsoft.Operationalinsights/workspaces', parameters('omsWorkspaceName')))]",
    "extendedFields": " | extend eventType = 'itsm-Type', eventResource = 'itsm-Resource', eventFormat = 'itsm-Format', eventProcessingSchema = '",
    "endExtension": "'",
    "snowIntegrationFields": "[concat(variables('extendedFields'), parameters('eventProcessingSchema'), variables('endExtension'))]",
    "storageConsumptionMajorThreshold": "0.9",
    "alertStandard":
        {
        "AzureDiagnostics":"[concat(' | extend ResourceId = tolower(ResourceId), Resource = tolower(Resource)', variables('snowIntegrationFields'))]"
        },
    "alertArray":
        [
            {
            "alertName": "DXC-Major-Database Managed Instance-Storage Consumption", 
            "description": "Database-Managed-Instance-Storage at Major threshold. Database storage is near its capacity. When database space used reaches the max size limit, database inserts and updates that increase the data size fail and clients receive an error messages. Storage capacity should be increased as soon as possible.",
            "severity": "1",
            "query": "[concat('AzureDiagnostics | where ResourceProvider == \"MICROSOFT.SQL\" | where ResourceType contains \"MANAGEDINSTANCES\" | where (toreal(storage_space_used_mb_s)/toreal(reserved_storage_mb_s)) > ', variables('storageConsumptionMajorThreshold'))]",
            "searchCategory":"AzureDiagnostics",
            "operator":"GreaterThan",
            "alertThresholdValue":0,
            "scheduleIntervalInMinutes":5,
            "scheduleQueryTimeSpan":10,      
            "eventType":"Availability",
            "eventResource":"Storage" ,
            "actionGroupName":"DXC-AG-Major" 
            } 
        ]
    },
"resources":
    [ 
        {
        "name":"[variables('alertArray')[copyIndex()].alertName]",
        "type":"Microsoft.Insights/scheduledQueryRules",
        "apiVersion": "2018-04-16",
        "copy":
            {
            "name":"RuleCopy",
            "count":"[length(variables('alertArray'))]"
            },
        "location": "[parameters('omsWorkspaceLocation')]",
        "tags":{"[variables('alertTag')]": "[variables('alertArray')[copyIndex()].searchCategory]"},
        "properties":
            {
            "description": "[concat('Version:', parameters('alertVersion'), ' ', variables('alertArray')[copyIndex()].description)]",
            "enabled": "true",
            "source": 
                {
                "query": "[concat(variables('alertArray')[copyIndex()].query, replace(replace(replace(variables('alertStandard')[variables('alertArray')[copyIndex()].searchCategory],'itsm-Type', variables('alertArray')[copyIndex()].eventType) ,'itsm-Resource', variables('alertArray')[copyIndex()].eventResource),'itsm-Format', variables('alertArray')[copyIndex()].searchCategory))]",
                "dataSourceId": "[resourceId('Microsoft.Operationalinsights/workspaces', parameters('omsWorkspaceName'))]",
                "queryType": "ResultCount"
                },
            "schedule":
                {
                "frequencyInMinutes": "[variables('alertArray')[copyIndex()].scheduleIntervalInMinutes]",
                "timeWindowInMinutes": "[variables('alertArray')[copyIndex()].scheduleQueryTimeSpan]"
                },
            "action":
                {
                "odata.type": "Microsoft.WindowsAzure.Management.Monitoring.Alerts.Models.Microsoft.AppInsights.Nexus.DataContracts.Resources.ScheduledQueryRules.AlertingAction",
                "severity":"[variables('alertArray')[copyIndex()].severity]",
                "aznsAction":{"actionGroup":"[array(resourceId('Microsoft.Insights/actionGroups', variables('alertArray')[copyIndex()].actionGroupName))]"},
                "trigger":
                    {
                    "thresholdOperator":"[variables('alertArray')[copyIndex()].operator]",
                    "threshold":"[variables('alertArray')[copyIndex()].alertThresholdValue]"
                    }
                }
            }
        } 
    ]
}