{
"$schema":"http://schema.management.azure.com/schemas/2015-01-01/deploymentTemplate.json",
"contentVersion":"1.0.0.0",
"parameters": 
    {
    "omsWorkspaceName":{"type":"string"},
    "omsWorkspaceLocation":{"type":"string"},
    "eventProcessingSchema":{"type":"string"},
    "alertVersion":{"type":"string"}
    },
"variables": 
    {
    "alertTag": "[concat('hidden-link:', resourceId('Microsoft.OperationalInsights/workspaces', parameters('omsWorkspaceName')))]",
    "extendedFields": " | extend eventType = 'itsm-Type', eventResource = 'itsm-Resource', eventFormat = 'itsm-Format', eventProcessingSchema = '",
    "endExtension": "'",
    "extendedQuery":"[concat(variables('extendedFields'), parameters('eventProcessingSchema'),variables('endExtension'))]",
    "AzureDiagnostics":" | extend ResourceId = tolower(ResourceId), Resource = tolower(Resource)",
    "AzureMetrics":" | extend ResourceId = tolower(ResourceId), Resource = tolower(Resource)",
    "ConfigurationChange":" | join kind= leftouter ( Heartbeat | distinct SourceComputerId,SubscriptionId,ResourceId) on SourceComputerId | extend Resource = Computer | project-away SourceComputerId1",
    "Event":"  | parse kind=relaxed _ResourceId with * '/subscriptions/' SubscriptionId '/resourcegroups/' * | extend Resource = Computer, ResourceId = _ResourceId | project-away  Computer, _ResourceId",
    "Heartbeat":" | extend Resource = Computer",
    "Perf":" | parse kind=relaxed _ResourceId with * '/subscriptions/' SubscriptionId '/resourcegroups/' * | extend Resource = Computer, ResourceId = _ResourceId | project-away  Computer, _ResourceId",
    "Syslog":"  | parse kind=relaxed _ResourceId with * '/subscriptions/' SubscriptionId '/resourcegroups/' * | extend Resource = Computer, ResourceId = _ResourceId | project-away  Computer, _ResourceId",
    "Update":"; Query | join kind= leftouter (Query | summarize makelist(Computer) by ResourceId) on ResourceId | project-away  Computer, ResourceId1",
    "MASActivity":" | extend ResourceId = Scope_s",
    "alertStandard":
        {
        "AzureActivity":"[variables('extendedQuery')]",
        "AzureDiagnostics":"[concat(variables('AzureDiagnostics'), variables('extendedQuery'))]",
        "AzureMetrics":"[concat(variables('AzureMetrics'), variables('extendedQuery'))]",
        "ConfigurationChange":"[concat(variables('ConfigurationChange'), variables('extendedQuery'))]",
        "Event":"[concat(variables('Event'), variables('extendedQuery'))]",
        "Heartbeat":"[concat(variables('Heartbeat'), variables('extendedQuery'))]",
        "Perf":"[concat(variables('Perf'), variables('extendedQuery'))]",
        "Syslog":"[concat(variables('Syslog'), variables('extendedQuery'))]",
        "Update":"[concat(variables('Update'), variables('extendedQuery'))]",
        "MASActivity":"[concat(variables('MASActivity'), variables('extendedQuery'))]",
        "MASHardware":"[variables('extendedQuery')]"
        },
    "alertArray":
        [
           {
            "alertName":"DXC-Major-Memory-Usage",
            "description":"Memory-Usage % has reached its Critical Threshold of >98%. If the memory intensive application is identified, see if the memory allocation can be capped Or for immediate relief, increase the size of the VM to a size with more memory.",
            "severity":"1",
            "query":"Perf | where (ObjectName=='Memory' and (CounterName=='% Committed Bytes In Use' or CounterName=='% Used Memory')) | summarize Avg_Memory_Usage = avg(CounterValue) by CounterPath, _ResourceId, Computer | where Avg_Memory_Usage>98",
            "searchCategory":"Perf",
            "alertThresholdValue":0,
            "operator":"GreaterThan",
            "scheduleIntervalInMinutes":5,
            "scheduleQueryTimeSpan":15,
            "eventType":"Performance",
            "eventResource":"Memory",
            "actionGroupName":"DXC-AG-Major"
           },
           {
            "alertName":"DXC-Major-Windows CPU-Threshold",
            "description":"CPU-Critical Threshold Processor Utility > 98%. For immediate relief, increase the size of the VM to a size with more cores",
            "severity":"1",
            "query":"Perf | where (ObjectName=='Processor Information' and CounterName =='% Processor Utility' and InstanceName == '_Total') | summarize Avg_Processor_Utility = avg(CounterValue) by CounterPath, _ResourceId, Computer | where Avg_Processor_Utility>98",
            "searchCategory":"Perf",
            "alertThresholdValue":0,
            "operator":"GreaterThan",
            "scheduleIntervalInMinutes":5,
            "scheduleQueryTimeSpan":15,
            "eventType":"Performance",
            "eventResource":"CPU",
            "actionGroupName":"DXC-AG-Major"
           },
           {
            "alertName":"DXC-Major-Linux CPU-Threshold",
            "description":"CPU-Warning Threshold Idle Time < 2%",
            "severity":"1",
            "query":"Perf | where (ObjectName=='Processor' and CounterName=='% Idle Time' and InstanceName=='_Total') | summarize Avg_Idle_Time = avg(CounterValue) by CounterPath, _ResourceId, Computer  | where Avg_Idle_Time < 2",
            "searchCategory":"Perf",
            "alertThresholdValue":0,
            "operator":"GreaterThan",
            "scheduleIntervalInMinutes":5,
            "scheduleQueryTimeSpan":15,
            "eventType":"Performance",
            "eventResource":"CPU",
            "actionGroupName":"DXC-AG-Major"
           },
           {
            "alertName":"DXC-Minor-Windows Volume-Free Space",
            "description":"Windows Volume-Warning Threshold Volume Free space between 2% and 5%",
            "severity":"2",
            "query":"Perf | where (ObjectName=='LogicalDisk' and CounterName=='% Free Space' and InstanceName!='_Total') | summarize Avg_Vol_Free_Space=avg(CounterValue) by CounterPath, _ResourceId, Computer | where (Avg_Vol_Free_Space<5 and Avg_Vol_Free_Space>=2)",
            "searchCategory":"Perf",
            "alertThresholdValue":0,
            "operator":"GreaterThan",
            "scheduleIntervalInMinutes":5,
            "scheduleQueryTimeSpan":5,
            "eventType":"Capacity",
            "eventResource":"Storage",
            "actionGroupName":"DXC-AG-Minor"
           },
           {
            "alertName":"DXC-Major-Windows Volume-Free Space",
            "description":"Windows Volume-Critical Threshold Volume Free space < 2%",
            "severity":"1",
            "query":"Perf | where (ObjectName=='LogicalDisk' and CounterName=='% Free Space' and InstanceName!='_Total') | summarize Avg_Vol_Free_Space=avg(CounterValue) by CounterPath, _ResourceId, Computer | where Avg_Vol_Free_Space<2",
            "searchCategory":"Perf",
            "alertThresholdValue":0,
            "operator":"GreaterThan",
            "scheduleIntervalInMinutes":5,
            "scheduleQueryTimeSpan":5,
            "eventType":"Capacity",
            "eventResource":"Storage",
            "actionGroupName":"DXC-AG-Major"
           },
           {
            "alertName":"DXC-Minor-Linux Volume-Used Space",
            "description":"Linux Volume-Warning Threshold Volume used space between 95% and 98%",
            "severity":"2",
            "query":"Perf | where (ObjectName == 'Logical Disk' and CounterName == '% Used Space' and InstanceName != '_Total' and InstanceName!='/mnt' and InstanceName!='/mnt/resource') | summarize Avg_Vol_Used_Space=avg(CounterValue) by CounterPath, _ResourceId, Computer | where Avg_Vol_Used_Space>95 and Avg_Vol_Used_Space<=98",
            "searchCategory":"Perf",
            "alertThresholdValue":0,
            "operator":"GreaterThan",
            "scheduleIntervalInMinutes":5,
            "scheduleQueryTimeSpan":5,
            "eventType":"Capacity",
            "eventResource":"Storage",
            "actionGroupName":"DXC-AG-Minor"
           },
           {
            "alertName":"DXC-Major-Linux Volume-Used Space",
            "description":"Linux Volume-Critical Threshold Volume used space > 98%",
            "severity":"1",
            "query":"Perf | where (ObjectName == 'Logical Disk' and CounterName == '% Used Space' and InstanceName != '_Total' and InstanceName!='/mnt' and InstanceName!='/mnt/resource') | summarize Avg_Vol_Used_Space=avg(CounterValue) by CounterPath, _ResourceId, Computer | where Avg_Vol_Used_Space>98",
            "searchCategory":"Perf",
            "alertThresholdValue":0,
            "operator":"GreaterThan",
            "scheduleIntervalInMinutes":5,
            "scheduleQueryTimeSpan":5,
            "eventType":"Capacity",
            "eventResource":"Storage",
            "actionGroupName":"DXC-AG-Major"
           },  
		  {
            "alertName":"DXC-Major-Linux INODE-Used Space",
            "description":"Linux - Major Threshold INODE used space greater than 95%",
            "severity":"1",
            "query":"Perf | where (ObjectName == 'Logical Disk' and CounterName == '% Used Inodes' and InstanceName != '_Total')| summarize Used_Inode_Space=avg(CounterValue) by CounterPath, _ResourceId, Computer | where Used_Inode_Space>95",
            "searchCategory":"Perf",
            "alertThresholdValue":0,
            "operator":"GreaterThan",
            "scheduleIntervalInMinutes":360,
            "scheduleQueryTimeSpan":360,
            "eventType":"Capacity",
            "eventResource":"File System",
            "actionGroupName":"DXC-AG-Major"
           }
		   
        ]
    },
"resources":
    [   
        {
        "name":"[variables('alertArray')[copyIndex()].alertName]",
        "type":"Microsoft.Insights/scheduledQueryRules",
        "apiVersion": "2018-04-16",
        "copy":
            {
            "name":"RuleCopy",
            "count":"[length(variables('alertArray'))]"
            }, 
        "location": "[parameters('omsWorkspaceLocation')]",
        "tags":{"[variables('alertTag')]": "[variables('alertArray')[copyIndex()].searchCategory]"},
        "properties":
            {
            "description": "[concat('Version:', parameters('alertVersion'), ' ', variables('alertArray')[copyIndex()].description)]",
            "enabled": "true",
            "source": 
                {
                "query": "[concat(variables('alertArray')[copyIndex()].query, replace(replace(replace(variables('alertStandard')[variables('alertArray')[copyIndex()].searchCategory],'itsm-Type', variables('alertArray')[copyIndex()].eventType) ,'itsm-Resource', variables('alertArray')[copyIndex()].eventResource),'itsm-Format', variables('alertArray')[copyIndex()].searchCategory))]",
                "dataSourceId": "[resourceId('Microsoft.OperationalInsights/workspaces', parameters('omsWorkspaceName'))]",
                "queryType": "ResultCount"
                },
            "schedule":
                {
                "frequencyInMinutes": "[variables('alertArray')[copyIndex()].scheduleIntervalInMinutes]",
                "timeWindowInMinutes": "[variables('alertArray')[copyIndex()].scheduleQueryTimeSpan]"
                },
            "action":
                {
                "odata.type": "Microsoft.WindowsAzure.Management.Monitoring.Alerts.Models.Microsoft.AppInsights.Nexus.DataContracts.Resources.ScheduledQueryRules.AlertingAction",
                "severity":"[variables('alertArray')[copyIndex()].severity]",
                "aznsAction":{"actionGroup":"[array(resourceId('Microsoft.Insights/actionGroups', variables('alertArray')[copyIndex()].actionGroupName))]"},
                "trigger":
                    {
                    "thresholdOperator":"[variables('alertArray')[copyIndex()].operator]",
                    "threshold":"[variables('alertArray')[copyIndex()].alertThresholdValue]"
                    }
                }
            }
        }
    ]
} 
