{
"$schema":"http://schema.management.azure.com/schemas/2015-01-01/deploymentTemplate.json",
"contentVersion":"1.0.0.0",
"parameters": 
    {
    "omsWorkspaceName":{"type":"string"},
    "omsWorkspaceLocation":{"type":"string"},
    "eventProcessingSchema":{"type":"string"},
    "alertVersion":{"type":"string"}
    },
"variables":
    {
    "resourceId": "[resourceId('Microsoft.Operationalinsights/workspaces', parameters('omsWorkspaceName'))]",
    "alertTag": "[concat('hidden-link:', variables('resourceId'))]",
    "extendedFields": " | extend eventType = 'itsm-Type', eventResource = 'itsm-Resource', eventFormat = 'itsm-Format', eventProcessingSchema = '",
    "endExtension": "'",
    "snowIntegrationFields": "[concat(variables('extendedFields'), parameters('eventProcessingSchema'), variables('endExtension'))]",
    "preSubscriptionId": " | extend SubscriptionId = '",
    "preResource": "', Resource = '",
    "preResourceId": "',  ResourceId = '",
    "endString": "'",
    "laResource": "let alertResourceName = '",
    "laResourceId": "'; let alertResourceId = '",
    "laEndString": "'; let ingestionDelay = time(2m); let refTime = now(); let avgPeriod = time(6h); let evalDuration = time(5m); let evalEndTime = refTime - ingestionDelay; let evalStartTime = evalEndTime - evalDuration; let detectionEndTime = evalStartTime; let detectionStartTime = detectionEndTime - evalDuration; let HBRateThreshold = 0.25; let avgHBRateTemp = Heartbeat | where TimeGenerated > ago(avgPeriod) | summarize count() by bin(TimeGenerated, 1m) |summarize avg(count_); let avgHBRate = toint(toscalar(avgHBRateTemp)); let curHBRateTemp = Heartbeat | where TimeGenerated between( evalStartTime .. evalEndTime ) | summarize count()/(evalDuration/1m); let curHBRate = toint(toscalar(curHBRateTemp)); let activeHB = Heartbeat | summarize countif(TimeGenerated between( detectionStartTime .. detectionEndTime) ) by Resource; Heartbeat | where Resource in ( activeHB ) | where TimeGenerated > detectionStartTime | extend floodWarning = iff(curHBRate < (HBRateThreshold * avgHBRate), true, false) | where floodWarning == true",
    "syslog": " | parse kind=relaxed _ResourceId with * '/subscriptions/' SubscriptionId '/resourcegroups/' * | extend Resource = Computer, ResourceId = _ResourceId | project-away  Computer, _ResourceId",
    "alertStandard":
        {
        "AlertFlood": "[concat(variables('snowIntegrationFields'), ' | project SubscriptionId, Resource = alertResourceName, ResourceId = alertResourceId, eventType, eventResource, eventFormat, eventProcessingSchema | take 1')]",
        "AzureDiagnostics":"[concat(' | extend ResourceId = tolower(ResourceId), Resource = tolower(Resource)', variables('snowIntegrationFields'))]",
        "Event":"[concat(variables('preSubscriptionId'), subscription().subscriptionId, variables('preResource'), parameters('omsWorkspaceName'), variables('preResourceId'), variables('resourceId'),variables('endString'), variables('snowIntegrationFields'))]",
        "Syslog":"[concat(variables('syslog'), variables('snowIntegrationFields'))]"
        },
    "alertArray":
        [
            {
            "alertName":"DXC-Critical-SymantecCWP-ConnectFail",
            "description":"Cannot connect to SymantecCWP portal to receive Events.  This will prevent Virus/Malware Alerts from triggering.",
            "severity":"0",
            "query":"Cloud_Workload_Protection_Events_CL | where TimeGenerated > ago(600m) and TimeGenerated < ago(30m) | where es_mapping_id_s !in ((Cloud_Workload_Protection_Events_CL | where TimeGenerated > ago(300m) | summarize AggregatedValue = count() by es_mapping_id_s )) | take 1 | project product_name_s, log_time_t, es_mapping_id_s",
            "alertThresholdValue":0,
            "operator":"GreaterThan",
            "searchCategory":"Event",
            "scheduleIntervalInMinutes":300,
            "scheduleQueryTimeSpan":1440,
            "eventType":"Security",
            "eventResource":"CWP Connection",
            "actionGroupName":"DXC-AG-Critical"
            },
            {
            "alertName":"DXC-Major-Crowdstrike SIEM-ConnectFail",
            "description":"CrowdstrikeSIEM-The SIEM Connector cannot connect to the Crowdstrike SaaS portal to receive Events.  This will prevent Virus/Malware Alerts from triggering.  Check SIEM VM network connectivity.",
            "severity":"1",
            "query":"Crowdstrike_SIEM_SVC_CL | where TimeGenerated between (ago(60m) .. ago(30m)) | where RawData contains 'Received Heartbeat' and _ResourceId !in ((Crowdstrike_SIEM_SVC_CL | where TimeGenerated > ago(28m) | where RawData contains 'Received Heartbeat' | summarize AggregatedValue = count() by _ResourceId)) and _ResourceId in ((Heartbeat | where  TimeGenerated > ago(20m) | summarize AggregatedValue = count() by _ResourceId))",
            "alertThresholdValue":0,
            "operator":"GreaterThan",
            "searchCategory":"Syslog",
            "scheduleIntervalInMinutes":30,
            "scheduleQueryTimeSpan":60,
            "eventType":"Security",
            "eventResource":"Crowdstrike SIEM",
            "actionGroupName":"DXC-AG-Major"
            },
            {
            "alertName":"DXC-Minor-Automation Account-Job Failed or Suspended",
            "description":"AutomationAccount Job Failed or Suspended",
            "severity":"2",
            "query":"AzureDiagnostics | where ResourceProvider == 'MICROSOFT.AUTOMATION' and Category == 'JobLogs' and (ResultType == 'Failed' or ResultType == 'Suspended')",
            "searchCategory":"AzureDiagnostics",
            "alertThresholdValue":0,
            "operator":"GreaterThan",
            "scheduleIntervalInMinutes":5,
            "scheduleQueryTimeSpan":10,
            "eventType":"Availability",
            "eventResource":"Automation Job",
            "actionGroupName":"DXC-AG-Minor"
            },
            {
            "alertName":"DXC-Major-Log Analytics Ingestion",
            "description":"Log Analytics Workspace ingestion alert.",
            "severity":"1",
            "query":"[concat(variables('laResource'), parameters('omsWorkspaceName'), variables('laResourceId'), variables('resourceId'), variables('laEndString'))]",
            "searchCategory":"AlertFlood", 
            "operator":"GreaterThan",
            "alertThresholdValue":0,
            "scheduleIntervalInMinutes":5,
            "scheduleQueryTimeSpan":360,      
            "eventType":"Availability",
            "eventResource":"Log Analytics",
            "actionGroupName":"DXC-AG-Major"
            }
        ]
    },
"resources":
    [
        {
        "name":"[variables('alertArray')[copyIndex()].alertName]",
        "type":"Microsoft.Insights/scheduledQueryRules",
        "apiVersion": "2018-04-16",
        "copy":
            {
            "name":"RuleCopy",
            "count":"[length(variables('alertArray'))]"
            },
        "location": "[parameters('omsWorkspaceLocation')]",
        "tags":{"[variables('alertTag')]": "[variables('alertArray')[copyIndex()].searchCategory]"},
        "properties":
            {
            "description": "[concat('Version:', parameters('alertVersion'), ' ', variables('alertArray')[copyIndex()].description)]",
            "enabled": "true",
            "source":
                {
                "query": "[concat(variables('alertArray')[copyIndex()].query, replace(replace(replace(variables('alertStandard')[variables('alertArray')[copyIndex()].searchCategory],'itsm-Type', variables('alertArray')[copyIndex()].eventType) ,'itsm-Resource', variables('alertArray')[copyIndex()].eventResource),'itsm-Format', variables('alertArray')[copyIndex()].searchCategory))]",
                "dataSourceId": "[resourceId('Microsoft.Operationalinsights/workspaces', parameters('omsWorkspaceName'))]",
                "queryType": "ResultCount"
                },
            "schedule":
                {
                "frequencyInMinutes": "[variables('alertArray')[copyIndex()].scheduleIntervalInMinutes]",
                "timeWindowInMinutes": "[variables('alertArray')[copyIndex()].scheduleQueryTimeSpan]"
                },
            "action":
                {
                "odata.type": "Microsoft.WindowsAzure.Management.Monitoring.Alerts.Models.Microsoft.AppInsights.Nexus.DataContracts.Resources.ScheduledQueryRules.AlertingAction",
                "severity":"[variables('alertArray')[copyIndex()].severity]",
                "aznsAction":{"actionGroup":"[array(resourceId('Microsoft.Insights/actionGroups', variables('alertArray')[copyIndex()].actionGroupName))]"},
                "trigger":
                    {
                    "thresholdOperator":"[variables('alertArray')[copyIndex()].operator]",
                    "threshold":"[variables('alertArray')[copyIndex()].alertThresholdValue]"
                    }
                }
            }
        }
    ]
} 
