{
    "$schema": "https://schema.management.azure.com/schemas/2015-01-01/deploymentTemplate.json#",
    "contentVersion": "1.0.0.0",
    "parameters": 
        {
        "omsWorkspaceName":{"type":"string"},
        "omsWorkspaceLocation":{"type":"string"},
        "eventProcessingSchema":{"type":"string"},
        "alertVersion":{"type":"string"}
        },
    "variables": 
        {
        "alertTag": "[concat('hidden-link:', resourceId('Microsoft.OperationalInsights/workspaces', parameters('omsWorkspaceName')))]",
        "extendedFields": " | extend eventType = 'itsm-Type', eventResource = 'itsm-Resource', eventFormat = 'itsm-Format', eventProcessingSchema = '",
        "endExtension": "'",
        "SecurityAlert": "| extend data = split(ResourceId, '/') | extend SubscriptionId = data[2],Resource = data[8], ResourceId | project-away ['data']| project SubscriptionId, Resource, ResourceId, AlertName, TimeGenerated, DisplayName,AlertSeverity, Description,VendorName, SystemAlertId, AlertType,RemediationSteps,ExtendedProperties,AlertLink, SourceComputerId",
        "snowIntegrationFields": "[concat(variables('extendedFields'), parameters('eventProcessingSchema'), variables('endExtension'))]",
        "extendedQuery":"[concat(variables('extendedFields'), parameters('eventProcessingSchema'),variables('endExtension'))]",
        "ConfigurationChange":" | join kind= leftouter ( Heartbeat | distinct SourceComputerId,SubscriptionId,ResourceId) on SourceComputerId | extend Resource = Computer | project-away SourceComputerId1",
        "event": " | parse kind=relaxed _ResourceId with * '/subscriptions/' SubscriptionId '/resourcegroups/' * | extend Resource = Computer, ResourceId = _ResourceId  | project-away  Computer, _ResourceId",
    
        "alertStandard":
            {
            "SecurityAlert":"[concat(variables('SecurityAlert'), variables('extendedQuery'))]",
            "Event": "[concat(variables('event'), variables('snowIntegrationFields'))]",
            "ConfigurationChange":"[concat(variables('ConfigurationChange'), variables('extendedQuery'))]"
            },
    
        "alertArray":
            [
                {
                "alertName":"DXC-Critical-Defender-Detection",
                "description":"Detection of malware/virus on a Azure Defender guest",
                "severity":"0",
                "query": "SecurityAlert| where AlertName contains 'malware'",
                "searchCategory":"SecurityAlert",
                "alertThresholdValue":0,
                "operator":"GreaterThan",
                "scheduleIntervalInMinutes":5,
                "scheduleQueryTimeSpan":5,
                "eventType":"Security",
                "eventResource":"Azure Defender",
                "actionGroupName":"DXC-AG-Critical"
                },
                {
    
                    "alertName":"DXC-Critical-Windows-Defender Uninstalled",
                    "description":"Defender for Windows is Uninstalled",
                    "severity":"0",
                    "query":"ConfigurationChange| where ChangeCategory == 'Removed'| where SvcName == 'WinDefend' or SvcName == 'MsMpSvc'",
                    "searchCategory":"ConfigurationChange",
                    "alertThresholdValue":0,
                    "operator":"GreaterThan",
                    "scheduleIntervalInMinutes":5,
                    "scheduleQueryTimeSpan":5,
                    "eventType":"Security",
                    "eventResource":"Azure Defender",
                    "actionGroupName":"DXC-AG-Critical"
                },
                
                {
                    "alertName": "DXC-Critical-Windows-Azure Defender Stopped",
                    "description": "Azure Defender For Windows Stopped",
                    "severity": "0",
                    "query": "let ShutdownServers = Event| where TimeGenerated > ago(20m) and TimeGenerated < now() and EventID == 6006 | project Computer; let startedEpp = Event| where TimeGenerated > ago(20m) and TimeGenerated < now() and EventLog == 'System' and EventID == 7036 and RenderedDescription contains 'running' and (RenderedDescription contains 'The WinDefend service entered the running state.') | project Computer; let stoppedEPP = Event | where TimeGenerated > ago(20m) and TimeGenerated < ago(15m) and EventLog == 'System' and EventID == 7036 and RenderedDescription contains 'stopped'| where RenderedDescription contains 'The Windows Defender Antivirus Service service entered the stopped state.';stoppedEPP | where Computer !in ((ShutdownServers)) | where Computer !in ((startedEpp))",
                    "searchCategory": "Event",
                    "alertThresholdValue": 0,
                    "operator": "GreaterThan",
                    "scheduleIntervalInMinutes": 5,
                    "scheduleQueryTimeSpan": 20,
                    "eventType": "Security",
                    "eventResource": "Azure Defender",
                    "actionGroupName": "DXC-AG-Critical"
                  
                }
    
                
            ]
    
    
        },
    "resources":
        [ 
            {
            "name":"[variables('alertArray')[copyIndex()].alertName]",
            "type":"Microsoft.Insights/scheduledQueryRules",
            "apiVersion": "2018-04-16",
            "copy":
                {
                "name":"RuleCopy",
                "count":"[length(variables('alertArray'))]"
                },
            "location": "[parameters('omsWorkspaceLocation')]",
            "tags":{"[variables('alertTag')]": "[variables('alertArray')[copyIndex()].searchCategory]"},
            "properties":
                {
                "description": "[concat('Version:', parameters('alertVersion'), ' ', variables('alertArray')[copyIndex()].description)]",
                "enabled": "true",
                "source": 
                    {
                    "query": "[concat(variables('alertArray')[copyIndex()].query, replace(replace(replace(variables('alertStandard')[variables('alertArray')[copyIndex()].searchCategory],'itsm-Type', variables('alertArray')[copyIndex()].eventType) ,'itsm-Resource', variables('alertArray')[copyIndex()].eventResource),'itsm-Format', variables('alertArray')[copyIndex()].searchCategory))]",
                    "dataSourceId": "[resourceId('Microsoft.OperationalInsights/workspaces', parameters('omsWorkspaceName'))]",
                    "queryType": "ResultCount"
                    },
                "schedule":
                    {
                    "frequencyInMinutes": "[variables('alertArray')[copyIndex()].scheduleIntervalInMinutes]",
                    "timeWindowInMinutes": "[variables('alertArray')[copyIndex()].scheduleQueryTimeSpan]"
                    },
                "action":
                    {
                    "odata.type": "Microsoft.WindowsAzure.Management.Monitoring.Alerts.Models.Microsoft.AppInsights.Nexus.DataContracts.Resources.ScheduledQueryRules.AlertingAction",
                    "severity":"[variables('alertArray')[copyIndex()].severity]",
                    "aznsAction":{"actionGroup":"[array(resourceId('Microsoft.Insights/actionGroups',variables('alertArray')[copyIndex()].actionGroupName))]"
                                 },
                    "trigger":
                        {
                        "thresholdOperator":"[variables('alertArray')[copyIndex()].operator]",
                        "threshold":"[variables('alertArray')[copyIndex()].alertThresholdValue]"
                        }
                    }
                }
            } 
        ]
    }
    
