{
"$schema": "http://schema.management.azure.com/schemas/2015-01-01/deploymentTemplate.json",
"contentVersion": "1.0.0.0",
"parameters": 
    {
    "omsWorkspaceName":{"type":"string"},
    "omsWorkspaceLocation":{"type":"string"},
    "eventProcessingSchema":{"type":"string"},
    "alertVersion":{"type":"string"}
    },
"variables": 
    {
    "alertTag": "[concat('hidden-link:', resourceId('Microsoft.Operationalinsights/workspaces', parameters('omsWorkspaceName')))]",
    "extendedFields": " | extend eventType = 'itsm-Type', eventResource = 'itsm-Resource', eventFormat = 'itsm-Format', eventProcessingSchema = '",
    "endExtension": "'",
    "snowIntegrationFields": "[concat(variables('extendedFields'), parameters('eventProcessingSchema'), variables('endExtension'))]",
    "event": " | parse kind=relaxed _ResourceId with * '/subscriptions/' SubscriptionId '/resourcegroups/' * | extend Resource = Computer, ResourceId = _ResourceId  | project-away  Computer, _ResourceId",
    "syslog": " | parse kind=relaxed any__ResourceId with * '/subscriptions/' SubscriptionId '/resourcegroups/' * | extend Resource = Computer, ResourceId = any__ResourceId, SyslogMessage= any_SyslogMessage, TimeGenerated= any_TimeGenerated, EventTime= any_EventTime, Facility= any_Facility, SeverityLevel= any_SeverityLevel, ProcessName= any_ProcessName, Type= any_Type, SourceSystem= any_SourceSystem, TenantId= any_TenantId | project-away Computer, any__ResourceId, any_SyslogMessage, any_TimeGenerated, any_Computer, any_EventTime, any_Facility, any_SeverityLevel, any_ProcessName, any_Type, any_SourceSystem, any_TenantId",
    "alertStandard": 
        {
        "Cloud_Workload_Protection_Events_CL": "[concat(' | join kind= leftouter ( Heartbeat| distinct SubscriptionId,Resource,ResourceId | extend lcase_resource = tolower(Resource)) on lcase_resource', variables('snowIntegrationFields'), ' | project-away lcase_resource,lcase_resource1, source_asset_source_ud_name_s, device_name_s')]",
        "ConfigurationChange": "[concat(' | join kind= leftouter ( Heartbeat | distinct SourceComputerId,SubscriptionId,ResourceId) on SourceComputerId | extend Resource = Computer', variables('snowIntegrationFields'), ' | project-away SourceComputerId1, _ResourceId')]",
        "Event": "[concat(variables('event'), variables('snowIntegrationFields'))]",
        "Syslog": "[concat(variables('syslog'), variables('snowIntegrationFields'))]"
        },
    "alertArray": 
        [
            {
            "alertName": "DXC-Critical-Windows-SymantecCWP SVC Old Agent Installed",
            "description": "SymantecCWP-Windows Agent uninstalled. This alert indicates that an old version SymantecCWP agent has been installed on the specified virtual machine.",
            "severity": "0",
            "query": "ConfigurationChange | where SoftwareName contains 'Symantec Endpoint Protection' and Current startswith '22' and ChangeCategory == 'Added'",
            "searchCategory": "ConfigurationChange",
            "alertThresholdValue": 0,
            "operator": "GreaterThan",
            "scheduleIntervalInMinutes": 5,
            "scheduleQueryTimeSpan": 5,
            "eventType": "Security",
            "eventResource": "Deprecated SymantecCWP Agent",
            "actionGroupName": "DXC-AG-Critical"
            },
            {
            "alertName": "DXC-Critical-Windows-SymantecCWP SVC Old Agent Version Started",
            "description": "SymantecCWP-Windows Agent started. This alert indicates that an old version SymantecCWP agent has started on the specified virtual machine.",
            "severity": "0",
            "query": "Event | where EventID == 7036 and RenderedDescription contains 'running' | where RenderedDescription contains 'Symantec Endpoint Protection Cloud'",
            "searchCategory": "Event",
            "alertThresholdValue": 0,
            "operator": "GreaterThan",
            "scheduleIntervalInMinutes": 5,
            "scheduleQueryTimeSpan": 10,
            "eventType": "Security",
            "eventResource": "Deprecated SymantecCWP Agent",
            "actionGroupName": "DXC-AG-Critical"
            }
        ]
    },
    "resources": [
        {
            "name": "[variables('alertArray')[copyIndex()].alertName]",
            "type": "Microsoft.Insights/scheduledQueryRules",
            "apiVersion": "2018-04-16",
            "copy": {
                "name": "RuleCopy",
                "count": "[length(variables('alertArray'))]"
            },
            "location": "[parameters('omsWorkspaceLocation')]",
            "tags": {
                "[variables('alertTag')]": "[variables('alertArray')[copyIndex()].searchCategory]"
            },
            "properties": {
                "description": "[concat('Version:', parameters('alertVersion'), ' ', variables('alertArray')[copyIndex()].description)]",
                "enabled": "true",
                "source": {
                    "query": "[concat(variables('alertArray')[copyIndex()].query, replace(replace(replace(variables('alertStandard')[variables('alertArray')[copyIndex()].searchCategory],'itsm-Type', variables('alertArray')[copyIndex()].eventType) ,'itsm-Resource', variables('alertArray')[copyIndex()].eventResource),'itsm-Format', variables('alertArray')[copyIndex()].searchCategory))]",
                    "dataSourceId": "[resourceId('Microsoft.Operationalinsights/workspaces', parameters('omsWorkspaceName'))]",
                    "queryType": "ResultCount"
                },
                "schedule": {
                    "frequencyInMinutes": "[variables('alertArray')[copyIndex()].scheduleIntervalInMinutes]",
                    "timeWindowInMinutes": "[variables('alertArray')[copyIndex()].scheduleQueryTimeSpan]"
                },
                "action": {
                    "odata.type": "Microsoft.WindowsAzure.Management.Monitoring.Alerts.Models.Microsoft.AppInsights.Nexus.DataContracts.Resources.ScheduledQueryRules.AlertingAction",
                    "severity": "[variables('alertArray')[copyIndex()].severity]",
                    "aznsAction": {
                        "actionGroup": "[array(resourceId('Microsoft.Insights/actionGroups', variables('alertArray')[copyIndex()].actionGroupName))]"
                    },
                    "trigger": {
                        "thresholdOperator": "[variables('alertArray')[copyIndex()].operator]",
                        "threshold": "[variables('alertArray')[copyIndex()].alertThresholdValue]"
                    }
                }
            }
        }
    ]
}
