{
"$schema":"http://schema.management.azure.com/schemas/2015-01-01/deploymentTemplate.json",
"contentVersion":"1.0.0.0",
"parameters": 
    {
    "omsWorkspaceName":{"type":"string"},
    "omsWorkspaceLocation":{"type":"string"},
    "eventProcessingSchema":{"type":"string"},
    "alertVersion":{"type":"string"}
    },
"variables": 
    {
    "alertTag": "[concat('hidden-link:', resourceId('Microsoft.OperationalInsights/workspaces', parameters('omsWorkspaceName')))]",
    "extendedFields": " | extend eventType = 'itsm-Type', eventResource = 'itsm-Resource', eventFormat = 'itsm-Format', eventProcessingSchema = '",
    "endExtension": "'",
    "extendedQuery":"[concat(variables('extendedFields'), parameters('eventProcessingSchema'),variables('endExtension'))]",
    "AzureDiagnostics":" | extend ResourceId = tolower(ResourceId), Resource = tolower(Resource)",
    "AzureMetrics":" | extend ResourceId = tolower(ResourceId), Resource = tolower(Resource)",
    "ConfigurationChange":" | join kind= leftouter ( Heartbeat | distinct SourceComputerId,SubscriptionId,ResourceId) on SourceComputerId | extend Resource = Computer | project-away SourceComputerId1",
    "Event":"  | parse kind=relaxed _ResourceId with * '/subscriptions/' SubscriptionId '/resourcegroups/' * | extend Resource = Computer, ResourceId = _ResourceId | project-away  Computer, _ResourceId",
    "Heartbeat":" | extend Resource = Computer",
    "Perf":" | parse kind=relaxed _ResourceId with * '/subscriptions/' SubscriptionId '/resourcegroups/' * | extend Resource = Computer, ResourceId = _ResourceId | project-away  Computer, _ResourceId",
    "Syslog":"  | parse kind=relaxed _ResourceId with * '/subscriptions/' SubscriptionId '/resourcegroups/' * | extend Resource = Computer, ResourceId = _ResourceId | project-away  Computer, _ResourceId",
    "Update":"; Query | join kind= leftouter (Query | summarize makelist(Computer) by ResourceId) on ResourceId | project-away  Computer, ResourceId1",
    "MASActivity":" | extend ResourceId = Scope_s",
    "alertStandard":
        {
        "AzureActivity":"[variables('extendedQuery')]",
        "AzureDiagnostics":"[concat(variables('AzureDiagnostics'), variables('extendedQuery'))]",
        "AzureMetrics":"[concat(variables('AzureMetrics'), variables('extendedQuery'))]",
        "ConfigurationChange":"[concat(variables('ConfigurationChange'), variables('extendedQuery'))]",
        "Event":"[concat(variables('Event'), variables('extendedQuery'))]",
        "Heartbeat":"[concat(variables('Heartbeat'), variables('extendedQuery'))]",
        "Perf":"[concat(variables('Perf'), variables('extendedQuery'))]",
        "Syslog":"[concat(variables('Syslog'), variables('extendedQuery'))]",
        "Update":"[concat(variables('Update'), variables('extendedQuery'))]",
        "MASActivity":"[concat(variables('MASActivity'), variables('extendedQuery'))]",
        "MASHardware":"[variables('extendedQuery')]"
        },

    "alertArray":
        [
              {
              "alertName":"DXC-Informational-Stack-CMDB-Update Availability Set",
              "description":"CMDB-Delete Azure Stack Availability Set or Create/ Update Azure Stack Availability Set. A change in Azure Stack has been discovered for the identified Availability Set.  ServiceNow uses this event to update the CMDB record in real time.",
              "severity":"4",
              "query":"MASActivityLog_CL | where ( Action_s == 'Microsoft.Compute/availabilitySets/write' or Action_s == 'Microsoft.Compute/availabilitySets/delete' ) | where ( TimeGenerated > ago(80m) and TimeGenerated < ago(70m) )",
              "searchCategory":"MASActivity",
              "alertThresholdValue":0,
              "operator":"GreaterThan",
              "scheduleIntervalInMinutes":10,
              "scheduleQueryTimeSpan":90,      
              "eventType":"Change",
              "eventResource":"Availability Set",
              "actionGroupName":"DXC-AG-Informational"
              },
              {
              "alertName":"DXC-Informational-Stack-CMDB-Update Load Balancer",
              "description":"CMDB-Delete Azure Stack Load Balancer or Create/Update Azure Stack Load Balancer. A change in Azure Stack has been discovered for the identified Load Balancer.  ServiceNow uses this event to update the CMDB record in real time.",
              "severity":"4",
              "query":"MASActivityLog_CL | where ( Action_s == 'Microsoft.Network/loadBalancers/write' or Action_s == 'Microsoft.Network/loadBalancers/delete' ) | where ( TimeGenerated > ago(80m) and TimeGenerated < ago(70m) )",
              "searchCategory":"MASActivity",
              "alertThresholdValue":0,
              "operator":"GreaterThan",
              "scheduleIntervalInMinutes":10,
              "scheduleQueryTimeSpan":90,      
              "eventType":"Change",
              "eventResource":"Load Balancer",
              "actionGroupName":"DXC-AG-Informational"
              },
              {
              "alertName":"DXC-Informational-Stack-CMDB-Update Network Interface",
              "description":"CMDB-Delete Azure Stack Network Interfaces or Create/Update Azure Stack Network Interfaces. A change in Azure Stack has been discovered for the identified Network Interface.  ServiceNow uses this event to update the CMDB record in real time.",
              "severity":"4",
              "query":"MASActivityLog_CL | where ( Action_s == 'Microsoft.Network/networkInterfaces/write' or Action_s == 'Microsoft.Network/networkInterfaces/delete' ) | where ( TimeGenerated > ago(80m) and TimeGenerated < ago(70m) )",
              "searchCategory":"MASActivity",
              "alertThresholdValue":0,
              "operator":"GreaterThan",
              "scheduleIntervalInMinutes":10,
              "scheduleQueryTimeSpan":90,      
              "eventType":"Change",
              "eventResource":"Network Interface",
              "actionGroupName":"DXC-AG-Informational"
              },
              {
              "alertName":"DXC-Informational-Stack-CMDB-Update Public IP Address",
              "description":"CMDB-Delete Azure Stack Public IP Addresses or Create/Update Azure Stack Public IP Addresses. A change in Azure Stack has been discovered for the identified Public IP Address.  ServiceNow uses this event to update the CMDB record in real time.",
              "severity":"4",
              "query":"MASActivityLog_CL | where ( Action_s == 'Microsoft.Network/publicIPAddresses/write' or Action_s == 'Microsoft.Network/publicIpAddresses/delete' ) | where ( TimeGenerated > ago(80m) and TimeGenerated < ago(70m) )",
              "searchCategory":"MASActivity",
              "alertThresholdValue":0,
              "operator":"GreaterThan",
              "scheduleIntervalInMinutes":10,
              "scheduleQueryTimeSpan":90,      
              "eventType":"Change",
              "eventResource":"Public IP Address",
              "actionGroupName":"DXC-AG-Informational"
              },
              {
              "alertName":"DXC-Informational-Stack-CMDB-Update Resource Group",
              "description":"CMDB-Delete Azure Stack Resource Groups or Create/Update Azure Stack Resource Groups. A change in Azure Stack has been discovered for the identified Resource Group.  ServiceNow uses this event to update the CMDB record in real time.",
              "severity":"4",
              "query":"MASActivityLog_CL | where ( Action_s == 'Microsoft.Resources/subscriptions/resourceGroups/write' or Action_s == 'Microsoft.Resources/subscriptions/resourceGroups/delete' ) | where ( TimeGenerated > ago(80m) and TimeGenerated < ago(70m) )",
              "searchCategory":"MASActivity",
              "alertThresholdValue":0,
              "operator":"GreaterThan",
              "scheduleIntervalInMinutes":10,
              "scheduleQueryTimeSpan":90,      
              "eventType":"Change",
              "eventResource":"Resource Group",
              "actionGroupName":"DXC-AG-Informational"
              },
              {
              "alertName":"DXC-Informational-Stack-CMDB-Update Deployment",
              "description":"CMDB-Update Azure Stack Deployments. A change in Azure Stack has been discovered for the identified Deployment.  ServiceNow uses this event to update the CMDB record in real time.",
              "severity":"4",
              "query":"MASActivityLog_CL | where ( Action_s == 'Microsoft.Resources/subscriptions/resourceGroups/deployments/write' and Scope_s contains 'deployments/Microsoft.Template' ) | where ( TimeGenerated > ago(80m) and TimeGenerated < ago(70m) )",
              "searchCategory":"MASActivity",
              "alertThresholdValue":0,
              "operator":"GreaterThan",
              "scheduleIntervalInMinutes":10,
              "scheduleQueryTimeSpan":90,      
              "eventType":"Change",
              "eventResource":"Deployment",
              "actionGroupName":"DXC-AG-Informational"
              }, 
              {
              "alertName":"DXC-Informational-Stack-CMDB-Update Storage Account",
              "description":"CMDB-Create/Update or Delete Azure Stack Storage Account. A change in Azure Stack has been discovered for the identified Storage Account.  ServiceNow uses this event to update the CMDB record in real time.",
              "severity":"4",
              "query":"MASActivityLog_CL | where ( Action_s == 'Microsoft.Storage/storageAccounts/write' or Action_s == 'Microsoft.Storage/storageaccounts/delete' ) | where ( TimeGenerated > ago(80m) and TimeGenerated < ago(70m) )",
              "searchCategory":"MASActivity",
              "alertThresholdValue":0,
              "operator":"GreaterThan",
              "scheduleIntervalInMinutes":10,
              "scheduleQueryTimeSpan":90,      
              "eventType":"Change",
              "eventResource":"Storage Account",
              "actionGroupName":"DXC-AG-Informational"
              }, 
              {
              "alertName":"DXC-Informational-Stack-CMDB-Update Virtual Machine",
              "description":"CMDB-Create or Update or Deallocate or Start or Restart Azure Stack Virtual Machine. A change in Azure Stack has been discovered for the identified Virtual Machine.  ServiceNow uses this event to update the CMDB record in real time.",
              "severity":"4",
              "query": "MASActivityLog_CL | where ( Action_s == 'Microsoft.Compute/virtualMachines/write' or Action_s == 'Microsoft.Compute/virtualMachines/start/action' or Action_s == 'Microsoft.Compute/virtualMachines/restart/action' or Action_s == 'Microsoft.Compute/virtualMachines/deallocate/action' or Action_s == 'Microsoft.Compute/virtualMachines/delete' ) | where ( TimeGenerated > ago(80m) and TimeGenerated < ago(70m) )",
              "searchCategory":"MASActivity",
              "alertThresholdValue":0,
              "operator":"GreaterThan",
              "scheduleIntervalInMinutes":10,
              "scheduleQueryTimeSpan":90,      
              "eventType":"Change",
              "eventResource":"Virtual Machine",
              "actionGroupName":"DXC-AG-Informational"
              }, 
              {
              "alertName":"DXC-Informational-Stack-CMDB-Update Virtual Network",
              "description":"CMDB-Create/Update or Delete Azure Stack VirtualNetworks. A change in Azure Stack has been discovered for the identified Virtual Network.  ServiceNow uses this event to update the CMDB record in real time.",
              "severity":"4",
              "query":"MASActivityLog_CL | where ( Action_s == 'Microsoft.Network/virtualNetworks/write' or Action_s == 'Microsoft.Network/virtualNetworks/delete' ) | where ( TimeGenerated > ago(80m) and TimeGenerated < ago(70m) )",
              "searchCategory":"MASActivity",
              "alertThresholdValue":0,
              "operator":"GreaterThan",
              "scheduleIntervalInMinutes":10,
              "scheduleQueryTimeSpan":90,      
              "eventType":"Change",
              "eventResource":"Virtual Network",
              "actionGroupName":"DXC-AG-Informational"
              }
        ]
    },
    "resources":
    [   
        {
        "name":"[variables('alertArray')[copyIndex()].alertName]",
        "type":"Microsoft.Insights/scheduledQueryRules",
        "apiVersion": "2018-04-16",
        "copy":
            {
            "name":"RuleCopy",
            "count":"[length(variables('alertArray'))]"
            }, 
        "location": "[parameters('omsWorkspaceLocation')]",
        "tags":{"[variables('alertTag')]": "[variables('alertArray')[copyIndex()].searchCategory]"},
        "properties":
            {
            "description": "[concat('Version:', parameters('alertVersion'), ' ', variables('alertArray')[copyIndex()].description)]",
            "enabled": "true",
            "source": 
                {
                "query": "[concat(variables('alertArray')[copyIndex()].query, replace(replace(replace(variables('alertStandard')[variables('alertArray')[copyIndex()].searchCategory],'itsm-Type', variables('alertArray')[copyIndex()].eventType) ,'itsm-Resource', variables('alertArray')[copyIndex()].eventResource),'itsm-Format', variables('alertArray')[copyIndex()].searchCategory))]",
                "dataSourceId": "[resourceId('Microsoft.OperationalInsights/workspaces', parameters('omsWorkspaceName'))]",
                "queryType": "ResultCount"
                },
            "schedule":
                {
                "frequencyInMinutes": "[variables('alertArray')[copyIndex()].scheduleIntervalInMinutes]",
                "timeWindowInMinutes": "[variables('alertArray')[copyIndex()].scheduleQueryTimeSpan]"
                },
            "action":
                {
                "odata.type": "Microsoft.WindowsAzure.Management.Monitoring.Alerts.Models.Microsoft.AppInsights.Nexus.DataContracts.Resources.ScheduledQueryRules.AlertingAction",
                "severity":"[variables('alertArray')[copyIndex()].severity]",
                "aznsAction":{"actionGroup":"[array(resourceId('Microsoft.Insights/actionGroups', variables('alertArray')[copyIndex()].actionGroupName))]"},
                "trigger":
                    {
                    "thresholdOperator":"[variables('alertArray')[copyIndex()].operator]",
                    "threshold":"[variables('alertArray')[copyIndex()].alertThresholdValue]"
                    }
                }
            }
        }
    ]
} 