{
"$schema":"http://schema.management.azure.com/schemas/2015-01-01/deploymentTemplate.json",
"contentVersion":"1.0.0.0",
"parameters":
    {
    "omsWorkspaceName":{"type":"string"},
    "omsWorkspaceLocation":{"type":"string"},
    "eventProcessingSchema":{"type":"string"},
    "alertVersion":{"type":"string"}
    },
"variables":
    {
    "alertTag": "[concat('hidden-link:/subscriptions/', Subscription().subscriptionId, '/resourceGroups/', resourceGroup().name, '/providers/microsoft.operationalinsights/workspaces/', parameters('omsWorkspaceName'))]",
    "extendedFields": " | extend eventType = 'itsm-Type', eventResource = 'itsm-Resource', eventFormat = 'itsm-Format', eventProcessingSchema = '",
    "endExtension": "'",
    "alertStandard":
        {
        "AzureActivity":"[concat(' | extend ResourceId = tolower(ResourceId), Resource = tolower(Resource)', variables('extendedFields'), parameters('eventProcessingSchema'), variables('endExtension'))]",
        "AzureDiagnostics":"[concat(variables('extendedFields'), parameters('eventProcessingSchema'), variables('endExtension'))]",
        "AzureMetrics":"[concat(' | extend ResourceId = tolower(ResourceId), Resource = tolower(Resource)',variables('extendedFields'), parameters('eventProcessingSchema'), variables('endExtension'))]"
        },
    "alertArray":
        [
            {
            "alertName":"DXC-Major-ExpressRoute Circuit-Utilization Metrics",
            "description":"ExpressRoute Circuit, Utilization status from Metrics",
            "actionGroupName":"DXC-AG-Major",
            "severity":"1",
            "query":"AzureMetrics | where ResourceProvider == 'MICROSOFT.NETWORK' | where ResourceId has 'EXPRESSROUTECIRCUITS' | where MetricName == 'BitsInPerSecond' or MetricName == 'BitsOutPerSecond' | where Average == 0",
            "searchCategory":"AzureMetrics",
            "alertThresholdValue":0,
            "operator":"GreaterThan",
            "alertThrottleInMinutes": 0,
            "alertBreach":1,
            "scheduleIntervalInMinutes":5,
            "scheduleQueryTimeSpan":10,
            "eventType":"Availability",
            "eventResource":"ExpressRoute Circuit"
            },
            {
            "alertName":"DXC-Minor-ExpressRoute Circuit-Configuration Failure",
            "description":"ExpressRoute Circuit, ER/GW Configuration Failures",
            "actionGroupName":"DXC-AG-Minor",
            "severity":"2",
            "query":"AzureActivity | where ResourceProvider == 'Microsoft.Network' | where Level == 'Error' | where OperationName has 'VirtualNetworkGatewayConnection' or  OperationName has 'ExpressRouteCircuit'",
            "searchCategory":"AzureActivity",
            "alertThresholdValue":0,
            "operator":"GreaterThan",
            "alertThrottleInMinutes": 0,
            "alertBreach":1,
            "scheduleIntervalInMinutes":30,
            "scheduleQueryTimeSpan":30,
            "eventType":"Configuration",
            "eventResource":"ExpressRoute Circuit"
            },
            {
            "alertName":"DXC-Major-ExpressRoute Circuit-Circuit network Utilization",
            "description":"ExpressRoute Circuit, Circuit Utilization status from NetMon",
            "actionGroupName":"DXC-AG-Major",
             "severity":"1",
            "query":"NetworkMonitoring | where SubType == 'ERCircuitTotalUtilization' | take 10 | summarize entrycount = count(BitsInPerSecond), BitsIn = avg(BitsInPerSecond), BitsOut = avg(BitsOutPerSecond) by SubType,CircuitName,CircuitRegion,ServiceProvider,SubscriptionId,UtilizationHealthState,CircuitResourceGroup,CircuitResourceId,Type |  where BitsIn == 0 or BitsOut == 0 or UtilizationHealthState <> 'Healthy' | extend ResourceId = tolower(CircuitResourceId), Resource = tolower(CircuitName)",
            "searchCategory":"AzureDiagnostics",
            "alertThresholdValue":0,
            "operator":"GreaterThan",
            "alertThrottleInMinutes": 0,
            "alertBreach":1,
            "scheduleIntervalInMinutes":10,
            "scheduleQueryTimeSpan":40,
            "eventType":"Availability",
            "eventResource":"ExpressRoute Circuit"
            },
            {
            "alertName":"DXC-Major-ExpressRoute Circuit-Connection network Utilization",
            "description":"ExpressRoute Circuit, Connection Utilization status from NetMon",
            "actionGroupName":"DXC-AG-Major",
            "severity":"1",
            "query":"NetworkMonitoring | where SubType == 'ERVNetConnectionUtilization' | take 10 | summarize entrycount = count(BitsInPerSecond), BitsIn = avg(BitsInPerSecond), BitsOut = avg(BitsOutPerSecond) by SubType,VirtualNetwork,SubscriptionId,UtilizationHealthState,CircuitResourceGroup,ConnectionResourceId,Type | where BitsIn == 0 or BitsOut == 0 or UtilizationHealthState <> 'Healthy' | extend ResourceId = tolower(ConnectionResourceId), Resource = tolower(VirtualNetwork)",
            "searchCategory":"AzureDiagnostics",
            "alertThresholdValue":0,
            "operator":"GreaterThan",
            "alertThrottleInMinutes": 0,
            "alertBreach":1,
            "scheduleIntervalInMinutes":10,
            "scheduleQueryTimeSpan":40,
            "eventType":"Availability",
            "eventResource":"ExpressRoute Connection"
            }
        ]
    },
"resources":
    [
        {
        "name":"[variables('alertArray')[copyIndex()].alertName]",
        "type":"Microsoft.Insights/scheduledQueryRules",
        "apiVersion": "2018-04-16",
        "copy":
            {
            "name":"RuleCopy",
            "count":"[length(variables('alertArray'))]"
            },
        "location": "[parameters('omsWorkspaceLocation')]",
        "tags":{"[variables('alertTag')]": "[variables('alertArray')[copyIndex()].searchCategory]"},
        "properties":
            {
            "description": "[concat('Version:', parameters('alertVersion'), ' ', variables('alertArray')[copyIndex()].description)]",
            "enabled": "true",
            "source":
                {
                "query": "[concat(variables('alertArray')[copyIndex()].query, replace(replace(replace(variables('alertStandard')[variables('alertArray')[copyIndex()].searchCategory],'itsm-Type', variables('alertArray')[copyIndex()].eventType) ,'itsm-Resource', variables('alertArray')[copyIndex()].eventResource),'itsm-Format', variables('alertArray')[copyIndex()].searchCategory))]",
                "dataSourceId": "[resourceId('Microsoft.OperationalInsights/workspaces', parameters('omsWorkspaceName'))]",
                "queryType": "ResultCount"
                },
            "schedule":
                {
                "frequencyInMinutes": "[variables('alertArray')[copyIndex()].scheduleIntervalInMinutes]",
                "timeWindowInMinutes": "[variables('alertArray')[copyIndex()].scheduleQueryTimeSpan]"
                },
            "action":
                {
                "odata.type": "Microsoft.WindowsAzure.Management.Monitoring.Alerts.Models.Microsoft.AppInsights.Nexus.DataContracts.Resources.ScheduledQueryRules.AlertingAction",
                "severity":"[variables('alertArray')[copyIndex()].severity]",
                "aznsAction":{"actionGroup":"[array(resourceId('Microsoft.Insights/actionGroups',variables('alertArray')[copyIndex()].actionGroupName))]" },
                "trigger":
                    {
                    "thresholdOperator":"[variables('alertArray')[copyIndex()].operator]",
                    "threshold":"[variables('alertArray')[copyIndex()].alertThresholdValue]"
                    }
                }
            }
        }
    ]
} 
