{
"$schema":"http://schema.management.azure.com/schemas/2015-01-01/deploymentTemplate.json",
"contentVersion":"1.0.0.0",
"parameters": 
    {
    "omsWorkspaceName":{"type":"string"},
    "omsWorkspaceLocation":{"type":"string"},
    "eventProcessingSchema":{"type":"string"},
    "alertVersion":{"type":"string"}
    },
"variables": 
    {
    "alertTag": "[concat('hidden-link:', resourceId('Microsoft.OperationalInsights/workspaces', parameters('omsWorkspaceName')))]",
    "extendedFields": " | extend eventType = 'itsm-Type', eventResource = 'itsm-Resource', eventFormat = 'itsm-Format', eventProcessingSchema = '",
    "endExtension": "'",
    "extendedQuery":"[concat(variables('extendedFields'), parameters('eventProcessingSchema'),variables('endExtension'))]",
    "AzureDiagnostics":" | extend ResourceId = tolower(ResourceId), Resource = tolower(Resource)",
    "AzureMetrics":" | extend ResourceId = tolower(ResourceId), Resource = tolower(Resource)",
    "ConfigurationChange":" | join kind= leftouter ( Heartbeat | distinct SourceComputerId,SubscriptionId,ResourceId) on SourceComputerId | extend Resource = Computer | project-away SourceComputerId1",
    "Event":"  | parse kind=relaxed _ResourceId with * '/subscriptions/' SubscriptionId '/resourcegroups/' * | extend Resource = Computer, ResourceId = _ResourceId | project-away  Computer, _ResourceId",
    "Heartbeat":" | extend Resource = Computer",
    "Perf":" | parse kind=relaxed _ResourceId with * '/subscriptions/' SubscriptionId '/resourcegroups/' * | extend Resource = Computer, ResourceId = _ResourceId | project-away  Computer, _ResourceId",
    "Syslog":"  | parse kind=relaxed _ResourceId with * '/subscriptions/' SubscriptionId '/resourcegroups/' * | extend Resource = Computer, ResourceId = _ResourceId | project-away  Computer, _ResourceId",
    "Update":"; Query | join kind= leftouter (Query | summarize makelist(Computer) by ResourceId) on ResourceId | project-away  Computer, ResourceId1",
    "MASActivity":" | extend ResourceId = Scope_s",
    "alertStandard":
        {
        "AzureActivity":"[variables('extendedQuery')]",
        "AzureDiagnostics":"[concat(variables('AzureDiagnostics'), variables('extendedQuery'))]",
        "AzureMetrics":"[concat(variables('AzureMetrics'), variables('extendedQuery'))]",
        "ConfigurationChange":"[concat(variables('ConfigurationChange'), variables('extendedQuery'))]",
        "Event":"[concat(variables('Event'), variables('extendedQuery'))]",
        "Heartbeat":"[concat(variables('Heartbeat'), variables('extendedQuery'))]",
        "Perf":"[concat(variables('Perf'), variables('extendedQuery'))]",
        "Syslog":"[concat(variables('Syslog'), variables('extendedQuery'))]",
        "Update":"[concat(variables('Update'), variables('extendedQuery'))]",
        "MASActivity":"[concat(variables('MASActivity'), variables('extendedQuery'))]",
        "MASHardware":"[variables('extendedQuery')]"
        },

    "alertArray":
        [
            {
            "alertName":"DXC-Minor-Top-Of-Rack Switch Syslog",
            "description":"Azure Stack SysLog warning message generated for Top-Of-Rack Switch",
            "severity":"2",
            "query":"Syslog | where SeverityLevel == 'warn'| extend ProcessName = iff((ProcessName=='Dell-Stack'), HostName, ProcessName) | where ProcessName contains '-tor-' | project-away Computer, HostName | extend Hostname=ProcessName, Computer=ProcessName",
            "searchCategory":"MASHardware",
            "alertThresholdValue":0,
            "operator":"GreaterThan",
            "scheduleIntervalInMinutes":5,
            "scheduleQueryTimeSpan":5,
            "eventType":"Event Log",
            "eventResource":"TOR Switch",
            "actionGroupName":"DXC-AG-Minor"
            },
            {
            "alertName":"DXC-Major-Top-Of-Rack Switch Syslog Critical",
            "description":"Azure Stack SysLog critical message generated for Top-Of-Rack Switch",
            "severity":"1",
            "query":"Syslog | where SeverityLevel == 'crit'| extend ProcessName = iff((ProcessName=='Dell-Stack'), HostName, ProcessName) | where ProcessName contains '-tor-' | project-away Computer, HostName | extend Hostname=ProcessName, Computer=ProcessName",
            "searchCategory":"MASHardware",
            "alertThresholdValue":0,
            "operator":"GreaterThan",
            "scheduleIntervalInMinutes":5,
            "scheduleQueryTimeSpan":5,
            "eventType":"Event Log",
            "eventResource":"TOR Switch",
            "actionGroupName":"DXC-AG-Major"
            },
            {
            "alertName":"DXC-Critical-Top-Of-Rack Switch Syslog Emergency",
            "description":"Azure Stack SysLog emergency message generated for Top-Of-Rack Switch",
            "severity":"0",
            "query":"Syslog | where SeverityLevel == 'emerg'| extend ProcessName = iff((ProcessName=='Dell-Stack'), HostName, ProcessName) | where ProcessName contains '-tor-' | project-away Computer, HostName | extend Hostname=ProcessName, Computer=ProcessName",
            "searchCategory":"MASHardware",
            "alertThresholdValue":0,
            "operator":"GreaterThan",
            "scheduleIntervalInMinutes":5,
            "scheduleQueryTimeSpan":5,
            "eventType":"Event Log",
            "eventResource":"TOR Switch",
            "actionGroupName":"DXC-AG-Critical"
            },
            {
            "alertName":"DXC-Major-Top-Of-Rack Switch Syslog Error",
            "description":"Azure Stack SysLog error message generated for Top-Of-Rack Switch",
            "severity":"1",
            "query":"Syslog | where SeverityLevel == 'err'| extend ProcessName = iff((ProcessName=='Dell-Stack'), HostName, ProcessName) | where ProcessName contains '-tor-' | project-away Computer, HostName | extend Hostname=ProcessName, Computer=ProcessName",
            "searchCategory":"MASHardware",
            "alertThresholdValue":0,
            "operator":"GreaterThan",
            "scheduleIntervalInMinutes":5,
            "scheduleQueryTimeSpan":5,
            "eventType":"Event Log",
            "eventResource":"TOR Switch",
            "actionGroupName":"DXC-AG-Major"
            },
            {
            "alertName":"DXC-Major-Top-Of-Rack Switch Syslog Alert",
            "description":"Azure Stack SysLog alert message generated for Top-Of-Rack Switch",
            "severity":"1",
            "query":"Syslog | where SeverityLevel == 'alert'| extend ProcessName = iff((ProcessName=='Dell-Stack'), HostName, ProcessName) | where ProcessName contains '-tor-' | project-away Computer, HostName | extend Hostname=ProcessName, Computer=ProcessName",
            "searchCategory":"MASHardware",
            "alertThresholdValue":0,
            "operator":"GreaterThan",
            "scheduleIntervalInMinutes":5,
            "scheduleQueryTimeSpan":5,
            "eventType":"Event Log",
            "eventResource":"TOR Switch",
            "actionGroupName":"DXC-AG-Major"
            }
        ]
    },
    "resources":
    [   
        {
        "name":"[variables('alertArray')[copyIndex()].alertName]",
        "type":"Microsoft.Insights/scheduledQueryRules",
        "apiVersion": "2018-04-16",
        "copy":
            {
            "name":"RuleCopy",
            "count":"[length(variables('alertArray'))]"
            }, 
        "location": "[parameters('omsWorkspaceLocation')]",
        "tags":{"[variables('alertTag')]": "[variables('alertArray')[copyIndex()].searchCategory]"},
        "properties":
            {
            "description": "[concat('Version:', parameters('alertVersion'), ' ', variables('alertArray')[copyIndex()].description)]",
            "enabled": "true",
            "source": 
                {
                "query": "[concat(variables('alertArray')[copyIndex()].query, replace(replace(replace(variables('alertStandard')[variables('alertArray')[copyIndex()].searchCategory],'itsm-Type', variables('alertArray')[copyIndex()].eventType) ,'itsm-Resource', variables('alertArray')[copyIndex()].eventResource),'itsm-Format', variables('alertArray')[copyIndex()].searchCategory))]",
                "dataSourceId": "[resourceId('Microsoft.OperationalInsights/workspaces', parameters('omsWorkspaceName'))]",
                "queryType": "ResultCount"
                },
            "schedule":
                {
                "frequencyInMinutes": "[variables('alertArray')[copyIndex()].scheduleIntervalInMinutes]",
                "timeWindowInMinutes": "[variables('alertArray')[copyIndex()].scheduleQueryTimeSpan]"
                },
            "action":
                {
                "odata.type": "Microsoft.WindowsAzure.Management.Monitoring.Alerts.Models.Microsoft.AppInsights.Nexus.DataContracts.Resources.ScheduledQueryRules.AlertingAction",
                "severity":"[variables('alertArray')[copyIndex()].severity]",
                "aznsAction":{"actionGroup":"[array(resourceId('Microsoft.Insights/actionGroups', variables('alertArray')[copyIndex()].actionGroupName))]"},
                "trigger":
                    {
                    "thresholdOperator":"[variables('alertArray')[copyIndex()].operator]",
                    "threshold":"[variables('alertArray')[copyIndex()].alertThresholdValue]"
                    }
                }
            }
        }
    ]
} 