{
      "$schema":"https://schema.management.azure.com/schemas/2019-04-01/deploymentTemplate.json#",
      "contentVersion":"1.0.0.0",
      "parameters": 
    {
    "omsWorkspaceName":{"type":"string"},
    "omsWorkspaceLocation":{"type":"string"},
    "eventProcessingSchema":{"type":"string"},
    "alertVersion":{"type":"string"}
    },
"variables": 
    {
    "alertTag": "[concat('hidden-link:', resourceId('Microsoft.OperationalInsights/workspaces', parameters('omsWorkspaceName')))]",
    "extendedFields": " | extend eventType = 'itsm-Type', eventResource = 'itsm-Resource', eventFormat = 'itsm-Format', eventProcessingSchema = '",
    "endExtension": "'",
    "extendedQuery":"[concat(variables('extendedFields'), parameters('eventProcessingSchema'),variables('endExtension'))]",
    "AzureDiagnostics":" | extend ResourceId = tolower(ResourceId), Resource = tolower(Resource)",
    "AzureMetrics":" | extend ResourceId = tolower(ResourceId), Resource = tolower(Resource)",
    "ConfigurationChange":" | join kind= leftouter ( Heartbeat | distinct SourceComputerId,SubscriptionId,ResourceId) on SourceComputerId | extend Resource = Computer | project-away SourceComputerId1",
    "Event":"  | parse kind=relaxed _ResourceId with * '/subscriptions/' SubscriptionId '/resourcegroups/' * | extend Resource = Computer, ResourceId = _ResourceId | project-away  Computer, _ResourceId",
    "Heartbeat":" | extend Resource = Computer",
    "Perf":" | parse kind=relaxed _ResourceId with * '/subscriptions/' SubscriptionId '/resourcegroups/' * | extend Resource = Computer, ResourceId = _ResourceId | project-away  Computer, _ResourceId",
    "Syslog":"  | parse kind=relaxed _ResourceId with * '/subscriptions/' SubscriptionId '/resourcegroups/' * | extend Resource = Computer, ResourceId = _ResourceId | project-away  Computer, _ResourceId",
    "Update":"; Query | join kind= leftouter (Query | summarize makelist(Computer) by ResourceId) on ResourceId | project-away  Computer, ResourceId1",
    "MASActivity":" | extend ResourceId = Scope_s",
    "alertStandard":
        {
        "AzureActivity":"[variables('extendedQuery')]",
        "AzureDiagnostics":"[concat(variables('AzureDiagnostics'), variables('extendedQuery'))]",
        "AzureMetrics":"[concat(variables('AzureMetrics'), variables('extendedQuery'))]",
        "ConfigurationChange":"[concat(variables('ConfigurationChange'), variables('extendedQuery'))]",
        "Event":"[concat(variables('Event'), variables('extendedQuery'))]",
        "Heartbeat":"[concat(variables('Heartbeat'), variables('extendedQuery'))]",
        "Perf":"[concat(variables('Perf'), variables('extendedQuery'))]",
        "Syslog":"[concat(variables('Syslog'), variables('extendedQuery'))]",
        "Update":"[concat(variables('Update'), variables('extendedQuery'))]",
        "MASActivity":"[concat(variables('MASActivity'), variables('extendedQuery'))]",
        "MASHardware":"[variables('extendedQuery')]"
        },
          "alertArray":
              [
                  {
                  "alertName":"DXC-Major-Windows OS-BSOD", 
                  "description":"System stopped responding or crashed",
                  "severity":"1",
                  "query":"Event | where EventID in (41) and RenderedDescription has 'The system has rebooted without cleanly shutting down first'",
                  "searchCategory":"Event",
                  "alertThresholdValue":0,
                  "operator":"GreaterThan",
                  "scheduleIntervalInMinutes":5,
                  "scheduleQueryTimeSpan":5,      
                  "eventType":"Availability",
                  "eventResource":"Virtual Machine",
            	"actionGroupName":"DXC-AG-Major"
                  },
                  {
                  "alertName":"DXC-Major-Windows OS-unexpected reboot",
                  "description":"The previous system shutdown was unexpected. ",
                  "severity":"1",
                  "query":"Event | where EventID in (6008)",
                  "searchCategory":"Event",
                  "alertThresholdValue":0,
                  "operator":"GreaterThan",
                  "scheduleIntervalInMinutes":5,
                  "scheduleQueryTimeSpan":5,      
                  "eventType":"Availability",
                  "eventResource":"Virtual Machine",
            	"actionGroupName":"DXC-AG-Major"
                  },
                  {
                  "alertName":"DXC-Minor-Windows OS-NTFS Error",
                  "description":"The system failed to flush data to the transaction log. Corruption may occur or the file system structure on the disk is corrupt and unusable. Please run the chkdsk utility on the volume.",
                  "severity":"2",
                  "query":"Event | where EventID in (55, 57) | where Source has 'NTFS' | where EventLevelName == 'Error' or EventLevelName == 'Warning'",
                  "searchCategory":"Event",
                  "alertThresholdValue":0,
                  "operator":"GreaterThan",
                  "scheduleIntervalInMinutes":5,
                  "scheduleQueryTimeSpan":5,      
                  "eventType":"Health",
                  "eventResource":"File System",
            	  "actionGroupName":"DXC-AG-Minor"
                  },
                  {
                  "alertName":"DXC-Major-Windows OS-Out of paged pool memory",
                  "description":"The server was unable to allocate from the system paged pool because the pool was empty.",
                  "severity":"1",
                  "query":"Event | where EventID in (2019, 2020)",
                  "searchCategory":"Event",
                  "alertThresholdValue":0,
                  "operator":"GreaterThan",
                  "scheduleIntervalInMinutes":5,
                  "scheduleQueryTimeSpan":5,      
                  "eventType":"Performance",
                  "eventResource":"Paged Pool",
            	  "actionGroupName":"DXC-AG-Major"
                  },
                  {
                  "alertName":"DXC-Minor-Windows OS-TCPIP failed",
                  "description":"TCP/IP failed to establish an outgoing connection because the selected local endpoint was recently used to connect to the same remote endpoint.",
                  "severity":"2",
                  "query":"Event | where EventID in (4227)",
                  "searchCategory":"Event",
                  "alertThresholdValue":0,
                  "operator":"GreaterThan",
                  "scheduleIntervalInMinutes":5,
                  "scheduleQueryTimeSpan":5,      
                  "eventType":"Availability",
                  "eventResource":"Network",
            	  "actionGroupName":"DXC-AG-Minor"
                  },
                  {
                  "alertName":"DXC-Major-Microsoft AAD Application Proxy Connector Event Log",
                  "description":"Event Logs Critical",
                  "severity":"1",
                  "query":"Event | where ParameterXml like '>Microsoft AAD Application Proxy Connector<' and ParameterXml notlike '>running<'",
                  "searchCategory":"Event",
                  "alertThresholdValue":0,
                  "operator":"GreaterThan",
                  "scheduleIntervalInMinutes":5,
                  "scheduleQueryTimeSpan":5,      
                  "eventType":"Event Log",
                  "eventResource":"AAD Application Proxy Connector",
            	"actionGroupName":"DXC-AG-Major"
                  },
                  {
                  "alertName":"DXC-Minor-Directory Service Event Log",
                  "description":"Directory Service Event Logs Critical",
                  "severity":"2",
                  "query":"Event | where  EventLog=='Directory Service' and EventLevelName=='Error'",
                  "searchCategory":"Event",
                  "alertThresholdValue":0,
                  "operator":"GreaterThan",
                  "scheduleIntervalInMinutes":5,
                  "scheduleQueryTimeSpan":5,      
                  "eventType":"Event Log",
                  "eventResource":"Directory Service",
            	"actionGroupName":"DXC-AG-Minor"
                  },
                  {
                  "alertName":"DXC-Major-Windows OS-Netlogon service",
                  "description":"No logon servers available or computer account failure",
                  "severity":"1",
                  "query":"Event | where EventID in (5719, 5723)",
                  "searchCategory":"Event",
                  "alertThresholdValue":0,
                  "operator":"GreaterThan",
                  "scheduleIntervalInMinutes":5,
                  "scheduleQueryTimeSpan":5,      
                  "eventType":"Authentication",
                  "eventResource":"Netlogon Service",
            	  "actionGroupName":"DXC-AG-Major"
                  },
                  {
                  "alertName":"DXC-Major-Windows Server Failover Clustering Event Log",
                  "description":"Windows Server Failover Clustering Event Log Critical",
                  "severity":"1",
                  "query":"Event | where Source like 'Microsoft-Windows-FailoverClustering' | where EventLog == 'System' | where EventLevelName == 'Error' | where EventID == 1135 or EventID == 1069 or EventID == 1177 or EventID == 1006 or EventID == 1230 or EventID == 1146 or EventID == 1205",
                  "searchCategory":"Event",
                  "alertThresholdValue":0,
                  "operator":"GreaterThan",
                  "scheduleIntervalInMinutes":5,
                  "scheduleQueryTimeSpan":5,      
                  "eventType":"Event Log",
                  "eventResource":"Windows Server Failover Clustering",
            	"actionGroupName":"DXC-AG-Major"
                  }
              ]
          },
    "resources":
    [
        {
        "name":"[variables('alertArray')[copyIndex()].alertName]",
        "type":"Microsoft.Insights/scheduledQueryRules",
        "apiVersion": "2018-04-16",
        "copy":
            {
            "name":"RuleCopy",
            "count":"[length(variables('alertArray'))]"
            },
        "location": "[parameters('omsWorkspaceLocation')]",
        "tags":{"[variables('alertTag')]": "[variables('alertArray')[copyIndex()].searchCategory]"},
        "properties":
            {
            "description": "[concat('Version:', parameters('alertVersion'), ' ', variables('alertArray')[copyIndex()].description)]",
            "enabled": "true",
            "source":
                {
                "query": "[concat(variables('alertArray')[copyIndex()].query, replace(replace(replace(variables('alertStandard')[variables('alertArray')[copyIndex()].searchCategory],'itsm-Type', variables('alertArray')[copyIndex()].eventType) ,'itsm-Resource', variables('alertArray')[copyIndex()].eventResource),'itsm-Format', variables('alertArray')[copyIndex()].searchCategory))]",
                "dataSourceId": "[resourceId('Microsoft.Operationalinsights/workspaces', parameters('omsWorkspaceName'))]",
                "queryType": "ResultCount"
                },
            "schedule":
                {
                "frequencyInMinutes": "[variables('alertArray')[copyIndex()].scheduleIntervalInMinutes]",
                "timeWindowInMinutes": "[variables('alertArray')[copyIndex()].scheduleQueryTimeSpan]"
                },
            "action":
                {
                "odata.type": "Microsoft.WindowsAzure.Management.Monitoring.Alerts.Models.Microsoft.AppInsights.Nexus.DataContracts.Resources.ScheduledQueryRules.AlertingAction",
                "severity":"[variables('alertArray')[copyIndex()].severity]",
                "aznsAction":{"actionGroup":"[array(resourceId('Microsoft.Insights/actionGroups', variables('alertArray')[copyIndex()].actionGroupName))]"},
                "trigger":
                    {
                    "thresholdOperator":"[variables('alertArray')[copyIndex()].operator]",
                    "threshold":"[variables('alertArray')[copyIndex()].alertThresholdValue]"
                    }
                }
            }
        }
    ]
      } 
