{
"$schema":"http://schema.management.azure.com/schemas/2015-01-01/deploymentTemplate.json",
"contentVersion":"1.0.0.0",
"parameters": 
    {
    "omsWorkspaceName":{"type":"string"},
    "omsWorkspaceLocation":{"type":"string"},
    "eventProcessingSchema":{"type":"string"},
    "alertVersion":{"type":"string"}
    },
"variables": 
    {
    "alertTag": "[concat('hidden-link:', resourceId('Microsoft.OperationalInsights/workspaces', parameters('omsWorkspaceName')))]",
    "extendedFields": " | extend eventType = 'itsm-Type', eventResource = 'itsm-Resource', eventFormat = 'itsm-Format', eventProcessingSchema = '",
    "endExtension": "'",
    "extendedQuery":"[concat(variables('extendedFields'), parameters('eventProcessingSchema'),variables('endExtension'))]",
    "AzureDiagnostics":" | extend ResourceId = tolower(ResourceId), Resource = tolower(Resource)",
    "AzureMetrics":" | extend ResourceId = tolower(ResourceId), Resource = tolower(Resource)",
    "ConfigurationChange":" | join kind= leftouter ( Heartbeat | distinct SourceComputerId,SubscriptionId,ResourceId) on SourceComputerId | extend Resource = Computer | project-away SourceComputerId1",
    "Event":"  | parse kind=relaxed _ResourceId with * '/subscriptions/' SubscriptionId '/resourcegroups/' * | extend Resource = Computer, ResourceId = _ResourceId | project-away  Computer, _ResourceId",
    "Heartbeat":" | extend Resource = Computer",
    "Perf":" | parse kind=relaxed _ResourceId with * '/subscriptions/' SubscriptionId '/resourcegroups/' * | extend Resource = Computer, ResourceId = _ResourceId | project-away  Computer, _ResourceId",
    "Syslog":"  | parse kind=relaxed _ResourceId with * '/subscriptions/' SubscriptionId '/resourcegroups/' * | extend Resource = Computer, ResourceId = _ResourceId | project-away  Computer, _ResourceId",
    "Update":"; Query | join kind= leftouter (Query | summarize makelist(Computer) by ResourceId) on ResourceId | project-away  Computer, ResourceId1",
    "MASActivity":" | extend ResourceId = Scope_s",
    "alertStandard":
        {
        "AzureActivity":"[variables('extendedQuery')]",
        "AzureDiagnostics":"[concat(variables('AzureDiagnostics'), variables('extendedQuery'))]",
        "AzureMetrics":"[concat(variables('AzureMetrics'), variables('extendedQuery'))]",
        "ConfigurationChange":"[concat(variables('ConfigurationChange'), variables('extendedQuery'))]",
        "Event":"[concat(variables('Event'), variables('extendedQuery'))]",
        "Heartbeat":"[concat(variables('Heartbeat'), variables('extendedQuery'))]",
        "Perf":"[concat(variables('Perf'), variables('extendedQuery'))]",
        "Syslog":"[concat(variables('Syslog'), variables('extendedQuery'))]",
        "Update":"[concat(variables('Update'), variables('extendedQuery'))]",
        "MASActivity":"[concat(variables('MASActivity'), variables('extendedQuery'))]",
        "MASHardware":"[variables('extendedQuery')]",
        "ASC":"[variables('extendedQuery')]"
        },

    "alertArray":
        [
            {
            "alertName":"DXC-Major-Azure Security Center-Security Alerts",
            "description":"ASC has detected a high security alert ",
            "severity":"1",
            "query":"SecurityAlert | where AlertName contains 'Failed SSH brute force attack' or AlertName contains 'Digital currency mining container detected' or AlertName contains 'Exposed Kubernetes dashboard detected' or AlertName contains 'Container with a miner image detected' or AlertName contains 'Attempted logon by a potentially harmful application' or AlertName contains 'Potential SQL Brute Force attempt' or AlertName contains 'Potential SQL injection' or AlertName contains 'Access from a Tor exit node to a storage account' or AlertName contains 'Anonymous access to a storage account' or AlertName contains 'Potential malware uploaded to a storage account' or AlertName contains 'Suspicious outgoing RDP network activity to multiple destinations' or AlertName contains 'Suspicious outgoing RDP network activity' or AlertName contains 'Access from a TOR exit node to a key vault KV_TORAccess' or AlertName contains 'DDoS Attack detected for Public IP' or AlertName contains 'Security incident with shared process detected' or AlertName contains 'Security incident detected on multiple resources' or AlertName contains 'Security incident detected from same source' or AlertName contains 'Security incident detected on multiple machines' | parse kind=relaxed ResourceId with * '/subscriptions/' SubscriptionId '/resourceGroups/' ResourceGroup '/providers/' Provider '/' ResourceType '/' Resource | project-away ResourceGroup, Provider, ResourceType | extend _ResourceId = ResourceId  | project-away ResourceId| project-rename ResourceId = _ResourceId",
            "searchCategory":"ASC",
            "alertThresholdValue":0,
            "operator":"GreaterThan",
            "scheduleIntervalInMinutes":30,
            "scheduleQueryTimeSpan":30,
            "eventType":"Security",
            "eventResource":"Azure Security Center",
            "actionGroupName":"DXC-AG-Major"
            },
          {
            "alertName": "DXC-Informational-Azure Security Center-Recommendation",
            "description": "ASC has identified a high security recommendation",
            "severity": "4",
            "query": "SecurityRecommendation | where RecommendationState == 'Unhealthy' and (RecommendationName contains 'Diagnostic logs in Key Vault should be enabled' or RecommendationName contains 'MFA should be enabled on accounts with owner permissions on your subscription' or RecommendationName contains 'MFA should be enabled accounts with write permissions on your subscription' or RecommendationName contains 'Virtual machines should be migrated to new Azure Resource Manager resources' or RecommendationName contains 'Automation account variables should be encrypted' or RecommendationName contains 'Network Security Groups on the subnet level should be enabled' or RecommendationName contains 'Management ports should be closed on your virtual machines' or RecommendationName contains 'Internet-facing virtual machines should be protected with network security groups' or RecommendationName contains 'All network ports should be restricted on network security groups associated to your virtual machine' or RecommendationName contains 'Deprecated accounts should be removed from your subscription' or RecommendationName contains 'Secure transfer to storage accounts should be enabled' or RecommendationName contains 'Web Application should only be accessible over HTTPS' or RecommendationName contains 'Log Analytics agent should be installed on your virtual machine' or RecommendationName contains 'Log Analytics agent health issues should be resolved on your machines' or RecommendationName contains 'Log Analytics agent should be installed on your virtual machine scale sets for Azure Security Center monitoring') |parse kind=relaxed AssessedResourceId with * '/subscriptions/' SubscriptionId '/resourceGroups/' ResourceGroup '/providers/' Provider '/' ResourceType '/' Resource | extend ResourceId = AssessedResourceId | project-away ResourceGroup, Provider, ResourceType",
            "searchCategory": "ASC",
            "alertThresholdValue": 0,
            "operator": "GreaterThan",
            "scheduleIntervalInMinutes": 30,
            "scheduleQueryTimeSpan": 30,
            "eventType": "Security",
            "eventResource": "Azure Security Center",
            "actionGroupName": "DXC-AG-Informational"
          }
        ]
    },
"resources":
    [
        {
        "name":"[variables('alertArray')[copyIndex()].alertName]",
        "type":"Microsoft.Insights/scheduledQueryRules",
        "apiVersion": "2018-04-16",
        "copy":
            {
            "name":"RuleCopy",
            "count":"[length(variables('alertArray'))]"
            },
        "location": "[parameters('omsWorkspaceLocation')]",
        "tags":{"[variables('alertTag')]": "[variables('alertArray')[copyIndex()].searchCategory]"},
        "properties":
            {
            "description": "[concat('Version:', parameters('alertVersion'), ' ', variables('alertArray')[copyIndex()].description)]",
            "enabled": "true",
            "source":
                {
                "query": "[concat(variables('alertArray')[copyIndex()].query, replace(replace(replace(variables('alertStandard')[variables('alertArray')[copyIndex()].searchCategory],'itsm-Type', variables('alertArray')[copyIndex()].eventType) ,'itsm-Resource', variables('alertArray')[copyIndex()].eventResource),'itsm-Format', variables('alertArray')[copyIndex()].searchCategory))]",
                "dataSourceId": "[resourceId('Microsoft.OperationalInsights/workspaces', parameters('omsWorkspaceName'))]",
                "queryType": "ResultCount"
                },
            "schedule":
                {
                "frequencyInMinutes": "[variables('alertArray')[copyIndex()].scheduleIntervalInMinutes]",
                "timeWindowInMinutes": "[variables('alertArray')[copyIndex()].scheduleQueryTimeSpan]"
                },
            "action":
                {
                "odata.type": "Microsoft.WindowsAzure.Management.Monitoring.Alerts.Models.Microsoft.AppInsights.Nexus.DataContracts.Resources.ScheduledQueryRules.AlertingAction",
                "severity":"[variables('alertArray')[copyIndex()].severity]",
                "aznsAction":{"actionGroup":"[array(resourceId('Microsoft.Insights/actionGroups',variables('alertArray')[copyIndex()].actionGroupName))]"
                             },
                "trigger":
                    {
                    "thresholdOperator":"[variables('alertArray')[copyIndex()].operator]",
                    "threshold":"[variables('alertArray')[copyIndex()].alertThresholdValue]"
                    }
                }
            }
        }
    ]
} 