{
"$schema":"http://schema.management.azure.com/schemas/2015-01-01/deploymentTemplate.json",
"contentVersion":"1.0.0.0",
"parameters":
    {
    "omsWorkspaceName":{"type":"string"},
    "omsWorkspaceLocation":{"type":"string"},
    "alertVersion":{"type":"string"}
    },
"variables":
    {
    "alertTag": "[concat('hidden-link:', resourceId('Microsoft.Operationalinsights/workspaces', parameters('omsWorkspaceName')))]",
    "alertStandard":
        {
        "AzureActivity":" | extend eventType = 'itsm-Type', eventResource = 'itsm-Resource', eventFormat = 'itsm-Format'",
        "AzureDiagnostics":" | extend ResourceId = tolower(ResourceId), Resource = tolower(Resource), eventType = 'itsm-Type', eventResource = 'itsm-Resource', eventFormat = 'itsm-Format'",
        "AzureMetrics":" | extend ResourceId = tolower(ResourceId), Resource = tolower(Resource), eventType = 'itsm-Type', eventResource = 'itsm-Resource', eventFormat = 'itsm-Format'",
        "ConfigurationChange":" | join kind= leftouter ( Heartbeat | distinct SourceComputerId,SubscriptionId,ResourceId) on SourceComputerId | extend Resource = Computer, eventType = 'itsm-Type', eventResource = 'itsm-Resource', eventFormat = 'itsm-Format' | project-away SourceComputerId1",
        "Event":"  | parse kind=relaxed _ResourceId with * '/subscriptions/' SubscriptionId '/resourcegroups/' * | extend Resource = Computer, ResourceId = _ResourceId, eventType = 'itsm-Type', eventResource = 'itsm-Resource', eventFormat = 'itsm-Format'  | project-away  Computer, _ResourceId",
        "Heartbeat":" | extend Resource = Computer, eventType = 'itsm-Type', eventResource = 'itsm-Resource', eventFormat = 'itsm-Format'",
        "Perf":" | parse kind=relaxed _ResourceId with * '/subscriptions/' SubscriptionId '/resourcegroups/' * | extend Resource = Computer, ResourceId = _ResourceId, eventType = 'itsm-Type', eventResource = 'itsm-Resource', eventFormat = 'itsm-Format' | project-away  Computer, _ResourceId",
        "Syslog":"  | parse kind=relaxed _ResourceId with * '/subscriptions/' SubscriptionId '/resourcegroups/' * | extend Resource = Computer, ResourceId = _ResourceId, eventType = 'itsm-Type', eventResource = 'itsm-Resource', eventFormat = 'itsm-Format' | project-away  Computer, _ResourceId",
        "Update":"; Query | join kind= leftouter (Query | summarize makelist(Computer) by ResourceId) on ResourceId | project-away  Computer, ResourceId1  | extend eventType = 'itsm-Type', eventResource = 'itsm-Resource', eventFormat = 'itsm-Format'",
        "MASActivity":" | extend ResourceId = Scope_s, eventType = 'itsm-Type', eventResource = 'itsm-Resource', eventFormat = 'itsm-Format'",
        "MASHardware":" | extend eventType = 'itsm-Type', eventResource = 'itsm-Resource', eventFormat = 'itsm-Format'"
        },
    "alertArray":
        [
            {
            "alertName":"DXC-Critical-ITSM Connector-Health",
            "description":"ITSM Connector-Health Alert. Ensure the username, password, client ID, and client secret are correctly entered for each of the connections. Check if sufficient privileges are available in the corresponding ITSM product to make the connection.",
            "severity":"0",
            "query":"ServiceDeskLog_CL | where LogType_s == 'ERROR'",
            "searchCategory":"Event",
            "alertThresholdValue":0,
            "operator":"GreaterThan",
            "scheduleIntervalInMinutes":5,
            "scheduleQueryTimeSpan":5,
            "subject":"[concat('DXC-ITSM Connector is down for Workspace:',parameters('omsWorkspaceName'))]",
            "eventType":"ServiceDeskLog",
            "eventResource":"ITSM Connector",
            "actionGroupName":"DXC-AG-Email"
           }
      ]
   },
"resources":
    [
        {
        "name":"[variables('alertArray')[copyIndex()].alertName]",
        "type":"Microsoft.Insights/scheduledQueryRules",
        "apiVersion": "2018-04-16",
        "copy":
            {
            "name":"RuleCopy",
            "count":"[length(variables('alertArray'))]"
            },
        "location": "[parameters('omsWorkspaceLocation')]",
        "tags":{"[variables('alertTag')]": "[variables('alertArray')[copyIndex()].searchCategory]"},
        "properties":
            {
            "description": "[concat('Version:', parameters('alertVersion'), ' ', variables('alertArray')[copyIndex()].description)]",
            "enabled": "true",
            "source":
                {
                "query": "[concat(variables('alertArray')[copyIndex()].query, replace(replace(replace(variables('alertStandard')[variables('alertArray')[copyIndex()].searchCategory],'itsm-Type', variables('alertArray')[copyIndex()].eventType) ,'itsm-Resource', variables('alertArray')[copyIndex()].eventResource),'itsm-Format', variables('alertArray')[copyIndex()].searchCategory))]",
                "dataSourceId": "[resourceId('Microsoft.Operationalinsights/workspaces', parameters('omsWorkspaceName'))]",
                "queryType": "ResultCount"
                },
            "schedule":
                {
                "frequencyInMinutes": "[variables('alertArray')[copyIndex()].scheduleIntervalInMinutes]",
                "timeWindowInMinutes": "[variables('alertArray')[copyIndex()].scheduleQueryTimeSpan]"
                },
            "action":
                {
                "odata.type": "Microsoft.WindowsAzure.Management.Monitoring.Alerts.Models.Microsoft.AppInsights.Nexus.DataContracts.Resources.ScheduledQueryRules.AlertingAction",
                "severity":"[variables('alertArray')[copyIndex()].severity]",
                "aznsAction":
                    {
                    "actionGroup":"[array(resourceId('Microsoft.Insights/actionGroups', variables('alertArray')[copyIndex()].actionGroupName))]",
                    "emailSubject":"[variables('alertArray')[copyIndex()].subject]"
                    },
                "trigger":
                    {
                    "thresholdOperator":"[variables('alertArray')[copyIndex()].operator]",
                    "threshold":"[variables('alertArray')[copyIndex()].alertThresholdValue]"
                    }
                }
            }
        }
    ]
} 
