{
"$schema": "https://schema.management.azure.com/schemas/2015-01-01/deploymentTemplate.json#",
"contentVersion": "1.0.0.0",
"parameters": 
    {
    "omsWorkspaceName":{"type":"string"},
    "omsWorkspaceLocation":{"type":"string"},
    "eventProcessingSchema":{"type":"string"},
    "alertVersion":{"type":"string"}
    },
"variables": 
    {
    "alertTag": "[concat('hidden-link:', resourceId('Microsoft.OperationalInsights/workspaces', parameters('omsWorkspaceName')))]",
    "extendedFields": " | extend eventType = 'itsm-Type', eventResource = 'itsm-Resource', eventFormat = 'itsm-Format', eventProcessingSchema = '",
    "endExtension": "'",
    "extendedQuery":"[concat(variables('extendedFields'), parameters('eventProcessingSchema'),variables('endExtension'))]",
    "AzureDiagnostics":" | extend ResourceId = tolower(ResourceId), Resource = tolower(Resource)",
    "AzureMetrics":" | extend ResourceId = tolower(ResourceId), Resource = tolower(Resource)",
    "ConfigurationChange":" | join kind= leftouter ( Heartbeat | distinct SourceComputerId,SubscriptionId,ResourceId) on SourceComputerId | extend Resource = Computer | project-away SourceComputerId1",
	"CrowdstrikeSIEM_CL": " | join kind= leftouter( Heartbeat| distinct SubscriptionId,Resource,ResourceId | extend lcase_resource = tolower(Resource)) on lcase_resource | extend SiemServerName = ManagementGroupName, eventType = 'Security', eventResource = 'Virtual Machine', eventFormat = 'CrowdstrikeSIEM_CL' | project-away ManagementGroupName,lcase_resource,lcase_resource1",
    "Event":"  | parse kind=relaxed _ResourceId with * '/subscriptions/' SubscriptionId '/resourcegroups/' * | extend Resource = Computer, ResourceId = _ResourceId | project-away  Computer, _ResourceId",
    "Heartbeat":" | extend Resource = Computer",
    "Perf":" | parse kind=relaxed _ResourceId with * '/subscriptions/' SubscriptionId '/resourcegroups/' * | extend Resource = Computer, ResourceId = _ResourceId | project-away  Computer, _ResourceId",
    "Syslog":"  | distinct TimeGenerated, Computer, EventTime, Facility, HostName, SeverityLevel, SyslogMessage, HostIP, ProcessName, Type, _ResourceId, TenantId, SourceSystem, MG | parse kind=relaxed _ResourceId with * '/subscriptions/' SubscriptionId '/resourcegroups/' * | extend Resource = Computer, ResourceId = _ResourceId | project-away  Computer, _ResourceId",
    "Update":"; Query | join kind= leftouter (Query | summarize makelist(Computer) by ResourceId) on ResourceId | project-away  Computer, ResourceId1",
    "MASActivity":" | extend ResourceId = Scope_s",
    "alertStandard":
        {
        "AzureActivity":"[variables('extendedQuery')]",
        "AzureDiagnostics":"[concat(variables('AzureDiagnostics'), variables('extendedQuery'))]",
        "AzureMetrics":"[concat(variables('AzureMetrics'), variables('extendedQuery'))]",
        "ConfigurationChange":"[concat(variables('ConfigurationChange'), variables('extendedQuery'))]",
		"CrowdstrikeSIEM_CL": "[concat(variables('CrowdstrikeSIEM_CL'), variables('extendedQuery'))]",
        "Event":"[concat(variables('Event'), variables('extendedQuery'))]",
        "Heartbeat":"[concat(variables('Heartbeat'), variables('extendedQuery'))]",
        "Perf":"[concat(variables('Perf'), variables('extendedQuery'))]",
        "Syslog":"[concat(variables('Syslog'), variables('extendedQuery'))]",
        "Update":"[concat(variables('Update'), variables('extendedQuery'))]",
        "MASActivity":"[concat(variables('MASActivity'), variables('extendedQuery'))]",
        "MASHardware":"[variables('extendedQuery')]"
        },

    "alertArray":
        [
            {
            "alertName":"DXC-Critical-CrowdStrike-Detection",
            "description":"CrowdStrike-Detection of malware/virus on a crowdstrike guest",
            "severity":"0",
            "query": "CrowdstrikeSIEM_CL | where RawData contains 'DetectionSummaryEvent' | parse kind=relaxed RawData with * 'shost=' sResource ' ' * | parse kind=relaxed RawData with * 'dhost=' dResource ' ' * | extend lcase_resource = tolower(iff(isempty(sResource), dResource, sResource)) | project-away _ResourceId, dResource, sResource",
            "searchCategory":"CrowdstrikeSIEM_CL",
            "alertThresholdValue":0,
            "operator":"GreaterThan",
            "scheduleIntervalInMinutes":5,
            "scheduleQueryTimeSpan":10,
            "eventType":"Security",
            "eventResource":"Virtual Machine",
            "actionGroupName":"DXC-AG-Critical"
            },
            {
            "alertName":"DXC-Critical-Linux-CrowdStrike SVC Stopped",
            "description":"CrowdStrike-Linux Agent Stopped or uninstalled, Falcon Sensor offline or cannot connect to cloud",
            "severity":"0",
            "query":"Syslog| where SyslogMessage matches regex 'Stopped.*Falcon|falcon.*killed|falcon.*terminated'",
            "searchCategory":"Syslog",
            "alertThresholdValue":0,
            "operator":"GreaterThan",
            "scheduleIntervalInMinutes":5,
            "scheduleQueryTimeSpan":5,
            "eventType":"Security",
            "eventResource":"Crowdstrike Agent",
            "actionGroupName":"DXC-AG-Critical"
            },
          {
            "alertName":"DXC-Critical-Windows-Crowdstrike SVC Uninstalled",
            "description":"CrowdStrike-Windows Agent uninstalled. This alert indicates that the Crowdstrike agent has been uninstalled from the specified virtual machine.",
            "severity":"0",
            "query":"ConfigurationChange | where SvcDisplayName  contains 'Falcon' | where ChangeCategory == 'Removed'",
            "searchCategory":"ConfigurationChange",
            "alertThresholdValue":0,
            "operator":"GreaterThan",
            "scheduleIntervalInMinutes":5,
            "scheduleQueryTimeSpan":5,
            "eventType":"Security",
            "eventResource":"Crowdstrike Agent",
            "actionGroupName":"DXC-AG-Critical"
          }
        ]
    },
"resources":
    [ 
        {
        "name":"[variables('alertArray')[copyIndex()].alertName]",
        "type":"Microsoft.Insights/scheduledQueryRules",
        "apiVersion": "2018-04-16",
        "copy":
            {
            "name":"RuleCopy",
            "count":"[length(variables('alertArray'))]"
            },
        "location": "[parameters('omsWorkspaceLocation')]",
        "tags":{"[variables('alertTag')]": "[variables('alertArray')[copyIndex()].searchCategory]"},
        "properties":
            {
            "description": "[concat('Version:', parameters('alertVersion'), ' ', variables('alertArray')[copyIndex()].description)]",
            "enabled": "true",
            "source": 
                {
                "query": "[concat(variables('alertArray')[copyIndex()].query, replace(replace(replace(variables('alertStandard')[variables('alertArray')[copyIndex()].searchCategory],'itsm-Type', variables('alertArray')[copyIndex()].eventType) ,'itsm-Resource', variables('alertArray')[copyIndex()].eventResource),'itsm-Format', variables('alertArray')[copyIndex()].searchCategory))]",
                "dataSourceId": "[resourceId('Microsoft.OperationalInsights/workspaces', parameters('omsWorkspaceName'))]",
                "queryType": "ResultCount"
                },
            "schedule":
                {
                "frequencyInMinutes": "[variables('alertArray')[copyIndex()].scheduleIntervalInMinutes]",
                "timeWindowInMinutes": "[variables('alertArray')[copyIndex()].scheduleQueryTimeSpan]"
                },
            "action":
                {
                "odata.type": "Microsoft.WindowsAzure.Management.Monitoring.Alerts.Models.Microsoft.AppInsights.Nexus.DataContracts.Resources.ScheduledQueryRules.AlertingAction",
                "severity":"[variables('alertArray')[copyIndex()].severity]",
                "aznsAction":{"actionGroup":"[array(resourceId('Microsoft.Insights/actionGroups',variables('alertArray')[copyIndex()].actionGroupName))]"
                             },
                "trigger":
                    {
                    "thresholdOperator":"[variables('alertArray')[copyIndex()].operator]",
                    "threshold":"[variables('alertArray')[copyIndex()].alertThresholdValue]"
                    }
                }
            }
        } 
    ]
}
