{
"$schema":"http://schema.management.azure.com/schemas/2015-01-01/deploymentTemplate.json",
"contentVersion":"1.0.0.0",
"parameters": 
    {
    "omsWorkspaceName":{"type":"string"},
    "omsWorkspaceLocation":{"type":"string"},
    "eventProcessingSchema":{"type":"string"},
    "alertVersion":{"type":"string"}
    },
"variables": 
    {
    "alertTag": "[concat('hidden-link:', resourceId('Microsoft.OperationalInsights/workspaces', parameters('omsWorkspaceName')))]",
    "extendedFields": " | extend eventType = 'itsm-Type', eventResource = 'itsm-Resource', eventFormat = 'itsm-Format', eventProcessingSchema = '",
    "endExtension": "'",
    "extendedQuery":"[concat(variables('extendedFields'), parameters('eventProcessingSchema'),variables('endExtension'))]",
    "AzureDiagnostics":" | extend ResourceId = tolower(ResourceId), Resource = tolower(Resource)",
    "AzureMetrics":" | extend ResourceId = tolower(ResourceId), Resource = tolower(Resource)",
    "ConfigurationChange":" | join kind= leftouter ( Heartbeat | distinct SourceComputerId,SubscriptionId,ResourceId) on SourceComputerId | extend Resource = Computer | project-away SourceComputerId1",
    "Event":"  | parse kind=relaxed _ResourceId with * '/subscriptions/' SubscriptionId '/resourcegroups/' * | extend Resource = Computer, ResourceId = _ResourceId | project-away  Computer, _ResourceId",
    "Heartbeat":" | extend Resource = Computer",
    "Perf":" | parse kind=relaxed _ResourceId with * '/subscriptions/' SubscriptionId '/resourcegroups/' * | extend Resource = Computer, ResourceId = _ResourceId | project-away  Computer, _ResourceId",
    "Syslog":"  | parse kind=relaxed _ResourceId with * '/subscriptions/' SubscriptionId '/resourcegroups/' * | extend Resource = Computer, ResourceId = _ResourceId | project-away  Computer, _ResourceId",
    "Update":"; Query | join kind= leftouter (Query | summarize makelist(Computer) by ResourceId) on ResourceId | project-away  Computer, ResourceId1",
    "MASActivity":" | extend ResourceId = Scope_s",
    "alertStandard":
        {
        "AzureActivity":"[variables('extendedQuery')]",
        "AzureDiagnostics":"[concat(variables('AzureDiagnostics'), variables('extendedQuery'))]",
        "AzureMetrics":"[concat(variables('AzureMetrics'), variables('extendedQuery'))]",
        "ConfigurationChange":"[concat(variables('ConfigurationChange'), variables('extendedQuery'))]",
        "Event":"[concat(variables('Event'), variables('extendedQuery'))]",
        "Heartbeat":"[concat(variables('Heartbeat'), variables('extendedQuery'))]",
        "Perf":"[concat(variables('Perf'), variables('extendedQuery'))]",
        "Syslog":"[concat(variables('Syslog'), variables('extendedQuery'))]",
        "Update":"[concat(variables('Update'), variables('extendedQuery'))]",
        "MASActivity":"[concat(variables('MASActivity'), variables('extendedQuery'))]",
        "MASHardware":"[variables('extendedQuery')]"
        },

    "alertArray":
        [
          {
            "alertName": "DXC-Informational-CMDB-Update Availability Set",
            "actionGroupName": "DXC-AG-Informational",
            "description": "CMDB-Delete Availability Set or Create/ Update Availability Set. A change in Azure has been discovered for the identified Availability Set. ServiceNow uses this event to update the CMDB record in real time.",
            "severity": "4",
            "query": "AzureActivity | where ActivityStatus == 'Succeeded' and TimeGenerated > ago(25m) and TimeGenerated < ago(20m) | where (OperationName == 'Delete Availability Set' or OperationName == 'Create or Update Availability Set')",
            "searchCategory": "AzureActivity",
            "alertThresholdValue": 0,
            "operator": "GreaterThan",
            "scheduleIntervalInMinutes": 5,
            "scheduleQueryTimeSpan": 30,
            "eventType": "Change",
            "eventResource": "Availability Set"
          },
          {
            "alertName": "DXC-Informational-CMDB-Update Load Balancer",
            "actionGroupName": "DXC-AG-Informational",
            "description": "CMDB-Delete Load Balancer or Create/Update Load Balancer. A change in Azure has been discovered for the identified Load Balancer.  ServiceNow uses this event to update the CMDB record in real time.",
            "severity": "4",
            "query": "AzureActivity | where ActivityStatus == 'Succeeded' and TimeGenerated > ago(25m) and TimeGenerated < ago(20m) | where (OperationName == 'Delete Load Balancer' or OperationName == 'Create or Update Load Balancer')",
            "searchCategory": "AzureActivity",
            "alertThresholdValue": 0,
            "operator": "GreaterThan",
            "scheduleIntervalInMinutes": 5,
            "scheduleQueryTimeSpan": 30,
            "eventType": "Change",
            "eventResource": "Load Balancer"
          },
          {
            "alertName": "DXC-Informational-CMDB-Update Network Interface",
            "actionGroupName": "DXC-AG-Informational",
            "description": "CMDB-Delete Network Interfaces or Create/Update Network Interfaces. A change in Azure has been discovered for the identified Network Interface.  ServiceNow uses this event to update the CMDB record in real time.",
            "severity": "4",
            "query": "AzureActivity | where ActivityStatus == 'Succeeded' and TimeGenerated > ago(25m) and TimeGenerated < ago(20m) | where (OperationName == 'Create or Update Network Interface' or OperationName == 'Delete Network Interface')",
            "searchCategory": "AzureActivity",
            "alertThresholdValue": 0,
            "operator": "GreaterThan",
            "scheduleIntervalInMinutes": 5,
            "scheduleQueryTimeSpan": 30,
            "eventType": "Change",
            "eventResource": "Network Interface"
          },
          {
            "alertName": "DXC-Informational-CMDB-Update Public IP Address",
            "actionGroupName": "DXC-AG-Informational",
            "description": "CMDB-Delete Public IP Address or Create/Update Public IP Address. A change in Azure has been discovered for the identified Public IP Address.  ServiceNow uses this event to update the CMDB record in real time.",
            "severity": "4",
            "query": "AzureActivity | where ActivityStatus == 'Succeeded' and TimeGenerated > ago(25m) and TimeGenerated < ago(20m) | where (OperationName == 'Create or Update Public Ip Address' or OperationName == 'Delete Public Ip Address')",
            "searchCategory": "AzureActivity",
            "alertThresholdValue": 0,
            "operator": "GreaterThan",
            "scheduleIntervalInMinutes": 5,
            "scheduleQueryTimeSpan": 30,
            "eventType": "Change",
            "eventResource": "Public IP Address"
          },
          {
            "alertName": "DXC-Informational-CMDB-Update Resource Group",
            "actionGroupName": "DXC-AG-Informational",
            "description": "CMDB-Delete Resource Groups or Create/Update Resource Groups. A change in Azure has been discovered for the identified Resource Group.  ServiceNow uses this event to update the CMDB record in real time.",
            "severity": "4",
            "query": "AzureActivity | where ActivityStatus == 'Succeeded' and TimeGenerated > ago(25m) and TimeGenerated < ago(20m) | where (OperationName == 'Update resource group' or OperationName == 'Delete resource group')",
            "searchCategory": "AzureActivity",
            "alertThresholdValue": 0,
            "operator": "GreaterThan",
            "scheduleIntervalInMinutes": 5,
            "scheduleQueryTimeSpan": 30,
            "eventType": "Change",
            "eventResource": "Resource Group"
          },
          {
            "alertName": "DXC-Informational-CMDB-Update Deployment",
            "actionGroupName": "DXC-AG-Informational",
            "description": "CMDB-Update Deployments. A change in Azure has been discovered for the identified Deployment. ServiceNow uses this event to update the CMDB record in real time.",
            "severity": "4",
            "query": "AzureActivity | where ActivityStatus == 'Succeeded' and TimeGenerated > ago(25m) and TimeGenerated < ago(20m) | where OperationName == 'Create Deployment'",
            "searchCategory": "AzureActivity",
            "alertThresholdValue": 0,
            "operator": "GreaterThan",
            "scheduleIntervalInMinutes": 5,
            "scheduleQueryTimeSpan": 30,
            "eventType": "Change",
            "eventResource": "Deployment"
          },
          {
            "alertName": "DXC-Informational-CMDB-Update Storage Account",
            "actionGroupName": "DXC-AG-Informational",
            "description": "CMDB-Create/Update or Delete Storage Account. A change in Azure has been discovered for the identified Storage Account.  ServiceNow uses this event to update the CMDB record in real time.",
            "severity": "4",
            "query": "AzureActivity | where ActivityStatus == 'Succeeded' and TimeGenerated > ago(25m) and TimeGenerated < ago(20m) | where (OperationName == 'Create/Update Storage Account' or OperationName == 'Delete Storage Account')",
            "searchCategory": "AzureActivity",
            "alertThresholdValue": 0,
            "operator": "GreaterThan",
            "scheduleIntervalInMinutes": 5,
            "scheduleQueryTimeSpan": 30,
            "eventType": "Change",
            "eventResource": "Storage Account"
          },
          {
            "alertName": "DXC-Informational-CMDB-Update Virtual Machine",
            "actionGroupName": "DXC-AG-Informational",
            "description": "CMDB-Create or Update or Deallocate or Start or Restart Virtual Machine. A change in Azure has been discovered for the identified Virtual Machine.  ServiceNow uses this event to update the CMDB record in real time.",
            "severity": "4",
            "query": "AzureActivity | where ActivityStatus == 'Succeeded' and TimeGenerated > ago(25m) and TimeGenerated < ago(20m) | where (OperationName == 'Delete Virtual Machine' or OperationName == 'Create or Update Virtual Machine' or OperationName == 'Deallocate Virtual Machine' or OperationName == 'Start Virtual Machine' or OperationName == 'Restart Virtual Machine')",
            "searchCategory": "AzureActivity",
            "alertThresholdValue": 0,
            "operator": "GreaterThan",
            "scheduleIntervalInMinutes": 5,
            "scheduleQueryTimeSpan": 30,
            "eventType": "Change",
            "eventResource": "Virtual Machine"
          },
          {
            "alertName": "DXC-Informational-CMDB-Update Virtual Network",
            "actionGroupName": "DXC-AG-Informational",
            "description": "CMDB-Create/Update or Delete VirtualNetworks. A change in Azure has been discovered for the identified Virtual Network.  ServiceNow uses this event to update the CMDB record in real time.",
            "severity": "4",
            "query": "AzureActivity | where ActivityStatus == 'Succeeded' and TimeGenerated > ago(25m) and TimeGenerated < ago(20m) | where (OperationName == 'Create or Update Virtual Network' or OperationName == 'Delete Virtual Network')",
            "searchCategory": "AzureActivity",
            "alertThresholdValue": 0,
            "operator": "GreaterThan",
            "scheduleIntervalInMinutes": 5,
            "scheduleQueryTimeSpan": 30,
            "eventType": "Change",
            "eventResource": "Virtual Network"
          },
          {
            "alertName": "DXC-Informational-CMDB-Update SQL PaaS",
            "actionGroupName": "DXC-AG-Informational",
            "description": "CMDB-Create/Update or Delete SQL database, SQL server or elastic pool. A change in Azure has been discovered for the identified SQL PaaS.  ServiceNow uses this event to update the CMDB record in real time.",
            "severity": "4",
            "query": "AzureActivity | where ActivityStatus == 'Succeeded' and TimeGenerated > ago(25m) and TimeGenerated < ago(20m) | where (OperationName == 'Update SQL server' or OperationName == 'Update SQL database' or OperationName == 'Create new or update existing elastic pool' or OperationName == 'Delete SQL server' or OperationName == 'Delete SQL database' or OperationName == 'Delete elastic pool' or OperationName contains 'Create/Update Azure SQL Managed instance' or OperationName contains 'Creates or updates an existing database.' or OperationName contains 'Delete Azure SQL Managed instance' or OperationName contains 'Delete managed database')",
            "searchCategory": "AzureActivity",
            "alertThresholdValue": 0,
            "operator": "GreaterThan",
            "scheduleIntervalInMinutes": 5,
            "scheduleQueryTimeSpan": 30,
            "eventType": "Change",
            "eventResource": "SQL PaaS"
          },
          {
            "alertName": "DXC-Informational-CMDB-Update MySQL",
            "actionGroupName": "DXC-AG-Informational",
            "description": "CMDB-Create/Update or Delete MySQL server. A change in Azure has been discovered for the identified MySQL server. ServiceNow uses this event to update the CMDB record in real time.",
            "severity": "4",
            "query": "AzureActivity | where ActivityStatus == 'Succeeded' and TimeGenerated > ago(25m) and TimeGenerated < ago(20m) | where (OperationName =~ 'Create/Update MySQL Server' or OperationName =~ 'Delete MySQL server')",
            "searchCategory": "AzureActivity",
            "alertThresholdValue": 0,
            "operator": "GreaterThan",
            "scheduleIntervalInMinutes": 5,
            "scheduleQueryTimeSpan": 30,
            "eventType": "Change",
            "eventResource": "MySQL"
          },
          {
            "alertName": "DXC-Informational-CMDB-Update Application Gateway",
            "actionGroupName": "DXC-AG-Informational",
            "description": "CMDB-Delete Application Gateway or Create/Update Application Gateway. A change in Azure has been discovered for the identified Application Gateway.  ServiceNow uses this event to update the CMDB record in real time.",
            "severity": "4",
            "query": "AzureActivity | where ActivityStatus == 'Succeeded' and TimeGenerated > ago(25m) and TimeGenerated < ago(20m) | where (OperationName == 'Delete Application Gateway' or OperationName == 'Create or Update Application Gateway')",
            "searchCategory": "AzureActivity",
            "alertThresholdValue": 0,
            "operator": "GreaterThan",
            "scheduleIntervalInMinutes": 5,
            "scheduleQueryTimeSpan": 30,
            "eventType": "Change",
            "eventResource": "Application Gateway"
          },
          {
            "alertName": "DXC-Informational-CMDB-Update Key Vault",
            "actionGroupName": "DXC-AG-Informational",
            "description": "CMDB-Update Key Vault or Delete Key Vault. A change in Azure has been discovered for the identified Key Vault.  ServiceNow uses this event to update the CMDB record in real time.",
            "severity": "4",
            "query": "AzureActivity | where ActivityStatus == 'Succeeded' and TimeGenerated > ago(25m) and TimeGenerated < ago(20m) | where (OperationName == 'Update Key Vault' or OperationName == 'Delete Key Vault')",
            "searchCategory": "AzureActivity",
            "alertThresholdValue": 0,
            "operator": "GreaterThan",
            "scheduleIntervalInMinutes": 5,
            "scheduleQueryTimeSpan": 30,
            "eventType": "Change",
            "eventResource": "Key Vault"
          },
          {
            "alertName": "DXC-Informational-CMDB-Update ExpressRoute Circuit",
            "actionGroupName": "DXC-AG-Informational",
            "description": "CMDB-Delete/Create/Update Express Route Circuit. A change in Azure has been discovered for the identified Express Route Circuit.  ServiceNow uses this event to update the CMDB record in real time.",
            "severity": "4",
            "query": "AzureActivity | where ActivityStatus == 'Succeeded' and TimeGenerated > ago(25m) and TimeGenerated < ago(20m) | where (OperationName == 'Deletes ExpressRouteCircuit' or OperationName == 'Create or Update ExpressRouteCircuit')",
            "searchCategory": "AzureActivity",
            "alertThresholdValue": 0,
            "operator": "GreaterThan",
            "alertThrottleInMinutes": 0,
            "alertBreach": 1,
            "scheduleIntervalInMinutes": 5,
            "scheduleQueryTimeSpan": 30,
            "eventType": "Change",
            "eventResource": "ExpressRoute Circuit"
          },
          {
            "alertName": "DXC-Informational-CMDB-Update Web Apps",
            "actionGroupName": "DXC-AG-Informational",
            "description": "CMDB-Delete/Create Web Apps. ServiceNow uses this event to update the CMDB record in real time.",
            "severity": "4",
            "query": "AzureActivity | where ActivitySubstatusValue == 'OK' and TimeGenerated > ago(30m) and TimeGenerated < ago(20m) | where (OperationNameValue == 'Microsoft.Web/sites/write' or OperationNameValue == 'Microsoft.Web/sites/delete')",
            "searchCategory": "AzureActivity",
            "alertThresholdValue": 0,
            "operator": "GreaterThan",
            "alertThrottleInMinutes": 0,
            "alertBreach": 1,
            "scheduleIntervalInMinutes": 10,
            "scheduleQueryTimeSpan": 30,
            "eventType": "Change",
            "eventResource": "Web Apps"
          },
          {
            "alertName": "DXC-Informational-CMDB-Update Application Insights",
            "actionGroupName": "DXC-AG-Informational",
            "description": "CMDB-Delete/Create Application Insights. A change in Azure has been discovered for the identified Application Insights. ServiceNow uses this event to update the CMDB record in real time.",
            "severity": "4",
            "query": "AzureActivity | where ActivitySubstatusValue == 'OK' and TimeGenerated > ago(30m) and TimeGenerated < ago(20m) | where (OperationName == 'Update insights component' or OperationName == 'Delete insights component' )",
            "searchCategory": "AzureActivity",
            "alertThresholdValue": 0,
            "operator": "GreaterThan",
            "alertThrottleInMinutes": 0,
            "alertBreach": 1,
            "scheduleIntervalInMinutes": 10,
            "scheduleQueryTimeSpan": 30,
            "eventType": "Change",
            "eventResource": "Application Insights"
          },
          {
            "alertName": "DXC-Informational-CMDB-Update Cosmos DB",
            "actionGroupName": "DXC-AG-Informational",
            "description": "CMDB-Update/Delete database account. A change in Azure has been discovered for the identified Cosmos DB Account.  ServiceNow uses this event to update the CMDB record in real time.",
            "severity": "4",
            "query": "AzureActivity | where ActivityStatus == 'Succeeded' and TimeGenerated > ago(25m) and TimeGenerated < ago(20m) | where OperationNameValue has 'Microsoft.DocumentDB/databaseAccounts' and OperationName == 'Update database account' or OperationName == 'Delete database accounts'",
            "searchCategory": "AzureActivity",
            "alertThresholdValue": 0,
            "operator": "GreaterThan",
            "scheduleIntervalInMinutes": 5,
            "scheduleQueryTimeSpan": 30,
            "eventType": "Change",
            "eventResource": "Cosmos DB"
          },
          {
            "alertName": "DXC-Informational-CMDB-Update Azure Firewall",
            "actionGroupName": "DXC-AG-Informational",
            "description": "CMDB-Delete Azure Firewall or Create/Update Application Firewall. A change in Azure has been discovered for the identified Azure Firewall.  ServiceNow uses this event to update the CMDB record in real time.",
            "severity": "4",
            "query": "AzureActivity | where ActivityStatus == 'Succeeded' and TimeGenerated > ago(25m) and TimeGenerated < ago(20m) | where (OperationName == 'Delete an Azure Firewall' or OperationName == 'Creates or updates an Azure Firewall')",
            "searchCategory": "AzureActivity",
            "alertThresholdValue": 0,
            "operator": "GreaterThan",
            "scheduleIntervalInMinutes": 5,
            "scheduleQueryTimeSpan": 30,
            "eventType": "Change",
            "eventResource": "Azure Firewall"
          },
          {
            "alertName": "DXC-Informational-CMDB-Update Azure Bastion Host",
            "actionGroupName": "DXC-AG-Informational",
            "description": "CMDB-Delete Azure Bastion Host or Create/Update Azure Bastion Host. A change in Azure has been discovered for the identified Azure Bastion.  ServiceNow uses this event to update the CMDB record in real time.",
            "severity": "4",
            "query": "AzureActivity | where ActivityStatus == 'Succeeded' and TimeGenerated > ago(25m) and TimeGenerated < ago(20m) | where (OperationName == 'Deletes a Bastion Host' or OperationName == 'Create or Update a Bastion Host')",
            "searchCategory": "AzureActivity",
            "alertThresholdValue": 0,
            "operator": "GreaterThan",
            "scheduleIntervalInMinutes": 5,
            "scheduleQueryTimeSpan": 30,
            "eventType": "Change",
            "eventResource": "Azure Bastion Host"
          },
          {
            "alertName": "DXC-Informational-CMDB-Update Azure Service Bus",
            "actionGroupName": "DXC-AG-Informational",
            "description": "CMDB-Delete Azure Service Bus or Create/Update Azure Service Bus. A change in Azure has been discovered for the identified Azure Service Bus. ServiceNow uses this event to update the CMDB record in real time.",
            "severity": "4",
            "query": "AzureActivity | where ActivityStatus == 'Succeeded' and TimeGenerated > ago(25m) and TimeGenerated < ago(20m) | where OperationNameValue contains '/write' and ResourceProviderValue == 'Microsoft.ServiceBus' or OperationNameValue contains '/action' and ResourceProviderValue == 'Microsoft.ServiceBus' or OperationNameValue contains '/delete' and ResourceProviderValue == 'Microsoft.ServiceBus'",
            "searchCategory": "AzureActivity",
            "alertThresholdValue": 0,
            "operator": "GreaterThan",
            "scheduleIntervalInMinutes": 5,
            "scheduleQueryTimeSpan": 30,
            "eventType": "Change",
            "eventResource": "Azure Service Bus"
          },
          {
            "alertName": "DXC-Informational-CMDB-Update Azure Event Grid",
            "actionGroupName": "DXC-AG-Informational",
            "description": "CMDB-Delete Azure Event Grid or Create/Update Azure Event Grid. A change in Azure has been discovered for the identified Azure Event Grid. ServiceNow uses this event to update the CMDB record in real time.",
            "severity": "4",
            "query": "AzureActivity | where ActivityStatus == 'Succeeded' and TimeGenerated > ago(25m) and TimeGenerated < ago(20m) | where OperationNameValue contains '/write' and ResourceProviderValue == 'Microsoft.EventGrid' or OperationNameValue contains '/action' and ResourceProviderValue == 'Microsoft.EventGrid' or OperationNameValue contains '/delete' and ResourceProviderValue == 'Microsoft.EventGrid'",
            "searchCategory": "AzureActivity",
            "alertThresholdValue": 0,
            "operator": "GreaterThan",
            "scheduleIntervalInMinutes": 5,
            "scheduleQueryTimeSpan": 30,
            "eventType": "Change",
            "eventResource": "Azure Event Grid"
          },
          {
            "alertName": "DXC-Informational-CMDB-Update Azure Logic App",
            "actionGroupName": "DXC-AG-Informational",
            "description": "CMDB-Delete Azure Event Grid or Create/Update Azure Logic App. A change in Azure has been discovered for the identified Azure Logic App. ServiceNow uses this event to update the CMDB record in real time.",
            "severity": "4",
            "query": "AzureActivity | where ActivityStatus == 'Succeeded' and TimeGenerated > ago(25m) and TimeGenerated < ago(20m) | where OperationNameValue contains '/write' and ResourceProviderValue == 'Microsoft.Logic' or OperationNameValue contains '/action' and ResourceProviderValue == 'Microsoft.Logic' or OperationNameValue contains '/delete' and ResourceProviderValue == 'Microsoft.Logic'",
            "searchCategory": "AzureActivity",
            "alertThresholdValue": 0,
            "operator": "GreaterThan",
            "scheduleIntervalInMinutes": 5,
            "scheduleQueryTimeSpan": 30,
            "eventType": "Change",
            "eventResource": "Azure Logic App"
          },
          {
            "alertName": "DXC-Informational-CMDB-Update Azure Event Hub",
            "actionGroupName": "DXC-AG-Informational",
            "description": "CMDB-Delete Azure Event Grid or Create/Update Azure Event Hub. A change in Azure has been discovered for the identified Azure Event Hub. ServiceNow uses this event to update the CMDB record in real time.",
            "severity": "4",
            "query": "AzureActivity | where ActivityStatus == 'Succeeded' and TimeGenerated > ago(25m) and TimeGenerated < ago(20m) | where OperationNameValue contains '/write' and ResourceProviderValue == 'Microsoft.EventHub' or OperationNameValue contains '/action' and ResourceProviderValue == 'Microsoft.EventHub' or OperationNameValue contains '/delete' and ResourceProviderValue == 'Microsoft.EventHub'",
            "searchCategory": "AzureActivity",
            "alertThresholdValue": 0,
            "operator": "GreaterThan",
            "scheduleIntervalInMinutes": 5,
            "scheduleQueryTimeSpan": 30,
            "eventType": "Change",
            "eventResource": "Azure Event Hub"
         },
         {
            "alertName": "DXC-Informational-CMDB-Update Azure Netapp Files",
            "actionGroupName": "DXC-AG-Informational",
            "description": "CMDB-Create/Update/Delete Azure Netapp Files Volume. A change in Azure has been discovered for the identified Azure Netapp Files. ServiceNow uses this event to update the CMDB record in real time.",
            "severity": "4",
            "query": "AzureActivity | where ActivityStatus == 'Succeeded' and TimeGenerated > ago(25m) and TimeGenerated < ago(20m) | where OperationNameValue has 'Microsoft.NetApp/netAppAccounts/capacityPools/volumes/write' or OperationNameValue has 'Microsoft.NetApp/netAppAccounts/capacityPools/volumes/delete'",
            "searchCategory": "AzureActivity",
            "alertThresholdValue": 0,
            "operator": "GreaterThan",
            "alertThrottleInMinutes": 0,
            "scheduleIntervalInMinutes": 5,
            "scheduleQueryTimeSpan": 30,
            "eventType": "Change",
            "eventResource": "Azure Netapp Files"
         },
         {
          "alertName": "DXC-Informational-CMDB-Update Azure Cache for Redis",
          "actionGroupName": "DXC-AG-Informational",
          "description": "CMDB-Create/Update/Delete Azure Cache For Redis. A change in Azure has been discovered for the identified Redis Cache. ServiceNow uses this event to update the CMDB record in real time.",
          "severity": "4",
          "query": "AzureActivity | where ActivityStatus == 'Succeeded' and TimeGenerated > ago(25m) and TimeGenerated < ago(20m) | where OperationNameValue contains '/write' and ResourceProviderValue == 'Microsoft.Cache' or OperationNameValue contains '/action' and ResourceProviderValue == 'Microsoft.Cache' or OperationNameValue contains '/delete' and ResourceProviderValue == 'Microsoft.Cache'",
          "searchCategory": "AzureActivity",
          "alertThresholdValue": 0,
          "operator": "GreaterThan",
          "alertThrottleInMinutes": 0,
          "scheduleIntervalInMinutes": 5,
          "scheduleQueryTimeSpan": 30,
          "eventType": "Change",
          "eventResource": "Azure Cache For Redis"		
         },
          {
            "alertName": "DXC-Informational-CMDB-Update PostgreSQL",
            "actionGroupName": "DXC-AG-Informational",
            "description": "CMDB-Delete PostgreSQL or Create/Update PostgreSQL. A change in Azure has been discovered for the identified PostgreSQL.  ServiceNow uses this event to update the CMDB record in real time.",
            "severity": "4",
            "query": "AzureActivity | where ActivityStatus == 'Succeeded' and TimeGenerated > ago(25m) and TimeGenerated < ago(20m) | where (OperationName == 'Delete PostgreSQL Server' or OperationName == 'Create/Update PostgreSQL Server')",
            "searchCategory": "AzureActivity",
            "alertThresholdValue": 0,
            "operator": "GreaterThan",
            "scheduleIntervalInMinutes": 5,
            "scheduleQueryTimeSpan": 30,
            "eventType": "Change",
            "eventResource": "PostgreSQL"
          }
        ]
    },
"resources":
    [
        {
        "name":"[variables('alertArray')[copyIndex()].alertName]",
        "type":"Microsoft.Insights/scheduledQueryRules",
        "apiVersion": "2018-04-16",
        "copy":
            {
            "name":"RuleCopy",
            "count":"[length(variables('alertArray'))]"
            },
        "location": "[parameters('omsWorkspaceLocation')]",
        "tags":{"[variables('alertTag')]": "[variables('alertArray')[copyIndex()].searchCategory]"},
        "properties":
            {
            "description": "[concat('Version:', parameters('alertVersion'), ' ', variables('alertArray')[copyIndex()].description)]",
            "enabled": "true",
            "source":
                {
                "query": "[concat(variables('alertArray')[copyIndex()].query, replace(replace(replace(variables('alertStandard')[variables('alertArray')[copyIndex()].searchCategory],'itsm-Type', variables('alertArray')[copyIndex()].eventType) ,'itsm-Resource', variables('alertArray')[copyIndex()].eventResource),'itsm-Format', variables('alertArray')[copyIndex()].searchCategory))]",
                "dataSourceId": "[resourceId('Microsoft.OperationalInsights/workspaces', parameters('omsWorkspaceName'))]",
                "queryType": "ResultCount"
                },
            "schedule":
                {
                "frequencyInMinutes": "[variables('alertArray')[copyIndex()].scheduleIntervalInMinutes]",
                "timeWindowInMinutes": "[variables('alertArray')[copyIndex()].scheduleQueryTimeSpan]"
                },
            "action":
                {
                "odata.type": "Microsoft.WindowsAzure.Management.Monitoring.Alerts.Models.Microsoft.AppInsights.Nexus.DataContracts.Resources.ScheduledQueryRules.AlertingAction",
                "severity":"[variables('alertArray')[copyIndex()].severity]",
                "aznsAction":{"actionGroup":"[array(resourceId('Microsoft.Insights/actionGroups',variables('alertArray')[copyIndex()].actionGroupName))]"
                             },
                "trigger":
                    {
                    "thresholdOperator":"[variables('alertArray')[copyIndex()].operator]",
                    "threshold":"[variables('alertArray')[copyIndex()].alertThresholdValue]"
                    }
                }
            }
        }
    ]
}
