{
"$schema": "https://schema.management.azure.com/schemas/2015-01-01/deploymentTemplate.json#",
"contentVersion": "1.0.0.0",
"parameters": 
    {
    "omsWorkspaceName":{"type":"string"},
    "omsWorkspaceLocation":{"type":"string"},
    "eventProcessingSchema":{"type":"string"},
    "alertVersion":{"type":"string"}
    },
"variables": 
    {
    "workspaceResourceId": "[resourceId('Microsoft.OperationalInsights/workspaces', parameters('omsWorkspaceName'))]",
    "alertTag": "[concat('hidden-link:', variables('workspaceResourceId'))]",
    "actionGroupArray": 
        {
        "Critical":         {"alertSeverity": "0", "actionGroupName": "DXC-AG-Critical"},
        "Major":            {"alertSeverity": "1", "actionGroupName": "DXC-AG-Major"},
        "Minor":            {"alertSeverity": "2", "actionGroupName": "DXC-AG-Minor"},
        "Warning":          {"alertSeverity": "3", "actionGroupName": "DXC-AG-Warning"},
        "Informational":    {"alertSeverity": "4", "actionGroupName": "DXC-AG-Informational"}
        },
    "alertsArray": 
        [
            {
            "alertName": "DXC-Informational-End To End SNOW Connectivity Monitoring",
            "description": "This event is sent every hour by End-To-End connection monitoring function app for connectivity test.",
            "alertSeverity": "Informational",
            "alertQuery": "AzureActivity | project TimeGenerated, SubscriptionId | sort by TimeGenerated | top 1 by SubscriptionId",
            "alertThresholdValue": 0,
            "operator": "GreaterThan",
            "alertThrottleInMinutes": 0,
            "scheduleIntervalInMinutes": 60,
            "scheduleQueryTimeSpan": 2880,
            "eventType": "Availability",
            "eventResource": "[parameters('omsWorkspaceName')]",
            "eventFormat": "AzureActivity"
            }
        ]
    },
"resources": 
    [
        {
        "type": "Microsoft.Insights/scheduledQueryRules",
        "apiVersion": "2018-04-16",
        "name": "[variables('alertsArray')[copyIndex()].alertName]",
        "location": "[parameters('omsWorkspaceLocation')]",
        "dependsOn": [],
        "tags":{"[variables('alertTag')]": "[variables('alertsArray')[copyIndex()].eventFormat]"},
        "properties": 
            {
            "description": "[concat('Version:', parameters('alertVersion'), ' ', variables('alertsArray')[copyIndex()].description)]",
            "enabled": "true",
            "source": 
                {
                "query": "[concat( variables('alertsArray')[copyIndex()].alertQuery, ' | extend Resource = ', '''', parameters('omsWorkspaceName'), '''', ', ResourceId = ', '''', variables('workspaceResourceId'), '''', ', eventType = ', '''', variables('alertsArray')[copyIndex()].eventType, '''',', eventResource = ', '''', variables('alertsArray')[copyIndex()].eventResource, '''',', eventFormat = ', '''', variables('alertsArray')[copyIndex()].eventFormat, '''', ', eventProcessingSchema = ', '''', parameters('eventProcessingSchema'), '''')]",
                "dataSourceId": "[variables('workspaceResourceId')]",
                "queryType": "ResultCount"
                },
            "schedule": 
                {
                "frequencyInMinutes": "[variables('alertsArray')[copyIndex()].scheduleIntervalInMinutes]",
                "timeWindowInMinutes": "[variables('alertsArray')[copyIndex()].scheduleQueryTimeSpan]"
                },
            "action": 
                {
                "odata.type": "Microsoft.WindowsAzure.Management.Monitoring.Alerts.Models.Microsoft.AppInsights.Nexus.DataContracts.Resources.ScheduledQueryRules.AlertingAction",
                "severity": "[variables('actionGroupArray')[variables('alertsArray')[copyIndex()].alertSeverity].alertSeverity]",
                "throttlingInMin": "[variables('alertsArray')[copyIndex()].alertThrottleInMinutes]",
                "aznsAction": {"actionGroup": "[array(resourceId('Microsoft.Insights/actionGroups', variables('actionGroupArray')[variables('alertsArray')[copyIndex()].alertSeverity].actionGroupName))]"},
                "trigger": 
                    {
                    "thresholdOperator": "[variables('alertsArray')[copyIndex()].Operator]",
                    "threshold": "[variables('alertsArray')[copyIndex()].alertThresholdValue]"
                    }
                }
            },
        "copy": 
            {
            "name": "queryrules",
            "count": "[length(variables('alertsArray'))]"
            }
        }
    ]
}