{
"$schema":"http://schema.management.azure.com/schemas/2015-01-01/deploymentTemplate.json",
"contentVersion":"1.0.0.0",
"parameters": 
    {
    "omsWorkspaceName":{"type":"string"},
    "omsWorkspaceLocation":{"type":"string"},
    "eventProcessingSchema":{"type":"string"},
    "alertVersion":{"type":"string"}
    },
"variables": 
    {
    "alertTag": "[concat('hidden-link:', resourceId('Microsoft.OperationalInsights/workspaces', parameters('omsWorkspaceName')))]",
    "extendedFields": " | extend eventType = 'itsm-Type', eventResource = 'itsm-Resource', eventFormat = 'itsm-Format', eventProcessingSchema = '",
    "endExtension": "'",
    "extendedQuery":"[concat(variables('extendedFields'), parameters('eventProcessingSchema'),variables('endExtension'))]",
    "AzureDiagnostics":" | extend ResourceId = tolower(ResourceId), Resource = tolower(Resource)",
    "AzureMetrics":" | extend ResourceId = tolower(ResourceId), Resource = tolower(Resource)",
    "ConfigurationChange":" | join kind= leftouter ( Heartbeat | distinct SourceComputerId,SubscriptionId,ResourceId) on SourceComputerId | extend Resource = Computer | project-away SourceComputerId1",
    "Event":"  | parse kind=relaxed _ResourceId with * '/subscriptions/' SubscriptionId '/resourcegroups/' * | extend Resource = Computer, ResourceId = _ResourceId | project-away  Computer, _ResourceId",
    "Heartbeat":" | extend Resource = Computer",
    "Perf":" | parse kind=relaxed _ResourceId with * '/subscriptions/' SubscriptionId '/resourcegroups/' * | extend Resource = Computer, ResourceId = _ResourceId | project-away  Computer, _ResourceId",
    "Syslog":"  | parse kind=relaxed _ResourceId with * '/subscriptions/' SubscriptionId '/resourcegroups/' * | extend Resource = Computer, ResourceId = _ResourceId | project-away  Computer, _ResourceId",
    "Update":"; Query | join kind= leftouter (Query | summarize makelist(Computer) by ResourceId) on ResourceId | project-away  Computer, ResourceId1",
    "MASActivity":" | extend ResourceId = Scope_s",
    "alertStandard":
        {
        "AzureActivity":"[variables('extendedQuery')]",
        "AzureDiagnostics":"[concat(variables('AzureDiagnostics'), variables('extendedQuery'))]",
        "AzureMetrics":"[concat(variables('AzureMetrics'), variables('extendedQuery'))]",
        "ConfigurationChange":"[concat(variables('ConfigurationChange'), variables('extendedQuery'))]",
        "Event":"[concat(variables('Event'), variables('extendedQuery'))]",
        "Heartbeat":"[concat(variables('Heartbeat'), variables('extendedQuery'))]",
        "Perf":"[concat(variables('Perf'), variables('extendedQuery'))]",
        "Syslog":"[concat(variables('Syslog'), variables('extendedQuery'))]",
        "Update":"[concat(variables('Update'), variables('extendedQuery'))]",
        "MASActivity":"[concat(variables('MASActivity'), variables('extendedQuery'))]",
        "MASHardware":"[variables('extendedQuery')]"
        },

    "alertArray":
        [
            {
            "alertName":"DXC-Minor-Azure Stack",  
            "description":"Azure Stack-Warning Alert for a resource provider or infrastructure role e.g. compute, capacity, keyvault, network, health controller, usage bridge etc",
            "severity":"2",
            "query":"AzureStack_CL | where (Type_s == 'AzureStackAlerts') and (AlertsSeverity_s == 'Warning')",
            "searchCategory":"MASHardware",
            "alertThresholdValue":0,
            "operator":"GreaterThan",
            "scheduleIntervalInMinutes":5,
            "scheduleQueryTimeSpan":5,
            "eventType":"Event Log",
            "eventResource":"Platform",
            "actionGroupName":"DXC-AG-Minor"
            },
            {  
            "alertName":"DXC-Major-Azure Stack",
            "description":"Azure Stack-Critical Alert for a resource provider or infrastructure role e.g. compute, capacity, keyvault, network, health controller, usage bridge etc",
            "severity":"1",
            "query":"AzureStack_CL | where (Type_s == 'AzureStackAlerts') and (AlertsSeverity_s == 'Critical')",
            "searchCategory":"MASHardware",
            "alertThresholdValue":0,
            "operator":"GreaterThan",
            "scheduleIntervalInMinutes":5,
            "scheduleQueryTimeSpan":5,
            "eventType":"Event Log",
            "eventResource":"Platform",
            "actionGroupName":"DXC-AG-Major"
            },
            { 
            "alertName":"DXC-Minor-Azure Stack Remediation", 
            "description":"Azure Stack-Remediation Alert for a resource provider or infrastructure role e.g. compute, capacity, keyvault, network, health controller, usage bridge etc or physical disk warning such as unsupported disk",
            "severity":"2",
            "query":"AzureStack_CL | where (Type_s == 'AzureStackAlerts') and (isnotempty(AlertsRemediation_s))",
            "searchCategory":"MASHardware",
            "alertThresholdValue":0,
            "operator":"GreaterThan",
            "scheduleIntervalInMinutes":5,
            "scheduleQueryTimeSpan":5,
            "eventType":"Event Log",
            "eventResource":"Platform",
            "actionGroupName":"DXC-AG-Minor"
            },
            {  
            "alertName":"DXC-Major-Service Fabric Cluster-Unhealthy",
            "description":"Azure Stack Service Fabric Cluster-Unhealthy, Infrastructure role is unhealthy e.g. compute, capacity, keyvault, network etc",
            "severity":"1",
            "query":"AzureStack_CL | where ( Type_s == 'AzureStackAlerts' ) and ( Alerts_s == 'Infrastructure role is unhealthy' ) and (FaultTypeId_s == 'ServiceFabricClusterUnhealthy')",
            "searchCategory":"MASHardware",
            "alertThresholdValue":0,
            "operator":"GreaterThan",
            "scheduleIntervalInMinutes":5,
            "scheduleQueryTimeSpan":5,
            "eventType":"Availability",
            "eventResource":"Fabric Cluster",
            "actionGroupName":"DXC-AG-Major"
            },
            { 
            "alertName":"DXC-Major-Physical Disk-Connectivity error", 
            "description":"Azure Stack Scale Unit node Physical Disk-has lost connectivity",
            "severity":"1",
            "query":"AzureStack_CL | where ( Type_s == \"AzureStackAlerts\" ) and (Alerts_s == \"Connectivity has been lost to a physical disk\") and (FaultTypeId_s == \"Microsoft.Health.FaultType.PhysicalDisk.LostCommunication\")",
            "searchCategory":"MASHardware",
            "alertThresholdValue":0,
            "operator":"GreaterThan",
            "scheduleIntervalInMinutes":5,
            "scheduleQueryTimeSpan":5, 
            "eventType":"Availability",
            "eventResource":"Disk",
            "actionGroupName":"DXC-AG-Major"
            },
            {
            "alertName":"DXC-Major-Remote Service-Connectivity error",  
            "description":"Azure Stack Remote Service-Connection not successful, UsageNetworkError",
            "severity":"1",
            "query":"AzureStack_CL | where ( Type_s == \"AzureStackAlerts\" ) and (Alerts_s == \"Unable to connect to the remote service\") and (FaultTypeId_s == \"UsageNetworkError\")",
            "searchCategory":"MASHardware",
            "alertThresholdValue":0,
            "operator":"GreaterThan",
            "scheduleIntervalInMinutes":5,
            "scheduleQueryTimeSpan":5,
            "eventType":"Availability",
            "eventResource":"Public Cloud Connection",
            "actionGroupName":"DXC-AG-Major"
            },
            {  
            "alertName":"DXC-Major-Scale unit node offline",
            "description":"Azure Stack Cluster Scale unit node is offline",
            "severity":"1",
            "query":"AzureStack_CL | where ( Type_s == \"AzureStackAlerts\" ) and (Alerts_s == \"Scale unit node is offline\" ) and ( FaultTypeId_s == \"FRP.Heartbeat.PhysicalNode\")",
            "searchCategory":"MASHardware",
            "alertThresholdValue":0,
            "operator":"GreaterThan",
            "scheduleIntervalInMinutes":5,
            "scheduleQueryTimeSpan":5,
            "eventType":"Availability",
            "eventResource":"Scale Unit Node",
            "actionGroupName":"DXC-AG-Major"
            },
            {  
            "alertName":"DXC-Minor-Resource Provider-Health",
            "description":"Azure Stack Resource Provider-Health Warning e.g. capacity, compute, infrastructure backup, keyvault, network or storage",
            "severity":"2",
            "query":"AzureStack_CL | where (Type_s == \"ResourceProvider\" ) and  (TimeGenerated > ago(30m)) | distinct CloudName_s, ResourceProvider, ResourceProviderHealths_s | where ResourceProviderHealths_s == \"Warning\"",
            "searchCategory":"MASHardware",
            "alertThresholdValue":0,
            "operator":"GreaterThan",
            "scheduleIntervalInMinutes":5,
            "scheduleQueryTimeSpan":5,
            "eventType":"Health",
            "eventResource":"Resource Provider",
            "actionGroupName":"DXC-AG-Minor"
            },
            {  
            "alertName":"DXC-Major-Resource Provider-Health",
            "description":"Azure Stack Resource Provider-Health Critical e.g. capacity, compute, infrastructure backup, keyvault, network or storage",
            "severity":"1",
            "query":"AzureStack_CL | where (Type_s == \"ResourceProvider\" )  and  ( TimeGenerated > ago(30m))  | distinct CloudName_s, ResourceProvider, ResourceProviderHealths_s | where ResourceProviderHealths_s == \"Critical\"",
            "searchCategory":"MASHardware",
            "alertThresholdValue":0,
            "operator":"GreaterThan",
            "scheduleIntervalInMinutes":5,
            "scheduleQueryTimeSpan":5,
            "eventType":"Health",
            "eventResource":"Resource Provider",
            "actionGroupName":"DXC-AG-Major"
            },
            {  
            "alertName":"DXC-Critical-Azure Bridge-Down",
            "description":"Azure Bridge is down, unable to connect to the remote service.",
            "severity":"0",
            "query":"AzureStack_CL | where Type_s == 'AzureStackAlerts' | where AlertsImpactedResource_s == 'Azure bridge' | where AlertsSeverity_s == 'Critical'",
            "searchCategory":"MASHardware",
            "alertThresholdValue":0,
            "operator":"GreaterThan",
            "scheduleIntervalInMinutes":5,
            "scheduleQueryTimeSpan":5,
            "eventType":"Availability",
            "eventResource":"Azure Bridge",
            "actionGroupName":"DXC-AG-Critical"
            },
            {  
            "alertName":"DXC-Major-Azure Bridge-Down",
            "description":"Azure Bridge is down, unable to connect to the remote service.",
            "severity":"1",
            "query":"AzureStack_CL | where Type_s == 'AzureStackAlerts' | where AlertsImpactedResource_s == 'Azure bridge' | where AlertsSeverity_s == 'Warning'",
            "searchCategory":"MASHardware",
            "alertThresholdValue":0,
            "operator":"GreaterThan",
            "scheduleIntervalInMinutes":5,
            "scheduleQueryTimeSpan":5,
            "eventType":"Availability",
            "eventResource":"Azure Bridge",
            "actionGroupName":"DXC-AG-Major"
            }
        ]
    },
"resources":
    [
        {
        "name":"[variables('alertArray')[copyIndex()].alertName]",
        "type":"Microsoft.Insights/scheduledQueryRules",
        "apiVersion": "2018-04-16",
        "copy":
            {
            "name":"RuleCopy",
            "count":"[length(variables('alertArray'))]"
            },
        "location": "[parameters('omsWorkspaceLocation')]",
        "tags":{"[variables('alertTag')]": "[variables('alertArray')[copyIndex()].searchCategory]"},
        "properties":
            {
            "description": "[concat('Version:', parameters('alertVersion'), ' ', variables('alertArray')[copyIndex()].description)]",
            "enabled": "true",
            "source":
                {
                "query": "[concat(variables('alertArray')[copyIndex()].query, replace(replace(replace(variables('alertStandard')[variables('alertArray')[copyIndex()].searchCategory],'itsm-Type', variables('alertArray')[copyIndex()].eventType) ,'itsm-Resource', variables('alertArray')[copyIndex()].eventResource),'itsm-Format', variables('alertArray')[copyIndex()].searchCategory))]",
                "dataSourceId": "[resourceId('Microsoft.OperationalInsights/workspaces', parameters('omsWorkspaceName'))]",
                "queryType": "ResultCount"
                },
            "schedule":
                {
                "frequencyInMinutes": "[variables('alertArray')[copyIndex()].scheduleIntervalInMinutes]",
                "timeWindowInMinutes": "[variables('alertArray')[copyIndex()].scheduleQueryTimeSpan]"
                },
            "action":
                {
                "odata.type": "Microsoft.WindowsAzure.Management.Monitoring.Alerts.Models.Microsoft.AppInsights.Nexus.DataContracts.Resources.ScheduledQueryRules.AlertingAction",
                "severity":"[variables('alertArray')[copyIndex()].severity]",
                "aznsAction":{"actionGroup":"[array(resourceId('Microsoft.Insights/actionGroups',variables('alertArray')[copyIndex()].actionGroupName))]"
                             },
                "trigger":
                    {
                    "thresholdOperator":"[variables('alertArray')[copyIndex()].operator]",
                    "threshold":"[variables('alertArray')[copyIndex()].alertThresholdValue]"
                    }
                }
            }
        }
    ]
} 
