{
    "$schema":"http://schema.management.azure.com/schemas/2015-01-01/deploymentTemplate.json",
    "contentVersion":"1.0.0.0",
    "parameters": 
        {
        "omsWorkspaceName":{"type":"string"},
        "omsWorkspaceLocation":{"type":"string"},
        "eventProcessingSchema":{"type":"string"},
        "alertVersion":{"type":"string"}
        },
    "variables": 
        {
        "alertTag": "[concat('hidden-link:', resourceId('Microsoft.OperationalInsights/workspaces', parameters('omsWorkspaceName')))]",
        "extendedFields": " | extend eventType = 'itsm-Type', eventResource = 'itsm-Resource', eventFormat = 'itsm-Format', eventProcessingSchema = '",
        "endExtension": "'",
        "extendedQuery":"[concat(variables('extendedFields'), parameters('eventProcessingSchema'),variables('endExtension'))]",
        "AzureDiagnostics":" | extend ResourceId = tolower(ResourceId), Resource = tolower(Resource)",
        "AzureMetrics":" | extend ResourceId = tolower(ResourceId), Resource = tolower(Resource)",
        "ConfigurationChange":" | join kind= leftouter ( Heartbeat | distinct SourceComputerId,SubscriptionId,ResourceId) on SourceComputerId | extend Resource = Computer | project-away SourceComputerId1",
        "Event":"  | parse kind=relaxed _ResourceId with * '/subscriptions/' SubscriptionId '/resourcegroups/' * | extend Resource = Computer, ResourceId = _ResourceId | project-away  Computer, _ResourceId",
        "Heartbeat":" | extend Resource = Computer",
        "Perf":" | parse kind=relaxed _ResourceId with * '/subscriptions/' SubscriptionId '/resourcegroups/' * | extend Resource = Computer, ResourceId = _ResourceId | project-away  Computer, _ResourceId",
        "Syslog":"  | parse kind=relaxed _ResourceId with * '/subscriptions/' SubscriptionId '/resourcegroups/' * | extend Resource = Computer, ResourceId = _ResourceId | project-away  Computer, _ResourceId",
        "Update":"; Query | join kind= leftouter (Query | summarize makelist(Computer) by ResourceId) on ResourceId | project-away  Computer, ResourceId1",
        "MASActivity":" | extend ResourceId = Scope_s",
        "alertStandard":
            {
            "AzureActivity":"[variables('extendedQuery')]",
            "AzureDiagnostics":"[concat(variables('AzureDiagnostics'), variables('extendedQuery'))]",
            "AzureMetrics":"[concat(variables('AzureMetrics'), variables('extendedQuery'))]",
            "ConfigurationChange":"[concat(variables('ConfigurationChange'), variables('extendedQuery'))]",
            "Event":"[concat(variables('Event'), variables('extendedQuery'))]",
            "Heartbeat":"[concat(variables('Heartbeat'), variables('extendedQuery'))]",
            "Perf":"[concat(variables('Perf'), variables('extendedQuery'))]",
            "Syslog":"[concat(variables('Syslog'), variables('extendedQuery'))]",
            "Update":"[concat(variables('Update'), variables('extendedQuery'))]",
            "MASActivity":"[concat(variables('MASActivity'), variables('extendedQuery'))]",
            "MASHardware":"[variables('extendedQuery')]",
            "ASC":"[variables('extendedQuery')]"
            },
    
        "alertArray":
            [
                {
                "alertName":"DXC-Minor-Azure Security Center-NIST-Recommendation-An Azure Active Directory administrator should be provisioned for SQL servers",
                "description":"ASC has identified a NIST-DXC-Alert compliance recommendation",
                "severity":"2",
                "query":"SecurityRecommendation | where RecommendationName contains 'An Azure Active Directory administrator should be provisioned for SQL servers' | where RecommendationState == 'Unhealthy' | parse kind=relaxed AssessedResourceId with * '/subscriptions/' SubscriptionId '/resourceGroups/' ResourceGroup '/providers/' Provider '/' ResourceType '/' Resource | extend ResourceId = AssessedResourceId | project-away ResourceGroup, Provider, ResourceType",
                "searchCategory":"ASC",
                "alertThresholdValue":0,
                "operator":"GreaterThan",
                "scheduleIntervalInMinutes":30,
                "scheduleQueryTimeSpan":30,
                "eventType":"Security",
                "eventResource":"Azure Security Center",
                "actionGroupName":"DXC-AG-Minor"
                },
    
                {
                "alertName":"DXC-Minor-Azure Security Center-NIST-Service Fabric clusters should only use Azure Active Directory for client authentication",
                "description":"ASC has identified a NIST-DXC-Alert compliance recommendation",
                "severity":"2",
                "query":"SecurityRecommendation | where RecommendationName contains 'Service Fabric clusters should only use Azure Active Directory for client authentication' | where RecommendationState == 'Unhealthy' | parse kind=relaxed AssessedResourceId with * '/subscriptions/' SubscriptionId '/resourceGroups/' ResourceGroup '/providers/' Provider '/' ResourceType '/' Resource | extend ResourceId = AssessedResourceId | project-away ResourceGroup, Provider, ResourceType",
                "searchCategory":"ASC",
                "alertThresholdValue":0,
                "operator":"GreaterThan",
                "scheduleIntervalInMinutes":30,
                "scheduleQueryTimeSpan":30,
                "eventType":"Security",
                "eventResource":"Azure Security Center",
                "actionGroupName":"DXC-AG-Minor"
                },
    
                {
                "alertName":"DXC-Minor-Azure Security Center-NIST-Recommendation-All network ports should be restricted on network security groups associated to your virtual machine",
                "description":"ASC has identified a NIST-DXC-Alert compliance recommendation",
                "severity":"2",
                "query":"SecurityRecommendation | where RecommendationName contains 'All network ports should be restricted on network security groups associated to your virtual machine' | where RecommendationState == 'Unhealthy' | parse kind=relaxed AssessedResourceId with * '/subscriptions/' SubscriptionId '/resourceGroups/' ResourceGroup '/providers/' Provider '/' ResourceType '/' Resource | extend ResourceId = AssessedResourceId | project-away ResourceGroup, Provider, ResourceType",
                "searchCategory":"ASC",
                "alertThresholdValue":0,
                "operator":"GreaterThan",
                "scheduleIntervalInMinutes":30,
                "scheduleQueryTimeSpan":30,
                "eventType":"Security",
                "eventResource":"Azure Security Center",
                "actionGroupName":"DXC-AG-Minor"
                },
    
                {
                "alertName":"DXC-Minor-Azure Security Center-NIST-Recommendation-Azure Defender for SQL should be enabled on your managed instances",
                "description":"ASC has identified a NIST-DXC-Alert compliance recommendation",
                "severity":"2",
                "query":"SecurityRecommendation | where RecommendationName contains 'Azure Defender for SQL should be enabled on your managed instances' | where RecommendationState == 'Unhealthy' | parse kind=relaxed AssessedResourceId with * '/subscriptions/' SubscriptionId '/resourceGroups/' ResourceGroup '/providers/' Provider '/' ResourceType '/' Resource | extend ResourceId = AssessedResourceId | project-away ResourceGroup, Provider, ResourceType",
                "searchCategory":"ASC",
                "alertThresholdValue":0,
                "operator":"GreaterThan",
                "scheduleIntervalInMinutes":30,
                "scheduleQueryTimeSpan":30,
                "eventType":"Security",
                "eventResource":"Azure Security Center",
                "actionGroupName":"DXC-AG-Minor"
                },
    
                {
                "alertName":"DXC-Minor-Azure Security Center-NIST-Recommendation-Vulnerabilities in security configuration on your virtual machine scale sets should be remediated",
                "description":"ASC has identified a NIST-DXC-Alert compliance recommendation",
                "severity":"2",
                "query":"SecurityRecommendation | where RecommendationName contains 'Vulnerabilities in security configuration on your virtual machine scale sets should be remediated' | where RecommendationState == 'Unhealthy' | parse kind=relaxed AssessedResourceId with * '/subscriptions/' SubscriptionId '/resourceGroups/' ResourceGroup '/providers/' Provider '/' ResourceType '/' Resource | extend ResourceId = AssessedResourceId | project-away ResourceGroup, Provider, ResourceType",
                "searchCategory":"ASC",
                "alertThresholdValue":0,
                "operator":"GreaterThan",
                "scheduleIntervalInMinutes":30,
                "scheduleQueryTimeSpan":30,
                "eventType":"Security",
                "eventResource":"Azure Security Center",
                "actionGroupName":"DXC-AG-Minor"
                },
    
                {
                "alertName":"DXC-Minor-Azure Security Center-NIST-Recommendation-Management ports of virtual machines should be protected with just-in-time network access control",
                "description":"ASC has identified a NIST-DXC-Alert compliance recommendation",
                "severity":"2",
                "query":"SecurityRecommendation | where RecommendationName contains 'Management ports of virtual machines should be protected with just-in-time network access control' | where RecommendationState == 'Unhealthy' | parse kind=relaxed AssessedResourceId with * '/subscriptions/' SubscriptionId '/resourceGroups/' ResourceGroup '/providers/' Provider '/' ResourceType '/' Resource | extend ResourceId = AssessedResourceId | project-away ResourceGroup, Provider, ResourceType",
                "searchCategory":"ASC",
                "alertThresholdValue":0,
                "operator":"GreaterThan",
                "scheduleIntervalInMinutes":30,
                "scheduleQueryTimeSpan":30,
                "eventType":"Security",
                "eventResource":"Azure Security Center",
                "actionGroupName":"DXC-AG-Minor"
                },
    
                {
                "alertName":"DXC-Minor-Azure Security Center-NIST-Recommendation-Windows web servers should be configured to use secure communication protocols",
                "description":"ASC has identified a NIST-DXC-Alert compliance recommendation",
                "severity":"2",
                "query":"SecurityRecommendation | where RecommendationName contains 'Windows web servers should be configured to use secure communication protocols' | where RecommendationState == 'Unhealthy' | parse kind=relaxed AssessedResourceId with * '/subscriptions/' SubscriptionId '/resourceGroups/' ResourceGroup '/providers/' Provider '/' ResourceType '/' Resource | extend ResourceId = AssessedResourceId | project-away ResourceGroup, Provider, ResourceType",
                "searchCategory":"ASC",
                "alertThresholdValue":0,
                "operator":"GreaterThan",
                "scheduleIntervalInMinutes":30,
                "scheduleQueryTimeSpan":30,
                "eventType":"Security",
                "eventResource":"Azure Security Center",
                "actionGroupName":"DXC-AG-Minor"
                },
    
                {
                "alertName":"DXC-Minor-Azure Security Center-NIST-Recommendation-Only secure connections to your Redis Cache should be enabled",
                "description":"ASC has identified a NIST-DXC-Alert compliance recommendation",
                "severity":"2",
                "query":"SecurityRecommendation | where RecommendationName contains 'Only secure connections to your Redis Cache should be enabled' | where RecommendationState == 'Unhealthy' | parse kind=relaxed AssessedResourceId with * '/subscriptions/' SubscriptionId '/resourceGroups/' ResourceGroup '/providers/' Provider '/' ResourceType '/' Resource | extend ResourceId = AssessedResourceId | project-away ResourceGroup, Provider, ResourceType",
                "searchCategory":"ASC",
                "alertThresholdValue":0,
                "operator":"GreaterThan",
                "scheduleIntervalInMinutes":30,
                "scheduleQueryTimeSpan":30,
                "eventType":"Security",
                "eventResource":"Azure Security Center",
                "actionGroupName":"DXC-AG-Minor"
                },

                {
                "alertName":"DXC-Minor-Azure Security Center-NIST-Recommendation-System updates on virtual machine scale sets should be installed",
                "description":"ASC has identified a NIST compliance recommendation",
                "severity":"2",
                "query":"SecurityRecommendation | where RecommendationName contains 'System updates on virtual machine scale sets should be installed' | where RecommendationState == 'Unhealthy' | parse kind=relaxed AssessedResourceId with * '/subscriptions/' SubscriptionId '/resourceGroups/' ResourceGroup '/providers/' Provider '/' ResourceType '/' Resource | extend ResourceId = AssessedResourceId | project-away ResourceGroup, Provider, ResourceType",
                "searchCategory":"ASC",
                "alertThresholdValue":0,
                "operator":"GreaterThan",
                "scheduleIntervalInMinutes":30,
                "scheduleQueryTimeSpan":30,
                "eventType":"Security",
                "eventResource":"Azure Security Center",
                "actionGroupName":"DXC-AG-Minor"
                },

                {
                "alertName":"DXC-Minor-Azure Security Center-NIST-Recommendation-Disk encryption should be applied on virtual machines",
                "description":"ASC has identified a NIST compliance recommendation",
                "severity":"2",
                "query":"SecurityRecommendation | where RecommendationName contains 'Disk encryption should be applied on virtual machines' | where RecommendationState == 'Unhealthy' | parse kind=relaxed AssessedResourceId with * '/subscriptions/' SubscriptionId '/resourceGroups/' ResourceGroup '/providers/' Provider '/' ResourceType '/' Resource | extend ResourceId = AssessedResourceId | project-away ResourceGroup, Provider, ResourceType",
                "searchCategory":"ASC",
                "alertThresholdValue":0,
                "operator":"GreaterThan",
                "scheduleIntervalInMinutes":30,
                "scheduleQueryTimeSpan":30,
                "eventType":"Security",
                "eventResource":"Azure Security Center",
                "actionGroupName":"DXC-AG-Minor"
                },

                {
                "alertName":"DXC-Minor-Azure Security Center-NIST-Recommendation-Secure transfer to storage accounts should be enabled",
                "description":"ASC has identified a NIST compliance recommendation",
                "severity":"2",
                "query":"SecurityRecommendation | where RecommendationName contains 'Secure transfer to storage accounts should be enabled' | where RecommendationState == 'Unhealthy' | parse kind=relaxed AssessedResourceId with * '/subscriptions/' SubscriptionId '/resourceGroups/' ResourceGroup '/providers/' Provider '/' ResourceType '/' Resource | extend ResourceId = AssessedResourceId | project-away ResourceGroup, Provider, ResourceType",
                "searchCategory":"ASC",
                "alertThresholdValue":0,
                "operator":"GreaterThan",
                "scheduleIntervalInMinutes":30,
                "scheduleQueryTimeSpan":30,
                "eventType":"Security",
                "eventResource":"Azure Security Center",
                "actionGroupName":"DXC-AG-Minor"
                },

                {
                "alertName":"DXC-Minor-Azure Security Center-NIST-Recommendation-There should be more than one owner assigned to your subscription",
                "description":"ASC has identified a NIST compliance recommendation",
                "severity":"2",
                "query":"SecurityRecommendation | where RecommendationName contains 'There should be more than one owner assigned to your subscription' | where RecommendationState == 'Unhealthy' | parse kind=relaxed AssessedResourceId with * '/subscriptions/' SubscriptionId '/resourceGroups/' ResourceGroup '/providers/' Provider '/' ResourceType '/' Resource | extend ResourceId = AssessedResourceId | project-away ResourceGroup, Provider, ResourceType",
                "searchCategory":"ASC",
                "alertThresholdValue":0,
                "operator":"GreaterThan",
                "scheduleIntervalInMinutes":30,
                "scheduleQueryTimeSpan":30,
                "eventType":"Security",
                "eventResource":"Azure Security Center",
                "actionGroupName":"DXC-AG-Minor"
                },

                {
                "alertName":"DXC-Minor-Azure Security Center-NIST-Recommendation-Adaptive network hardening recommendations should be applied on internet facing virtual machines",
                "description":"ASC has identified a NIST compliance recommendation",
                "severity":"2",
                "query":"SecurityRecommendation | where RecommendationName contains 'Adaptive network hardening recommendations should be applied on internet facing virtual machines' | where RecommendationState == 'Unhealthy' | parse kind=relaxed AssessedResourceId with * '/subscriptions/' SubscriptionId '/resourceGroups/' ResourceGroup '/providers/' Provider '/' ResourceType '/' Resource | extend ResourceId = AssessedResourceId | project-away ResourceGroup, Provider, ResourceType",
                "searchCategory":"ASC",
                "alertThresholdValue":0,
                "operator":"GreaterThan",
                "scheduleIntervalInMinutes":30,
                "scheduleQueryTimeSpan":30,
                "eventType":"Security",
                "eventResource":"Azure Security Center",
                "actionGroupName":"DXC-AG-Minor"
                }
           
                 ]
        },
    "resources":
        [
            {
            "name":"[variables('alertArray')[copyIndex()].alertName]",
            "type":"Microsoft.Insights/scheduledQueryRules",
            "apiVersion": "2018-04-16",
            "copy":
                {
                "name":"RuleCopy",
                "count":"[length(variables('alertArray'))]"
                },
            "location": "[parameters('omsWorkspaceLocation')]",
            "tags":{"[variables('alertTag')]": "[variables('alertArray')[copyIndex()].searchCategory]"},
            "properties":
                {
                "description": "[concat('Version:', parameters('alertVersion'), ' ', variables('alertArray')[copyIndex()].description)]",
                "enabled": "true",
                "source":
                    {
                    "query": "[concat(variables('alertArray')[copyIndex()].query, replace(replace(replace(variables('alertStandard')[variables('alertArray')[copyIndex()].searchCategory],'itsm-Type', variables('alertArray')[copyIndex()].eventType) ,'itsm-Resource', variables('alertArray')[copyIndex()].eventResource),'itsm-Format', variables('alertArray')[copyIndex()].searchCategory))]",
                    "dataSourceId": "[resourceId('Microsoft.OperationalInsights/workspaces', parameters('omsWorkspaceName'))]",
                    "queryType": "ResultCount"
                    },
                "schedule":
                    {
                    "frequencyInMinutes": "[variables('alertArray')[copyIndex()].scheduleIntervalInMinutes]",
                    "timeWindowInMinutes": "[variables('alertArray')[copyIndex()].scheduleQueryTimeSpan]"
                    },
                "action":
                    {
                    "odata.type": "Microsoft.WindowsAzure.Management.Monitoring.Alerts.Models.Microsoft.AppInsights.Nexus.DataContracts.Resources.ScheduledQueryRules.AlertingAction",
                    "severity":"[variables('alertArray')[copyIndex()].severity]",
                    "aznsAction":{"actionGroup":"[array(resourceId('Microsoft.Insights/actionGroups',variables('alertArray')[copyIndex()].actionGroupName))]"
                                 },
                    "trigger":
                        {
                        "thresholdOperator":"[variables('alertArray')[copyIndex()].operator]",
                        "threshold":"[variables('alertArray')[copyIndex()].alertThresholdValue]"
                        }
                    }
                }
            }
        ]
    } 