{
"$schema": "https://schema.management.azure.com/schemas/2019-04-01/deploymentTemplate.json#",
"contentVersion": "1.0.0.0",
"parameters": 
    {
    "omsWorkspaceName":{"type":"string"},
    "omsWorkspaceLocation":{"type":"string"},
    "eventProcessingSchema":{"type":"string"},
    "alertVersion":{"type":"string"}
    },
"variables": 
    {
    "alertTag": "[concat('hidden-link:', resourceId('Microsoft.Operationalinsights/workspaces', parameters('omsWorkspaceName')))]",
    "extendedFields": " | extend eventType = 'itsm-Type', eventResource = 'itsm-Resource', eventFormat = 'itsm-Format', eventProcessingSchema = '",
    "endExtension": "'",
    "snowIntegrationFields": "[concat(variables('extendedFields'), parameters('eventProcessingSchema'), variables('endExtension'))]",
    "event": " | parse kind=relaxed _ResourceId with * '/subscriptions/' SubscriptionId '/resourcegroups/' * | extend Resource = Computer, ResourceId = _ResourceId  | project-away  Computer, _ResourceId",
    "alertStandard": 
        {
        "Event": "[concat(variables('event'), variables('snowIntegrationFields'))]"
        },
    "alertArray": 
        [
          {
          "alertName": "DXC-Major-SQL VM-Database Error",
          "description": "An error has occurred on the SQL VM database. Refer to the RenderDescription field in the description for information on the error",
          "severity": "1",
          "query": "Event | where EventLog == \"Application\" | where Source contains \"MSSQLSERVER\" | where EventLevelName == \"Error\" | where EventID == '204' or EventID == '5172' or EventID == '823' or EventID == '8946' or EventID == '17053' or EventID == '21' or EventID == '211' or EventID == '427' or EventID == '565' or EventID == '566' or EventID == '602' or EventID == '603' or EventID == '605' or EventID == '606' or EventID == '613' or EventID == '615' or EventID == '617' or EventID == '669' or EventID == '683' or EventID == '684' or EventID == '685' or EventID == '701' or EventID == '801' or EventID == '802' or EventID == '821' or EventID == '822' or EventID == '824' or EventID == '829' or EventID == '831' or EventID == '832' or EventID == '845' or EventID == '905' or EventID == '909' or EventID == '913' or EventID == '914' or EventID == '915' or EventID == '917' or EventID == '918' or EventID == '920' or EventID == '925' or EventID == '928' or EventID == '929' or EventID == '930' or EventID == '931' or EventID == '932' or EventID == '933' or EventID == '934' or EventID == '935' or EventID == '948' or EventID == '950' or EventID == '957' or EventID == '959' or EventID == '972' or EventID == '1101' or EventID == '1105' or EventID == '1121' or EventID == '1203' or EventID == '1204' or EventID == '1206' or EventID == '1208' or EventID == '1209' or EventID == '1210' or EventID == '1213' or EventID == '1214' or EventID == '1220' or EventID == '1221' or EventID == '1401' or EventID == '1402' or EventID == '1453' or EventID == '1454' or EventID == '1457' or EventID == '1458' or EventID == '1459' or EventID == '1501' or EventID == '1509' or EventID == '1510' or EventID == '1511' or EventID == '1522' or EventID == '1523' or EventID == '1532' or EventID == '1533' or EventID == '1534' or EventID == '1535' or EventID == '1537' or EventID == '1538' or EventID == '1803' or EventID == '1807' or EventID == '1832' or EventID == '2809' or EventID == '3012' or EventID == '3151' or EventID == '3301' or EventID == '3302' or EventID == '3313' or EventID == '3314' or EventID == '3315' or EventID == '3316' or EventID == '3411' or EventID == '3413' or EventID == '3417' or EventID == '3420' or EventID == '3431' or EventID == '3434' or EventID == '3437' or EventID == '3441' or EventID == '3442' or EventID == '3443' or EventID == '3445' or EventID == '3448' or EventID == '3449' or EventID == '3456' or EventID == '3457' or EventID == '3624' or EventID == '3625' or EventID == '3627' or EventID == '3628' or EventID == '3807' or EventID == '3864' or EventID == '3904' or EventID == '3938' or EventID == '3966' or EventID == '3967' or EventID == '3972' or EventID == '3986' or EventID == '3999' or EventID == '4014' or EventID == '4068' or EventID == '4077' or EventID == '4408' or EventID == '4803' or EventID == '4804' or EventID == '4805' or EventID == '4807' or EventID == '4894' or EventID == '4895' or EventID == '5102' or EventID == '5125' or EventID == '5128' or EventID == '5159' or EventID == '5180' or EventID == '5511' or EventID == '5515' or EventID == '5533' or EventID == '5534' or EventID == '5535' or EventID == '5536' or EventID == '5571' or EventID == '5572' or EventID == '5904' or EventID == '6559' or EventID == '6610' or EventID == '7102' or EventID == '7105' or EventID == '7108' or EventID == '7201' or EventID == '7213' or EventID == '7604' or EventID == '7606' or EventID == '7607' or EventID == '7609' or EventID == '7622' or EventID == '7629' or EventID == '7836' or EventID == '7884' or EventID == '7885' or EventID == '7886' or EventID == '7887' or EventID == '7888' or EventID == '7909' or EventID == '8440' or EventID == '8443' or EventID == '8444' or EventID == '8461' or EventID == '8502' or EventID == '8504' or EventID == '8506' or EventID == '8509' or EventID == '8510' or EventID == '8512' or EventID == '8513' or EventID == '8514' or EventID == '8515' or EventID == '8517' or EventID == '8521' or EventID == '8522' or EventID == '8532' or EventID == '8533' or EventID == '8534' or EventID == '8552' or EventID == '8553' or EventID == '8554' or EventID == '8558' or EventID == '8601' or EventID == '8606' or EventID == '8628' or EventID == '8630' or EventID == '8631' or EventID == '8632' or EventID == '8634' or EventID == '8642' or EventID == '8645' or EventID == '8646' or EventID == '8648' or EventID == '8649' or EventID == '8651' or EventID == '8657' or EventID == '8680' or EventID == '8902' or EventID == '8966' or EventID == '9002' or EventID == '9003' or EventID == '9004' or EventID == '9014' or EventID == '9015' or EventID == '9016' or EventID == '9100' or EventID == '9648' or EventID == '9657' or EventID == '9917' or EventID == '14151' or EventID == '14265' or EventID == '14713' or EventID == '15319' or EventID == '16906' or EventID == '16999' or EventID == '17310' or EventID == '17405' or EventID == '17802' or EventID == '17803' or EventID == '17805' or EventID == '17806' or EventID == '17807' or EventID == '17809' or EventID == '17810' or EventID == '17813' or EventID == '17825' or EventID == '17826' or EventID == '17827' or EventID == '17828' or EventID == '17829' or EventID == '17830' or EventID == '17832' or EventID == '17835' or EventID == '17836' or EventID == '17886' or EventID == '17892' or EventID == '18002' or EventID == '18055' or EventID == '18056' or EventID == '18057' or EventID == '18058' or EventID == '18061' or EventID == '19034' or EventID == '20005' or EventID == '21512' or EventID == '21515' or EventID == '21761' or EventID == '23003' or EventID == '25601' or EventID == '25602' or EventID == '25603' or EventID == '25604' or EventID == '25605' or EventID == '25606' or EventID == '25607' or EventID == '25699' or EventID == '26040' or EventID == '26042' or EventID == '26044' or EventID == '26046' or EventID == '26050' or EventID == '30028' or EventID == '30029' or EventID == '30031' or EventID == '30038' or EventID == '30039' or EventID == '30045' or EventID == '30049' or EventID == '30061' or EventID == '30062' or EventID == '30064' or EventID == '30074' or EventID == '30089' or EventID == '30093' or EventID == '30094' or EventID == '30099' or EventID == '33201' or EventID == '33202' or EventID == '33203' or EventID == '33204' or EventID == '33206' or EventID == '33207' or EventID == '33208' or EventID == '33214' or EventID == '34101'",
          "searchCategory": "Event",
          "operator": "GreaterThan",
          "alertThresholdValue": 0,
          "scheduleIntervalInMinutes": 5,
          "scheduleQueryTimeSpan": 10,
          "eventType": "Event Log",
          "eventResource": "Database",
          "actionGroupName": "DXC-AG-Major"
          },
          {
          "alertName": "DXC-Minor-SQL VM-Database Warning",
          "description": "A Warning has occurred on the SQL VM database. Refer to the RenderDescription field in the description for information on the warning",
          "severity": "2",
          "query": "Event | where EventLog == \"Application\" | where Source contains \"MSSQLSERVER\" | where EventLevelName == \"Warning\"",
          "searchCategory": "Event",
          "operator": "GreaterThan",
          "alertThresholdValue": 0,
          "scheduleIntervalInMinutes": 5,
          "scheduleQueryTimeSpan": 10,
          "eventType": "Event Log",
          "eventResource": "Database",
          "actionGroupName": "DXC-AG-Minor"
          }
      ]
    },
"resources": 
    [
        {
        "type": "Microsoft.Insights/scheduledQueryRules",
        "apiVersion": "2018-04-16",
        "name": "[variables('alertArray')[copyIndex()].alertName]",
        "location": "[parameters('omsWorkspaceLocation')]",
        "tags": {"[variables('alertTag')]": "[variables('alertArray')[copyIndex()].searchCategory]"},
        "properties": 
            {
            "description": "[concat('Version:', parameters('alertVersion'), ' ', variables('alertArray')[copyIndex()].description)]",
            "enabled": "true",
            "source": 
                {
                "query": "[concat(variables('alertArray')[copyIndex()].query, replace(replace(replace(variables('alertStandard')[variables('alertArray')[copyIndex()].searchCategory],'itsm-Type', variables('alertArray')[copyIndex()].eventType) ,'itsm-Resource', variables('alertArray')[copyIndex()].eventResource),'itsm-Format', variables('alertArray')[copyIndex()].searchCategory))]",
                "dataSourceId": "[resourceId('Microsoft.Operationalinsights/workspaces', parameters('omsWorkspaceName'))]",
                "queryType": "ResultCount"
                },
            "schedule": 
                {
                "frequencyInMinutes": "[variables('alertArray')[copyIndex()].scheduleIntervalInMinutes]",
                "timeWindowInMinutes": "[variables('alertArray')[copyIndex()].scheduleQueryTimeSpan]"
                },
            "action": 
                {
                "odata.type": "Microsoft.WindowsAzure.Management.Monitoring.Alerts.Models.Microsoft.AppInsights.Nexus.DataContracts.Resources.ScheduledQueryRules.AlertingAction",
                "severity": "[variables('alertArray')[copyIndex()].severity]",
                "aznsAction": {"actionGroup": "[array(resourceId('Microsoft.Insights/actionGroups', variables('alertArray')[copyIndex()].actionGroupName))]"},
                "trigger": 
                  {
                  "thresholdOperator": "[variables('alertArray')[copyIndex()].operator]",
                  "threshold": "[variables('alertArray')[copyIndex()].alertThresholdValue]"
                  }
                }
            },
        "copy": 
            {
            "name": "RuleCopy",
            "count": "[length(variables('alertArray'))]"
            }
        }
    ]
  }