{
"$schema": "http://schema.management.azure.com/schemas/2015-01-01/deploymentTemplate.json",
"contentVersion": "1.0.0.0",
"parameters": 
    {
    "omsWorkspaceName":{"type":"string"},
    "omsWorkspaceLocation":{"type":"string"},
    "eventProcessingSchema":{"type":"string"},
    "alertVersion":{"type":"string"}
    },
"variables": 
    {
    "alertTag": "[concat('hidden-link:', resourceId('Microsoft.Operationalinsights/workspaces', parameters('omsWorkspaceName')))]",
    "extendedFields": " | extend eventType = 'itsm-Type', eventResource = 'itsm-Resource', eventFormat = 'itsm-Format', eventProcessingSchema = '",
    "endExtension": "'",
    "snowIntegrationFields": "[concat(variables('extendedFields'), parameters('eventProcessingSchema'), variables('endExtension'))]",
    "event": " | parse kind=relaxed _ResourceId with * '/subscriptions/' SubscriptionId '/resourcegroups/' * | extend Resource = Computer, ResourceId = _ResourceId  | project-away  Computer, _ResourceId",
    "syslog": " | parse kind=relaxed any__ResourceId with * '/subscriptions/' SubscriptionId '/resourcegroups/' * | extend Resource = Computer, ResourceId = any__ResourceId, SyslogMessage= any_SyslogMessage, TimeGenerated= any_TimeGenerated, EventTime= any_EventTime, Facility= any_Facility, SeverityLevel= any_SeverityLevel, ProcessName= any_ProcessName, Type= any_Type, SourceSystem= any_SourceSystem, TenantId= any_TenantId | project-away Computer, any__ResourceId, any_SyslogMessage, any_TimeGenerated, any_Computer, any_EventTime, any_Facility, any_SeverityLevel, any_ProcessName, any_Type, any_SourceSystem, any_TenantId",
    "alertStandard": 
        {
        "Cloud_Workload_Protection_Events_CL": "[concat(' | join kind= leftouter ( Heartbeat| distinct SubscriptionId,Resource,ResourceId | extend lcase_resource = tolower(Resource)) on lcase_resource', variables('snowIntegrationFields'), ' | project-away lcase_resource,lcase_resource1, source_asset_source_ud_name_s, device_name_s')]",
        "ConfigurationChange": "[concat(' | join kind= leftouter ( Heartbeat | distinct SourceComputerId,SubscriptionId,ResourceId) on SourceComputerId | extend Resource = Computer', variables('snowIntegrationFields'), ' | project-away SourceComputerId1, _ResourceId')]",
        "Event": "[concat(variables('event'), variables('snowIntegrationFields'))]",
        "Syslog": "[concat(variables('syslog'), variables('snowIntegrationFields'))]"
        },
    "alertArray": 
        [
            {
            "alertName": "DXC-Critical-SymantecCWP-Linux-Detection",
            "description": "Symantec-Detection of malware/virus on a Linux Symantec guest",
            "severity": "0",
            "query": "Cloud_Workload_Protection_Events_CL | where type_class_s == 'AntiMalware' | where source_asset_os_name_d_s == 'linux' | project source_asset_source_ud_name_s , device_name_s, file_name_s, file_sha2_s, log_time_t, policy_group_name_s, policy_name_s , type_description_s , Message | extend lcase_resource = tolower(source_asset_source_ud_name_s)",
            "searchCategory": "Cloud_Workload_Protection_Events_CL",
            "alertThresholdValue": 0,
            "operator": "GreaterThan",
            "scheduleIntervalInMinutes": 5,
            "scheduleQueryTimeSpan": 5,
            "eventType": "Security",
            "eventResource": "Virtual Machine",
            "actionGroupName": "DXC-AG-Critical"
            },
            {
            "alertName": "DXC-Critical-SymantecCWP-Windows-Detection",
            "description": "Symantec-Detection of malware/virus on a Windows Symantec guest",
            "severity": "0",
            "query": "Cloud_Workload_Protection_Events_CL | where type_class_s == 'AntiMalware' | where source_asset_os_name_d_s =='windows' | project device_name_s, source_asset_source_ud_name_s , file_folder_s, file_name_s, file_sha2_s, log_time_t, policy_group_name_s, policy_name_s , type_description_s , Message | extend lcase_resource = tolower(device_name_s)",
            "searchCategory": "Cloud_Workload_Protection_Events_CL",
            "alertThresholdValue": 0,
            "operator": "GreaterThan",
            "scheduleIntervalInMinutes": 5,
            "scheduleQueryTimeSpan": 5,
            "eventType": "Security",
            "eventResource": "Virtual Machine",
            "actionGroupName": "DXC-AG-Critical"
            },
            {
            "alertName": "DXC-Critical-Linux-SymantecCWP SVC Stopped",
            "description": "SymantecCWP-Linux Agent Stopped or uninstalled",
            "severity": "0",
            "query": "Syslog | where SyslogMessage has 'Stopped Symantec Data Center Security Server Agent IDS daemon' or SyslogMessage has 'Stopped Symantec Data Center Security Server Agent IPS daemon' or SyslogMessage has 'Stopped Symantec Data Center Security Server Agent AMD daemon' or SyslogMessage has 'SDCSS IDS Agent stopped' or SyslogMessage has 'SDCSS IPS Agent stopped' or SyslogMessage has 'SDCSS Util Service stopped' | summarize any (SyslogMessage, TimeGenerated, Computer, _ResourceId, EventTime, Facility, SeverityLevel, ProcessName, Type, SourceSystem, TenantId ) by Computer",
            "searchCategory": "Syslog",
            "alertThresholdValue": 0,
            "operator": "GreaterThan",
            "scheduleIntervalInMinutes": 5,
            "scheduleQueryTimeSpan": 5,
            "eventType": "Security",
            "eventResource": "SymantecCWP Agent",
            "actionGroupName": "DXC-AG-Critical"
            },
          {
            "alertName": "DXC-Critical-Windows-SecurityAgent SVC Stopped",
            "description": "Windows Security Agent Stopped",
            "severity": "0",
            "query": "let ShutdownServers = Event | where TimeGenerated > ago(20m)and TimeGenerated < now() and EventID == 6006 | project Computer; let UninstalledCSServers = ConfigurationChange | where TimeGenerated > ago(20m)and TimeGenerated < now() and SvcDisplayName contains 'Falcon' and ChangeCategory == 'Removed' | join kind = leftouter ( Heartbeat | where TimeGenerated > ago(20m)and TimeGenerated < now() | distinct SourceComputerId,SubscriptionId,ResourceId) on SourceComputerId | extend Resource = Computer | project Computer ;let UninstalledCWPServers = ConfigurationChange | where TimeGenerated > ago(20m) and TimeGenerated < now() and (SoftwareName contains 'Cloud Workload Protection' or (SoftwareName !contains 'Symantec Endpoint Protection Cloud' and SoftwareName contains 'Symantec Endpoint Protection')) | where ChangeCategory == 'Removed' | join kind = leftouter ( Heartbeat | where TimeGenerated > ago(20m)and TimeGenerated < now() | distinct SourceComputerId,SubscriptionId,ResourceId) on SourceComputerId | extend Resource = Computer| project Computer;let UninstalledServers = UninstalledCSServers | union UninstalledCWPServers;let startedEpp = Event| where TimeGenerated > ago(20m) and TimeGenerated < now() and EventLog == 'System' and EventID == 7036  and RenderedDescription contains 'running' and (RenderedDescription contains 'Falcon' or RenderedDescription contains 'IDS Agent Service' or (RenderedDescription !contains 'Symantec Endpoint Protection Cloud' and RenderedDescription contains 'Symantec Endpoint Protection') or RenderedDescription contains 'Symantec Data Center Security Server Agent' or RenderedDescription has 'The Symantec CAF service')| project Computer;let stoppedEPP = Event| where TimeGenerated > ago(20m) and TimeGenerated < ago(15m) and EventLog == 'System' and EventID == 7036 and RenderedDescription contains 'stopped'| where RenderedDescription contains 'Falcon' or ((RenderedDescription !contains 'Symantec Endpoint Protection Cloud' and RenderedDescription contains 'Symantec Endpoint Protection') or RenderedDescription contains 'Symantec Data Center Security Server' or RenderedDescription contains 'The Symantec CAF Service');stoppedEPP| where Computer !in ((ShutdownServers))| where Computer !in ((startedEpp))| where Computer !in ((UninstalledServers))",
            "searchCategory": "Event",
            "alertThresholdValue": 0,
            "operator": "GreaterThan",
            "scheduleIntervalInMinutes": 5,
            "scheduleQueryTimeSpan": 20,
            "eventType": "Security",
            "eventResource": "Security Agent",
            "actionGroupName": "DXC-AG-Critical"
          },
          {
            "alertName": "DXC-Critical-Windows-SecurityAgent SVC Didnt Start",
            "description": "Windows Security Agent didn't start following a server reboot/startup",
            "severity": "0",
            "query": "let RebootedServers= Event| where TimeGenerated > ago(10m)and TimeGenerated < ago(5m)and EventLog == 'System'and EventID == 6005;let RunningServices= Event| where TimeGenerated > ago(10m)and TimeGenerated < now() and EventLog == 'System'and Source == 'Service Control Manager'and EventID == 7036 and RenderedDescription contains'running';let CsUp = RunningServices| where RenderedDescription contains'Falcon'| project _ResourceId;let CWP1Up= RunningServices| where RenderedDescription contains'IDS Agent Service' or RenderedDescription contains'SISIDSService'| project _ResourceId ;let CWP2Up= RunningServices| where RenderedDescription contains'The Symantec CAF service' or RenderedDescription contains 'CAF Service'| project _ResourceId ;let CWP3Up= RunningServices| where (RenderedDescription !contains'Symantec Endpoint Protection Cloud' and RenderedDescription contains'Symantec Endpoint Protection') or RenderedDescription contains 'SCS Service'| project _ResourceId ;let CWP4Up= RunningServices| where RenderedDescription contains'Symantec Data Center Security Server Agent' or RenderedDescription contains 'SISIPSService'| project _ResourceId ;let CwpUp= CWP1Up| where _ResourceId in ((CWP2Up))| where _ResourceId in ((CWP3Up))| where _ResourceId in ((CWP4Up))| project _ResourceId ;let EppUp= CsUp| union CwpUp;RebootedServers| where _ResourceId !in ((EppUp))",
            "searchCategory": "Event",
            "alertThresholdValue": 0,
            "operator": "GreaterThan",
            "scheduleIntervalInMinutes": 5,
            "scheduleQueryTimeSpan": 10,
            "eventType": "Security",
            "eventResource": "Security Agent",
            "actionGroupName": "DXC-AG-Critical"
          },
          {
            "alertName": "DXC-Critical-Windows-SymantecCWP SVC Uninstalled",
            "description": "SymantecCWP-Windows Agent uninstalled. This alert indicates that the SymantecCWP agent has been uninstalled from the specified virtual machine.",
            "severity": "0",
            "query": "ConfigurationChange | where SoftwareName  contains 'Cloud Workload Protection' or (SoftwareName !contains 'Symantec Endpoint Protection Cloud' and SoftwareName contains 'Symantec Endpoint Protection') | where ChangeCategory == 'Removed'",
            "searchCategory": "ConfigurationChange",
            "alertThresholdValue": 0,
            "operator": "GreaterThan",
            "scheduleIntervalInMinutes": 5,
            "scheduleQueryTimeSpan": 5,
            "eventType": "Security",
            "eventResource": "SymantecCWP Agent",
            "actionGroupName": "DXC-AG-Critical"
          }
        ]
    },
    "resources": [
        {
            "name": "[variables('alertArray')[copyIndex()].alertName]",
            "type": "Microsoft.Insights/scheduledQueryRules",
            "apiVersion": "2018-04-16",
            "copy": {
                "name": "RuleCopy",
                "count": "[length(variables('alertArray'))]"
            },
            "location": "[parameters('omsWorkspaceLocation')]",
            "tags": {
                "[variables('alertTag')]": "[variables('alertArray')[copyIndex()].searchCategory]"
            },
            "properties": {
                "description": "[concat('Version:', parameters('alertVersion'), ' ', variables('alertArray')[copyIndex()].description)]",
                "enabled": "true",
                "source": {
                    "query": "[concat(variables('alertArray')[copyIndex()].query, replace(replace(replace(variables('alertStandard')[variables('alertArray')[copyIndex()].searchCategory],'itsm-Type', variables('alertArray')[copyIndex()].eventType) ,'itsm-Resource', variables('alertArray')[copyIndex()].eventResource),'itsm-Format', variables('alertArray')[copyIndex()].searchCategory))]",
                    "dataSourceId": "[resourceId('Microsoft.Operationalinsights/workspaces', parameters('omsWorkspaceName'))]",
                    "queryType": "ResultCount"
                },
                "schedule": {
                    "frequencyInMinutes": "[variables('alertArray')[copyIndex()].scheduleIntervalInMinutes]",
                    "timeWindowInMinutes": "[variables('alertArray')[copyIndex()].scheduleQueryTimeSpan]"
                },
                "action": {
                    "odata.type": "Microsoft.WindowsAzure.Management.Monitoring.Alerts.Models.Microsoft.AppInsights.Nexus.DataContracts.Resources.ScheduledQueryRules.AlertingAction",
                    "severity": "[variables('alertArray')[copyIndex()].severity]",
                    "aznsAction": {
                        "actionGroup": "[array(resourceId('Microsoft.Insights/actionGroups', variables('alertArray')[copyIndex()].actionGroupName))]"
                    },
                    "trigger": {
                        "thresholdOperator": "[variables('alertArray')[copyIndex()].operator]",
                        "threshold": "[variables('alertArray')[copyIndex()].alertThresholdValue]"
                    }
                }
            }
        }
    ]
}
