{
"$schema":"http://schema.management.azure.com/schemas/2015-01-01/deploymentTemplate.json",
"contentVersion":"1.0.0.0",
"parameters":
    {
    "Severity":{"type":"string"},
    "SeverityNo":{"type":"string"},
    "omsWorkspaceId":{"type":"string"},
    "omsWorkspaceRegion":{"type":"string"}
    },
"variables":
    {
    "itsmWorkspaceId": "[concat(Subscription().subscriptionId, '|' , parameters('omsWorkspaceId'))]",
    },
"resources":
    [
    {  
    "type":"Microsoft.Insights/actionGroups",
    "apiVersion":"2017-04-01",
    "name":"[if(equals(parameters('Severity'),'Info'), 'DXC-AG-Informational', concat('DXC-AG-', parameters('Severity')))]",
    "location":"Global",
    "properties":
        {
        "groupShortName":"[concat('dxc', parameters('Severity'))]",
        "enabled":true,
        "itsmReceivers":
            [
            {
            "name":"ITSMAction",
            "workspaceId":"[variables('itsmWorkspaceId')]",
            "connectionId":"[resourceGroup().tags.itsmc_id]",
            "ticketConfiguration":"[concat('{\"PayloadRevision\":1,\"WorkItemType\":\"Event\",\"UseTemplate\":false,\"WorkItemData\":\"{\\\"severity\\\":\\\"', parameters('SeverityNo') , '\\\"}\",\"CreateOneWIPerCI\":false,\"CreateOneWIPerLog\":true}')]",
            "region":"[replace(tolower(parameters('omsWorkspaceRegion')), ' ', '')]"
            }
            ]
        }
    }
    ]
}