{
    "$schema":"http://schema.management.azure.com/schemas/2015-01-01/deploymentTemplate.json",
    "contentVersion":"1.0.0.0",
    "parameters":
        {
        "omsWorkspaceName":{"type":"string"},
		"omsWorkspaceLocation":{"type":"string"},
		"eventProcessingSchema":{"type":"string"},
        "alertVersion":{"type":"string"}
        },
    "variables":
        {
        "alertTag": "[concat('hidden-link:', resourceId('Microsoft.OperationalInsights/workspaces', parameters('omsWorkspaceName')))]",
		"extendedFields": " | extend eventType = 'itsm-Type', eventResource = 'itsm-Resource', eventFormat = 'itsm-Format', eventProcessingSchema = '",
		"endExtension": "'",
		"snowIntegrationFields": "[concat(variables('extendedFields'), parameters('eventProcessingSchema'), variables('endExtension'))]",
        "alertStandard":
              {
              "AzureDiagnostics":"[concat(' | extend ResourceId = tolower(ResourceId), Resource = tolower(Resource)', variables('snowIntegrationFields'))]"
              },
        "alertArray":
            [
              {
              "alertName":"DXC-Minor-StartStopVMExecution",
              "description":"StartStopVMExecution failure.  The virtual machine Start Stop operation has experienced issues.",
              "severity":"2",
              "query":"AzureDiagnostics | where ResourceProvider == \"MICROSOFT.AUTOMATION\" and Category == \"JobStreams\" | where StreamType_s  == \"Error\" | where RunbookName_s == \"DXC-VMStartStopRunbookExec\" or RunbookName_s == \"DXC-VMStartStopRunbook\" | extend errorMessage = strcat(split(ResultDescription,\",\",3)[0],\",\",split(ResultDescription,\",\",4)[0],\",\",split(ResultDescription,\",\",5)[0],\",\",split(ResultDescription,\",\",6)[0],\",\",split(ResultDescription,\",\",7)[0]) | extend AutomationAccountName = split(ResourceId,\"\/\")[-1] | extend ResourceId = split(ResultDescription,\",\")[2] | extend Resource = split(ResourceId,\"\/\")[-1] | project SubscriptionId, Resource, ResourceId, TimeGenerated, AutomationAccountName, RunbookName_s, errorMessage | extend ResourceId = tolower(ResourceId), Resource = tolower(Resource) | where isnotempty(ResourceId)",
              "searchCategory":"AzureDiagnostics",
              "alertThresholdValue":0,
              "operator":"GreaterThan",
              "scheduleIntervalInMinutes":5,
              "scheduleQueryTimeSpan":20,      
              "eventType":"Runbook",
              "eventResource":"Virtual Machine",
              "actionGroupName":"DXC-AG-Minor"
              }            
            ]
        },
        "resources":
      [
          {
          "name":"[variables('alertArray')[copyIndex()].alertName]",
          "type":"Microsoft.Insights/scheduledQueryRules",
          "apiVersion": "2018-04-16",
          "copy":
              {
              "name":"RuleCopy",
              "count":"[length(variables('alertArray'))]"
              },
          "location": "[parameters('omsWorkspaceLocation')]",
          "tags":{"[variables('alertTag')]": "[variables('alertArray')[copyIndex()].searchCategory]"},
          "properties":
              {
              "description": "[concat('Version:', parameters('alertVersion'), ' ', variables('alertArray')[copyIndex()].description)]",
              "enabled": "true",
              "source":
                  {
                  "query": "[concat(variables('alertArray')[copyIndex()].query, replace(replace(replace(variables('alertStandard')[variables('alertArray')[copyIndex()].searchCategory],'itsm-Type', variables('alertArray')[copyIndex()].eventType) ,'itsm-Resource', variables('alertArray')[copyIndex()].eventResource),'itsm-Format', variables('alertArray')[copyIndex()].searchCategory))]",
                  "dataSourceId": "[resourceId('Microsoft.OperationalInsights/workspaces/', parameters('omsWorkspaceName'))]",
                  "queryType": "ResultCount"
                  },
              "schedule":
                  {
                  "frequencyInMinutes": "[variables('alertArray')[copyIndex()].scheduleIntervalInMinutes]",
                  "timeWindowInMinutes": "[variables('alertArray')[copyIndex()].scheduleQueryTimeSpan]"
                  },
              "action":
                  {
                  "odata.type": "Microsoft.WindowsAzure.Management.Monitoring.Alerts.Models.Microsoft.AppInsights.Nexus.DataContracts.Resources.ScheduledQueryRules.AlertingAction",
                  "severity":"[variables('alertArray')[copyIndex()].severity]",
                  "aznsAction":{"actionGroup":"[array(resourceId('Microsoft.Insights/actionGroups',variables('alertArray')[copyIndex()].actionGroupName))]"
                               },
                  "trigger":
                      {
                      "thresholdOperator":"[variables('alertArray')[copyIndex()].operator]",
                      "threshold":"[variables('alertArray')[copyIndex()].alertThresholdValue]"
                      }
                  }
              }
          }
      ]
    } 
