{
  "$schema": "https://schema.management.azure.com/schemas/2019-04-01/deploymentTemplate.json#",
  "contentVersion": "1.0.0.0",
  "parameters": {
    "webAppName": { "type": "string" },
    "omsWorkspaceName": { "type": "string" },
    "omsWorkspaceLocation": { "type": "string" },
    "eventProcessingSchema": { "type": "string" },
    "alertVersion": { "type": "string" },
    "alertName": { "type": "string" },
    "description": { "type": "string" },
    "severity": { "type": "string" },
    "operator": { "type": "string" },
    "eventType": { "type": "string" },
    "actionGroupName": { "type": "string" },
    "timeAggregation": { "type": "string" },
    "aggregationGranularity": { "type": "string" },
    "frequencyOfevaluation": { "type": "string" },
    "thresholdValue": { "type": "string" },
    "metricName": { "type": "string" },
    "eventResource" : { "type": "string" }
  },
  "variables": {
    "alertTag": "[concat('hidden-link:', resourceId('Microsoft.OperationalInsights/workspaces', parameters('omsWorkspaceName')))]",
    "apiversion": "2018-04-16",
    "extendedQuery": " | where Resource == 'Res-Type' and MetricName == 'metric-name'  | extend eventType = 'itsm-Type', eventResource = 'itsm-Resource', eventFormat = 'itsm-Format', eventProcessingSchema = 'event-process-schema' , thresholdValue =  'threshold-value',workspaceName = 'workspace-name' , timeAggregation = 'time-aggregation', aggregationGranularity = 'Aggregation-Granularity', frequencyOfevaluation = 'frequency-Of-evaluation' ",
    "AzureDiagnostics": " | extend ResourceId = tolower(ResourceId), Resource = tolower(Resource)",
    "AzureMetrics": " | extend ResourceId = tolower(ResourceId), Resource = tolower(Resource)",
    "alertStandard": {
      "AzureActivity": "[variables('extendedQuery')]",
      "AzureDiagnostics": "[concat(variables('AzureDiagnostics'), variables('extendedQuery'))]",
      "AzureMetrics": "[concat(variables('AzureMetrics'), variables('extendedQuery'))]"
    },

    "dxcAlertArray": [
      {
        "alertName": "[parameters('alertName')]",
        "description": "[parameters('description')]",
        "version": "[parameters('alertversion')]",
        "eventResource": "[parameters('eventResource')]",
        "eventFormat" : "AzureMetrics",
        "severity": "[parameters('severity')]",
        "operator": "[parameters('operator')]",
        "eventType": "[parameters('eventType')]",
        "actionGroupName": "[parameters('actionGroupName')]",
        "timeAggregation": "[parameters('timeAggregation')]",
        "aggregationGranularity": "[parameters('aggregationGranularity')]",
        "frequencyOfevaluation": "[parameters('frequencyOfevaluation')]",
        "thresholdValue": "[parameters('thresholdValue')]",
        "searchCategory": "AzureActivity",
        "query": "AzureMetrics "
      }
    ]
  },
  "resources": [
    {
      "type": "Microsoft.Insights/scheduledQueryRules",
      "apiVersion": "[variables('apiversion')]",
      "name": "[variables('dxcAlertArray')[copyIndex()].alertName]",
      "copy": {
        "name": "RuleCopy",
        "count": "[length(variables('dxcAlertArray'))]"
      },
      "location": "[parameters('omsWorkspaceLocation')]",
      "tags": { "[variables('alertTag')]": "[variables('dxcAlertArray')[copyIndex()].searchCategory]" },
      "properties": {
        "description": "[concat('Version:', parameters('alertVersion'), ' ', variables('dxcAlertArray')[copyIndex()].description)]",
        "enabled": "true",
        "source": {
          "query": "[concat(variables('dxcAlertArray')[copyIndex()].query, replace(replace(replace(replace(replace(replace(replace(replace(replace(replace(replace(variables('alertStandard')[variables('dxcAlertArray')[copyIndex()].searchCategory],'itsm-Type', variables('dxcAlertArray')[copyIndex()].eventType) ,'itsm-Resource', variables('dxcAlertArray')[copyIndex()].eventResource),'itsm-Format', variables('dxcAlertArray')[copyIndex()].eventFormat),'Res-Type',toUpper(parameters('webAppName'))), 'event-process-schema', parameters('eventProcessingSchema')), 'metric-name',parameters('metricName')), 'threshold-value',parameters('thresholdValue')), 'workspace-name', parameters('omsWorkspaceName')), 'time-aggregation', parameters('operator')), 'Aggregation-Granularity', parameters('aggregationGranularity')), 'frequency-Of-evaluation',parameters('frequencyOfevaluation')))]",
          "dataSourceId": "[resourceId('Microsoft.OperationalInsights/workspaces', parameters('omsWorkspaceName'))]",
          "queryType": "ResultCount"
        },
        "action": {
          "odata.type": "Microsoft.WindowsAzure.Management.Monitoring.Alerts.Models.Microsoft.AppInsights.Nexus.DataContracts.Resources.ScheduledQueryRules.AlertingAction",
          "severity": "[variables('dxcAlertArray')[copyIndex()].severity]",
          "aznsAction": {
            "actionGroup": "[array(resourceId('Microsoft.Insights/actionGroups', variables('dxcAlertArray')[copyIndex()].actionGroupName))]"
          },
          "trigger": {
            "thresholdOperator": "[variables('dxcAlertArray')[copyIndex()].operator]",
            "threshold": "[variables('dxcAlertArray')[copyIndex()].thresholdValue]"
          }
        },
        "schedule": {
          "frequencyInMinutes": "[variables('dxcAlertArray')[copyIndex()].frequencyOfevaluation]",
          "timeWindowInMinutes": "[variables('dxcAlertArray')[copyIndex()].aggregationGranularity]"
        }
      }
    }
  ],
  "outputs": {

  }
}