{
  "$schema": "https://schema.management.azure.com/schemas/2019-04-01/deploymentTemplate.json#",
  "contentVersion": "1.0.0.0",
  "parameters": {
    "actionGroupName": { "type": "string" },
    "omsWorkspaceName": { "type": "string" },
    "omsWorkspaceLocation": { "type": "string" },
    "webAppName": { "type": "string" }
  },
  "variables": {
    "version": "2.4.2",
    "eventProcessingSchema": "3.0",
    "eventFormat": "AzureMetrics",
    "severity": "2",
    "alertTag": "[concat('hidden-link:', resourceId('Microsoft.OperationalInsights/workspaces', parameters('omsWorkspaceName')))]",
    "apiversion": "2018-04-16",
    "extendedQuery": " | where Resource == 'Res-Type' and MetricName == 'metric-name'  | extend eventType = 'itsm-Type', eventResource = 'itsm-Resource', eventFormat = 'itsm-Format', eventProcessingSchema = 'event-process-schema' , thresholdValue =  'threshold-value',workspaceName = 'workspace-name' , timeAggregation = 'time-aggregation', aggregationGranularity = 'Aggregation-Granularity', frequencyOfevaluation = 'frequency-Of-evaluation' ",
    "AzureDiagnostics": " | extend ResourceId = tolower(ResourceId), Resource = tolower(Resource)",
    "AzureMetrics": " | extend ResourceId = tolower(ResourceId), Resource = tolower(Resource)",
    "alertStandard": {
      "AzureActivity": "[variables('extendedQuery')]",
      "AzureDiagnostics": "[concat(variables('AzureDiagnostics'), variables('extendedQuery'))]",
      "AzureMetrics": "[concat(variables('AzureMetrics'), variables('extendedQuery'))]"
    },
    "dxcAlertArray": [
      {
        "alertName": "[concat('DXC-Major-', parameters('webAppName'), '-Connections-Exceptions' )]",
        "description": "No.of connections using by web app",
        "version": "[variables('version')]",
        "eventResource": "Application Service",
        "severity": "[variables('severity')]",
        "eventFormat": "[variables('eventFormat')]",
        "operator": "Greaterthan",
        "eventType": "Availability",
        "actionGroupName": "[parameters('actionGroupName')]",
        "aggregationGranularity": "15",
        "frequencyOfevaluation": "15",
        "thresholdValue": "50",
        "searchCategory": "AzureActivity",
        "query": "AzureMetrics ",
        "metricName": "AppConnections"
      },
      {
        "alertName": "[concat('DXC-Major-', parameters('webAppName'), '-MemoryWorkingSet-Exceptions' )]",
        "description": "The current amount of memory used by the app, in megabytes.",
        "version": "[variables('version')]",
        "eventResource": "Memory",
        "severity": "[variables('severity')]",
        "eventFormat": "[variables('eventFormat')]",
        "operator": "Greaterthan",
        "eventType": "Performance",
        "actionGroupName": "[parameters('actionGroupName')]",
        "aggregationGranularity": "15",
        "frequencyOfevaluation": "15",
        "thresholdValue": "5644288",
        "searchCategory": "AzureActivity",
        "query": "AzureMetrics ",
        "metricName": "MemoryWorkingSet"
      },
      {
        "alertName": "[concat('DXC-Major-', parameters('webAppName'), '-AverageMemoryWorkingSet-Exceptions' )]",
        "description": "The average amount of memory used by the app, in megabytes",
        "version": "[variables('version')]",
        "eventResource": "Memory",
        "severity": "[variables('severity')]",
        "eventFormat": "[variables('eventFormat')]",
        "operator": "Greaterthan",
        "eventType": "Performance",
        "actionGroupName": "[parameters('actionGroupName')]",
        "aggregationGranularity": "15",
        "frequencyOfevaluation": "15",
        "thresholdValue": "500000000",
        "searchCategory": "AzureActivity",
        "query": "AzureMetrics ",
        "metricName": "AverageMemoryWorkingSet"
      },
      {
        "alertName": "[concat('DXC-Major-', parameters('webAppName'), '-DataIn-Exceptions' )]",
        "description": "The amount of incoming bandwidth consumed by the app, in megabytes",
        "version": "[variables('version')]",
        "eventResource": "Performance",
        "severity": "[variables('severity')]",
        "eventFormat": "[variables('eventFormat')]",
        "operator": "Greaterthan",
        "eventType": "Incoming Bandwidth",
        "actionGroupName": "[parameters('actionGroupName')]",
        "aggregationGranularity": "15",
        "frequencyOfevaluation": "15",
        "thresholdValue": "65536",
        "searchCategory": "AzureActivity",
        "query": "AzureMetrics ",
        "metricName": "BytesReceived"
      },
      {
        "alertName": "[concat('DXC-Major-', parameters('webAppName'), '-DataOut-Exceptions' )]",
        "description": "The amount of outgoing bandwidth consumed by the app, in megabytes.",
        "version": "[variables('version')]",
        "eventResource": "Performance",
        "severity": "[variables('severity')]",
        "eventFormat": "[variables('eventFormat')]",
        "operator": "Greaterthan",
        "eventType": "Outgoing Bandwidth",
        "actionGroupName": "[parameters('actionGroupName')]",
        "aggregationGranularity": "15",
        "frequencyOfevaluation": "15",
        "thresholdValue": "65536",
        "searchCategory": "AzureActivity",
        "query": "AzureMetrics ",
        "metricName": "BytesSent"
      },
      {
        "alertName": "[concat('DXC-Major-', parameters('webAppName'), '-CPUTime-Exceptions' )]",
        "description": "The amount of CPU consumed by the app, in seconds.",
        "version": "[variables('version')]",
        "eventResource": "CPU",
        "severity": "[variables('severity')]",
        "eventFormat": "[variables('eventFormat')]",
        "operator": "Greaterthan",
        "eventType": "Performance",
        "actionGroupName": "[parameters('actionGroupName')]",
        "aggregationGranularity": "10",
        "frequencyOfevaluation": "10",
        "thresholdValue": "30",
        "searchCategory": "AzureActivity",
        "query": "AzureMetrics ",
        "metricName": "CpuTime"
      },
      {
        "alertName": "[concat('DXC-Major-', parameters('webAppName'), '-FileSysytemUsage-Exceptions' )]",
        "description": "Percentage of filesystem quota consumed by the app.",
        "version": "[variables('version')]",
        "eventResource": "File System",
        "severity": "[variables('severity')]",
        "eventFormat": "[variables('eventFormat')]",
        "operator": "Greaterthan",
        "eventType": "Capacity",
        "actionGroupName": "[parameters('actionGroupName')]",
        "aggregationGranularity": "15",
        "frequencyOfevaluation": "15",
        "thresholdValue": "400000000",
        "searchCategory": "AzureActivity",
        "query": "AzureMetrics ",
        "metricName": "FileSystemUsage"
      },
      {
        "alertName": "[concat('DXC-Major-', parameters('webAppName'), '-HealthCheckStatus-Exceptions' )]",
        "description": "To check the status of Web App Service Availability",
        "version": "[variables('version')]",
        "eventResource": "Web App",
        "severity": "[variables('severity')]",
        "eventFormat": "[variables('eventFormat')]",
        "operator": "Greaterthan",
        "eventType": "Health",
        "actionGroupName": "[parameters('actionGroupName')]",
        "aggregationGranularity": "15",
        "frequencyOfevaluation": "15",
        "thresholdValue": "1",
        "searchCategory": "AzureActivity",
        "query": "AzureMetrics ",
        "metricName": "HealthCheckStatus"
      },
      {
        "alertName": "[concat('DXC-Major-', parameters('webAppName'), '-ResponseTime-Exceptions' )]",
        "description": "The time taken for the app to serve requests, in seconds.",
        "version": "[variables('version')]",
        "eventResource": "Web App",
        "severity": "[variables('severity')]",
        "eventFormat": "[variables('eventFormat')]",
        "operator": "Greaterthan",
        "eventType": "Performance",
        "actionGroupName": "[parameters('actionGroupName')]",
        "aggregationGranularity": "15",
        "frequencyOfevaluation": "15",
        "thresholdValue": "30",
        "searchCategory": "AzureActivity",
        "query": "AzureMetrics ",
        "metricName": "HttpResponseTime"
      },
      {
        "alertName": "[concat('DXC-Major-', parameters('webAppName'), '-Http404-Exceptions' )]",
        "description": "Check the availability if web app or any services.",
        "version": "[variables('version')]",
        "eventResource": "Web App",
        "severity": "[variables('severity')]",
        "eventFormat": "[variables('eventFormat')]",
        "operator": "Greaterthan",
        "eventType": "Availability",
        "actionGroupName": "[parameters('actionGroupName')]",
        "aggregationGranularity": "15",
        "frequencyOfevaluation": "15",
        "thresholdValue": "1",
        "searchCategory": "AzureActivity",
        "query": "AzureMetrics ",
        "metricName": "Http404"
      }
    ]
  },
  "resources": [
    {
      "type": "Microsoft.Insights/scheduledQueryRules",
      "apiVersion": "[variables('apiversion')]",
      "name": "[variables('dxcAlertArray')[copyIndex()].alertName]",
      "copy": {
        "name": "RuleCopy",
        "count": "[length(variables('dxcAlertArray'))]"
      },
      "location": "[parameters('omsWorkspaceLocation')]",
      "tags": { "[variables('alertTag')]": "[variables('dxcAlertArray')[copyIndex()].searchCategory]" },
      "properties": {
        "description": "[concat('Version:',variables('dxcAlertArray')[copyIndex()].version, ' ', variables('dxcAlertArray')[copyIndex()].description)]",
        "enabled": "true",
        "source": {
          "query": "[concat(variables('dxcAlertArray')[copyIndex()].query, replace(replace(replace(replace(replace(replace(replace(replace(replace(replace(replace(variables('alertStandard')[variables('dxcAlertArray')[copyIndex()].searchCategory],'itsm-Type', variables('dxcAlertArray')[copyIndex()].eventType) ,'itsm-Resource', variables('dxcAlertArray')[copyIndex()].eventResource),'itsm-Format', variables('dxcAlertArray')[copyIndex()].eventFormat),'Res-Type', toUpper(parameters('webAppName'))), 'event-process-schema', variables('eventProcessingSchema')), 'metric-name',variables('dxcAlertArray')[copyIndex()].metricName), 'threshold-value',variables('dxcAlertArray')[copyIndex()].thresholdValue), 'workspace-name', parameters('omsWorkspaceName')), 'time-aggregation', variables('dxcAlertArray')[copyIndex()].operator), 'Aggregation-Granularity', variables('dxcAlertArray')[copyIndex()].aggregationGranularity), 'frequency-Of-evaluation',variables('dxcAlertArray')[copyIndex()].frequencyOfevaluation))]",
          "dataSourceId": "[resourceId('Microsoft.OperationalInsights/workspaces', parameters('omsWorkspaceName'))]",
          "queryType": "ResultCount"
        },
        "action": {
          "odata.type": "Microsoft.WindowsAzure.Management.Monitoring.Alerts.Models.Microsoft.AppInsights.Nexus.DataContracts.Resources.ScheduledQueryRules.AlertingAction",
          "severity": "[variables('dxcAlertArray')[copyIndex()].severity]",
          "aznsAction": {
            "actionGroup": "[array(resourceId('Microsoft.Insights/actionGroups', variables('dxcAlertArray')[copyIndex()].actionGroupName))]"
          },
          "trigger": {
            "thresholdOperator": "[variables('dxcAlertArray')[copyIndex()].operator]",
            "threshold": "[variables('dxcAlertArray')[copyIndex()].thresholdValue]"
          }
        },
        "schedule": {
          "frequencyInMinutes": "[variables('dxcAlertArray')[copyIndex()].frequencyOfevaluation]",
          "timeWindowInMinutes": "[variables('dxcAlertArray')[copyIndex()].aggregationGranularity]"
        }
      }
    }
  ],
  "outputs": {
  }
}