{
    "$schema": "https://schema.management.azure.com/schemas/2015-01-01/deploymentTemplate.json#",
    "contentVersion": "1.0.0.0",
    "parameters": {
        "AvailabilitySetName": {
            "type": "string",
            "metadata": {
                "description": "The name of the Availability Set resource."
            }
        },
        "location": {
            "type": "string",
            "metadata": {
                "description": "The location of the Availability Set resource.",
                "SNC::Parameter::Metadata": {"referenceType": "Microsoft.Azure/region"}
            }
        },
        "FaultDomainCount": {
            "type": "int",
            "defaultValue": 2,
            "minValue": 1,
            "maxValue": 3,
            "metadata": {
                "description": "The number of fault domains to use. Some regions support max. 2 fault domains, please check this link for more information https://docs.microsoft.com/en-us/azure/virtual-machines/windows/manage-availability"
            }
        },
        "UpdateDomainCount": {
            "type": "int",
            "defaultValue": 5,
            "minValue": 1,
            "maxValue": 20,
            "metadata": {
                "description": "The number of update domains to use. Minimum value is 1, maximum value is 20"
            }
        },
        "managedDisk": {
            "type": "string",
            "defaultValue": "yes",
            "allowedValues": [
                "yes",
                "no"
            ],
            "metadata": {
                "description": "Use 'Yes' for virtual machines with managed disks and 'No' for virtual machines with classic unmanaged disks."
            }
        },
        "dxcManaged": {
            "type": "bool",
            "allowedValues": [true , false],
            "defaultValue": true,
            "metadata": {
                "description": "tag to check if resource is managed by DXC"
             }
        }
    },
    "resources": [
        {
            "type": "Microsoft.Compute/availabilitySets",
            "name": "[parameters('AvailabilitySetName')]",
            "apiVersion": "2019-07-01",
            "location": "[parameters('location')]",
            "tags": {
                "dxcManaged": "[parameters('dxcManaged')]",
                "dxcMonitored": "False",
                "dxcConfigurationCheck": ""
              },       
            "properties": {
                "platformFaultDomainCount": "[parameters('FaultDomainCount')]",
                "platformUpdateDomainCount": "[parameters('UpdateDomainCount')]"
            },
            "sku": {
                "name": "[if(equals(parameters('managedDisk'),'yes'), 'Aligned', 'Classic')]"
            }
        }
    ]
}
