{
  "$schema": "https://schema.management.azure.com/schemas/2019-04-01/deploymentTemplate.json#",
  "contentVersion": "1.0.0.0",
  "parameters": {
    "adminUsername": {
      "type": "string",
      "metadata": {
        "description": "Administrator username for the Virtual Machine."
      }
    },
    "adminPassword": {
      "type": "securestring",
      "minLength": 12,
      "maxLength": 72,
      "metadata": {
        "description": "Local password for the Virtual Machine. Must contain at least 12 characters, 1 upper case letter, 1 lower case letter, 1 number, and 1 special character."
      }
    },
    "KeyVaultName": {
      "type": "string",
      "metadata": { "description": "Name of the Keyvault." }
    },
    "KeyVaultRG": {
      "type": "string",
      "metadata": { "description": "Resource Group of the Keyvault." }
    },
      "dxcManaged": {
        "type": "bool",
        "defaultValue" : true,
        "metadata": { "description": "tag to indicate whether VM is managed by DXC" }
      },    
      "dxcMonitored": {
        "type": "bool",
        "defaultValue" : true,
        "metadata": { "description": "tag to indicate whether VM is monitored by DXC" }
      },
      "dxcBackup":{
          "type": "bool",
          "defaultValue" : true,
          "metadata" : {"description": "tag to indicate whether VM is backed up by DXC"}
        },
      "dxcPatchGroup":{
          "type": "string",
          "defaultValue" : "{ \"Required\": \"False\"}",
          "metadata" : {"description": "tag to indicate whether VM is patched up by DXC format for true is { \"Required\": \"True\",\"PatchGroupName\": \"WindowsMonthly\"}"}
        },
    "osVersion": {
      "type": "string",
      "allowedValues": [
        "2019-Datacenter",
        "2016-Datacenter",
        "2012-R2-Datacenter",
        "2012-Datacenter",
        "2008-R2-SP1",
        "cis-ws2019-l1",
        "cis-ws2019-l2",
        "cis-ws2016-l1",
        "cis-ws2016-l2",
        "cis-ws2012-r2-l1",
        "cis-ws2012-r2-l2",
        "cis-ws2012-l1",
        "cis-ws2012-l2"
      ],
      "metadata": {
        "description": "Please review the Supported OS Versions page at: https://confluence.dxc.com/display/CSA/Supported+OS+Versions. For CIS refer to page: https://confluence.dxc.com/display/CSA/Supported+CIS+Versions."
      }
    },
    "vmName": {
      "type": "string",
      "maxLength": 15,
      "metadata": {
        "description": "The VM name in lower case, maximum 15-character size containing Data Center site code, Environment(bv), Resource Type(poc), Deployment(wvm) and Sequence(001), i.e. bvpoctstwvm001.",
        "SNC::Parameter::Metadata": {
          "allowedPattern": "^(?![0-9]+$)[A-Za-z0-9-]{1,15}$"
        }
      }
    },
    "vmSize": {
      "type": "string",
      "metadata": {
        "description": "The size(T-shirt) for the Virtual Machine.",
        "SNC::Parameter::Metadata": {
          "datasource": "ServiceNow::Pools::VMSizePool.getByLDC"
        }
      }
    },
    "vmLocation": {
      "type": "string",
      "metadata": {
        "description": "Region where the VM will be placed.",
        "SNC::Parameter::Metadata": {
          "datasource": "ServiceNow::Pools::CloudLocationPoolDXC.getLocationByCloudAccount"
        }
      }
    },
    "timeZone": {
      "type": "string",
      "defaultValue": "UTC",
      "allowedValues": [
        "Afghanistan Standard Time",
        "Alaskan Standard Time",
        "Aleutian Standard Time",
        "Altai Standard Time",
        "Arab Standard Time",
        "Arabian Standard Time",
        "Arabic Standard Time",
        "Argentina Standard Time",
        "Astrakhan Standard Time",
        "Atlantic Standard Time",
        "AUS Central Standard Time",
        "Aus Central W. Standard Time",
        "AUS Eastern Standard Time",
        "Azerbaijan Standard Time",
        "Azores Standard Time",
        "Bahia Standard Time",
        "Bangladesh Standard Time",
        "Belarus Standard Time",
        "Bougainville Standard Time",
        "Canada Central Standard Time",
        "Cape Verde Standard Time",
        "Caucasus Standard Time",
        "Cen. Australia Standard Time",
        "Central America Standard Time",
        "Central Asia Standard Time",
        "Central Brazilian Standard Time",
        "Central Europe Standard Time",
        "Central European Standard Time",
        "Central Pacific Standard Time",
        "Central Standard Time",
        "Central Standard Time (Mexico)",
        "Chatham Islands Standard Time",
        "China Standard Time",
        "Cuba Standard Time",
        "Dateline Standard Time",
        "E. Africa Standard Time",
        "E. Australia Standard Time",
        "E. Europe Standard Time",
        "E. South America Standard Time",
        "Easter Island Standard Time",
        "Eastern Standard Time",
        "Eastern Standard Time (Mexico)",
        "Egypt Standard Time",
        "Ekaterinburg Standard Time",
        "Fiji Standard Time",
        "FLE Standard Time",
        "Georgian Standard Time",
        "GMT Standard Time",
        "Greenland Standard Time",
        "Greenwich Standard Time",
        "GTB Standard Time",
        "Haiti Standard Time",
        "Hawaiian Standard Time",
        "India Standard Time",
        "Iran Standard Time",
        "Israel Standard Time",
        "Jordan Standard Time",
        "Kaliningrad Standard Time",
        "Kamchatka Standard Time",
        "Korea Standard Time",
        "Libya Standard Time",
        "Line Islands Standard Time",
        "Lord Howe Standard Time",
        "Magadan Standard Time",
        "Magallanes Standard Time",
        "Marquesas Standard Time",
        "Mauritius Standard Time",
        "Mid-Atlantic Standard Time",
        "Middle East Standard Time",
        "Montevideo Standard Time",
        "Morocco Standard Time",
        "Mountain Standard Time",
        "Mountain Standard Time (Mexico)",
        "Myanmar Standard Time",
        "N. Central Asia Standard Time",
        "Namibia Standard Time",
        "Nepal Standard Time",
        "New Zealand Standard Time",
        "Newfoundland Standard Time",
        "Norfolk Standard Time",
        "North Asia East Standard Time",
        "North Asia Standard Time",
        "North Korea Standard Time",
        "Omsk Standard Time",
        "Pacific SA Standard Time",
        "Pacific Standard Time",
        "Pacific Standard Time (Mexico)",
        "Pakistan Standard Time",
        "Paraguay Standard Time",
        "Qyzylorda Standard Time",
        "Romance Standard Time",
        "Russia Time Zone 10",
        "Russia Time Zone 11",
        "Russia Time Zone 3",
        "Russian Standard Time",
        "SA Eastern Standard Time",
        "SA Pacific Standard Time",
        "SA Western Standard Time",
        "Saint Pierre Standard Time",
        "Sakhalin Standard Time",
        "Samoa Standard Time",
        "Sao Tome Standard Time",
        "Saratov Standard Time",
        "SE Asia Standard Time",
        "Singapore Standard Time",
        "South Africa Standard Time",
        "Sri Lanka Standard Time",
        "Sudan Standard Time",
        "Syria Standard Time",
        "Taipei Standard Time",
        "Tasmania Standard Time",
        "Tocantins Standard Time",
        "Tokyo Standard Time",
        "Tomsk Standard Time",
        "Tonga Standard Time",
        "Transbaikal Standard Time",
        "Turkey Standard Time",
        "Turks And Caicos Standard Time",
        "Ulaanbaatar Standard Time",
        "US Eastern Standard Time",
        "US Mountain Standard Time",
        "UTC",
        "UTC+12",
        "UTC+13",
        "UTC-02",
        "UTC-08",
        "UTC-09",
        "UTC-11",
        "Venezuela Standard Time",
        "Vladivostok Standard Time",
        "Volgograd Standard Time",
        "W. Australia Standard Time",
        "W. Central Africa Standard Time",
        "W. Europe Standard Time",
        "W. Mongolia Standard Time",
        "West Asia Standard Time",
        "West Bank Standard Time",
        "West Pacific Standard Time",
        "Yakutsk Standard Time"
      ],
      "metadata": {
        "description": "Specify a valid time zone."
      }
    },
    "domainToJoin": {
      "type": "string",
      "metadata": { "description": "The FQDN of the AD domain." }
    },
    "domainUsername": {
      "type": "string",
      "metadata": { "description": "Username of the account on the domain." }
    },
    "domainPassword": {
      "type": "securestring",
      "metadata": { "description": "Password of the account on the domain." }
    },
    "ouPath": {
      "type": "string",
      "metadata": {
        "description": "Specifies an organizational unit (OU) for the domain account. Enter the full distinguished name of the OU in quotation marks. Example: 'OU=testOU; DC=domain; DC=Domain; DC=com'."
      }
    },
    "OSDiskType": {
      "type": "string",
      "defaultValue": "StandardSSD_LRS",
      "allowedValues": ["Standard_LRS", "StandardSSD_LRS", "Premium_LRS"],
      "metadata": {
        "description": "The storage type of the OS disk. Standard_LRS is standard HDD, StandardSSD_LRS is standard SSD, Premium_LRS is premium SSD. Not all VM Sizes support premium SSD, refer to https://docs.microsoft.com/en-us/azure/virtual-machines/sizes for more details."
      }
    },
    "numberOfDataDisks": {
      "type": "int",
      "defaultValue": 0,
      "minValue": 0,
      "maxValue": 64,
      "metadata": {
        "description": "Number of data disks to create. To create a virtual machine without data disks, set this value to 0. The maximum number of data disks is dependent on the VM size. Refer to https://docs.microsoft.com/en-us/azure/virtual-machines/sizes for further details."
      }
    },
    "dataDiskType": {
      "type": "string",
      "defaultValue": "StandardSSD_LRS",
      "allowedValues": ["Standard_LRS", "StandardSSD_LRS", "Premium_LRS"],
      "metadata": {
        "description": "The storage type of the data disk. Standard_LRS is standard HDD, StandardSSD_LRS is standard SSD, Premium_LRS is premium SSD. Not all VM Sizes support premium SSD, refer to https://docs.microsoft.com/en-us/azure/virtual-machines/sizes for more details."
      }
    },
    "dataDiskSize": {
      "type": "int",
      "defaultValue": 128,
      "minValue": 1,
      "maxValue": 32767,
      "metadata": {
        "description": "Size of each data disk in GB. Minimum of 1."
      }
    },
    "dataDiskHostCaching": {
      "type": "string",
      "defaultValue": "None",
      "allowedValues": ["None", "ReadOnly", "ReadWrite"],
      "metadata": {
        "description": "Specifies the caching mechanism for data disks. Default is none."
      }
    },
    "existingBootDiagStorageResourceGroup": {
      "type": "string",
      "metadata": {
        "description": "Storage account resource group name for the boot diagnostics storage account. The resource group should be in the same location as the Virtual Machine."
      }
    },
    "existingBootDiagStorageName": {
      "type": "string",
      "metadata": {
        "description": "Storage account name where boot diagnostics will be stored.",
        "SNC::Parameter::Metadata": {
          "datasource": "ServiceNow::Pools::StorageAccountPool.getByLDC"
        }
      }
    },
    "existingvNetResourceGroup": {
      "type": "string",
      "metadata": {
        "description": "Resource Group of the Existing Virtual Network."
      }
    },
    "existingvNetName": {
      "type": "string",
      "metadata": {
        "description": "Existing Virtual Network that the VM NIC will be attached to. It should be at the same location as the Virtual Machine.",
        "SNC::Parameter::Metadata": {
          "datasource": "ServiceNow::Pools::NetworkPool.getByLDC"
        }
      }
    },
    "subnetName": {
      "type": "string",
      "metadata": {
        "description": "The Subnet for the Virtual Machine.",
        "SNC::Parameter::Metadata": {
          "datasource": "ServiceNow::Pools::SubnetPool.getByNetwork"
        }
      }
    },
    "publicIPRequired": {
      "type": "string",
      "allowedValues": ["yes", "no"],
      "metadata": {
        "description": "Does this Virtual Machine need a public IP? (yes/no)"
      }
    },
    "Availability": {
      "type": "string",
      "allowedValues": [
        "No Availability Required",
        "AvailabilitySet",
        "AvailabilityZone"
      ],
      "defaultValue": "No Availability Required",
      "metadata": {
        "description": "Does this Virtual Machine need to join an AvailabilitySet, AvailabilityZone, or neither?"
      }
    },
    "existingAvailabilitySetName": {
      "type": "string",
      "defaultValue": "",
      "metadata": {
        "description": "Existing Availability Set Name located under the same resource group and location as the Virtual Machine.",
        "SNC::Parameter::Metadata": {
          "datasource": "ServiceNow::Pools::AvailabilitySetPool.getByLDCandRG"
        }
      }
    },
    "zone": {
      "type": "int",
      "defaultValue": 1,
      "allowedValues": [1, 2, 3],
      "metadata": {
        "description": "The number for the availability zone. Allowed values are 1, 2, or 3."
      }
    },
    "application": {
      "type": "string",
      "metadata": { "description": "Name of the hosted application." }
    },
    "departmentName": {
      "type": "string",
      "metadata": { "description": "Department owning the server." }
    },
    "project": {
      "type": "string",
      "metadata": { "description": "Project name." }
    },
    "workspaceId": {
      "type": "string",
      "defaultValue": "",
      "metadata": {
        "description": "The OMS workspace Id where the OMS Agent sends log and metric data."
      }
    },
    "workspaceKey": {
      "type": "string",
      "defaultValue": "",
      "metadata": {
        "description": "The OMS workspace key where the OMS Agent sends log and metric data."
      }
    },
    "dxcEPAgent": {
      "type": "string",
      "defaultValue": "crowdstrike",
      "allowedValues": [
              "crowdstrike",
              "azureDefender",
              "false"
    ],
          "metadata": {"description": "Workload/endpoint security agent. Allowed values: crowdstrike, azureDefender, false"}
  },
    "csCID": {
      "defaultValue": "",
      "type": "string",
      "metadata": {
        "description": "Client ID with checksum for Falcon CrowdStrike."
      }
    },
    "existingRecoveryServicesVaultRG": {
      "defaultValue": "",
      "type": "string",
      "metadata": {
        "description": "Resource Group of the Existing Recovery Services Vault."
      }
    },
    "existingRecoveryServicesVault": {
      "defaultValue": "",
      "type": "string",
      "metadata": {
        "description": "Recovery services vault name where the VMs will be backed up to.",
        "SNC::Parameter::Metadata": {
          "datasource": "ServiceNow::Pools::RecoveryServicesVaultPool.getRSVaults"
        }
      }
    },
    "existingBackupPolicy": {
      "type": "string",
      "defaultValue": "DefaultPolicy",
      "allowedValues": ["DefaultPolicy", "DXC30day", "DXC60day", "DXC90day"],
      "metadata": {
        "description": "Backup policy to be used to backup the Virtual Machine. Backup Policy defines the schedule of the backup and how long to retain backup copies. By default, every vault comes with a 'DefaultPolicy' which can be used here."
      }
    },
    "csUninstallPW": {
      "defaultValue": "",
      "type": "securestring",
      "metadata": {
        "description": "Password from dxc-maint-rg keyvault to prevent unauthorized uninstall of Crowdstrike."
      }
    }
  },
  "variables": {
    "availabilityZone": "[array(parameters('zone'))]",
    "availabilitySet": {
      "id": "[concat('/subscriptions/',subscription().subscriptionId,'/resourceGroups/',toLower(resourceGroup().name),'/providers/Microsoft.Compute/availabilitySets/', parameters('existingAvailabilitySetName'))]"
    },
    "wadperfcounters": "<WadCfg> <DiagnosticMonitorConfiguration overallQuotaInMB=\"4096\" xmlns=\"http://schemas.microsoft.com/ServiceHosting/2010/10/DiagnosticsConfiguration\"><PerformanceCounters scheduledTransferPeriod=\"PT1M\"><PerformanceCounterConfiguration counterSpecifier=\"\\Memory\\% Committed Bytes In Use\" sampleRate=\"PT15S\" unit=\"Percent\"><annotation displayName=\"Memory usage\" locale=\"en-us\"/></PerformanceCounterConfiguration><PerformanceCounterConfiguration counterSpecifier=\"\\Memory\\Available Bytes\" sampleRate=\"PT15S\" unit=\"Bytes\"><annotation displayName=\"Memory available\" locale=\"en-us\"/></PerformanceCounterConfiguration><PerformanceCounterConfiguration counterSpecifier=\"\\Memory\\Committed Bytes\" sampleRate=\"PT15S\" unit=\"Bytes\"><annotation displayName=\"Memory committed\" locale=\"en-us\"/></PerformanceCounterConfiguration><PerformanceCounterConfiguration counterSpecifier=\"\\Memory\\Commit Limit\" sampleRate=\"PT15S\" unit=\"Bytes\"><annotation displayName=\"Memory commit limit\" locale=\"en-us\"/></PerformanceCounterConfiguration></PerformanceCounters>",
    "wadcfgxstart": "[concat(variables('wadperfcounters'), '<Metrics resourceId=\"')]",
    "wadmetricsresourceid": "[concat('/subscriptions/', subscription().subscriptionId, '/resourceGroups/', resourceGroup().name , '/providers/', 'Microsoft.Compute/virtualMachines/')]",
    "wadcfgxend": "\"><MetricAggregation scheduledTransferPeriod=\"PT1H\"/><MetricAggregation scheduledTransferPeriod=\"PT1M\"/></Metrics></DiagnosticMonitorConfiguration></WadCfg>",
    "storageAccountId": "[resourceId(parameters('existingBootDiagStorageResourceGroup'), 'Microsoft.Storage/storageAccounts', parameters('existingBootDiagStorageName'))]",
    "images": {
      "2019-Datacenter": {
        "publisher": "MicrosoftWindowsServer",
        "offer": "WindowsServer",
        "sku": "2019-Datacenter",
        "version": "latest",
        "plan": false,
        "psupdate": "false"
      },
      "2016-Datacenter": {
        "publisher": "MicrosoftWindowsServer",
        "offer": "WindowsServer",
        "sku": "2016-Datacenter",
        "version": "latest",
        "plan": false,
        "psupdate": "false"
      },
      "2012-R2-Datacenter": {
        "publisher": "MicrosoftWindowsServer",
        "offer": "WindowsServer",
        "sku": "2012-R2-Datacenter",
        "version": "latest",
        "plan": false,
        "psupdate": "false"
      },
      "2012-Datacenter": {
        "publisher": "MicrosoftWindowsServer",
        "offer": "WindowsServer",
        "sku": "2012-Datacenter",
        "version": "latest",
        "plan": false,
        "psupdate": "false"
      },
      "2008-R2-SP1": {
        "publisher": "MicrosoftWindowsServer",
        "offer": "WindowsServer",
        "sku": "2008-R2-SP1",
        "version": "latest",
        "plan": false,
        "psupdate": "true"
      },
      "cis-ws2019-l1": {
        "publisher": "center-for-internet-security-inc",
        "offer": "cis-windows-server-2019-v1-0-0-l1",
        "sku": "cis-ws2019-l1",
        "version": "1.1.9",
        "plan": true,
        "psupdate": "false"
      },
      "cis-ws2019-l2": {
        "publisher": "center-for-internet-security-inc",
        "offer": "cis-windows-server-2019-v1-0-0-l2",
        "sku": "cis-ws2019-l2",
        "version": "1.1.9",
        "plan": true,
        "psupdate": "false"
      },
      "cis-ws2016-l1": {
        "publisher": "center-for-internet-security-inc",
        "offer": "cis-windows-server-2016-v1-0-0-l1",
        "sku": "cis-ws2016-l1",
        "version": "1.2.11",
        "plan": true,
        "psupdate": "false"
      },
      "cis-ws2016-l2": {
        "publisher": "center-for-internet-security-inc",
        "offer": "cis-windows-server-2016-v1-0-0-l2",
        "sku": "cis-ws2016-l2",
        "version": "1.2.11",
        "plan": true,
        "psupdate": "false"
      },
      "cis-ws2012-r2-l1": {
        "publisher": "center-for-internet-security-inc",
        "offer": "cis-windows-server-2012-r2-v2-2-1-l1",
        "sku": "cis-ws2012-r2-l1",
        "version": "2.4.11",
        "plan": true,
        "psupdate": "false"
      },
      "cis-ws2012-r2-l2": {
        "publisher": "center-for-internet-security-inc",
        "offer": "cis-windows-server-2012-r2-v2-2-1-l2",
        "sku": "cis-ws2012-r2-l2",
        "version": "2.4.11",
        "plan": true,
        "psupdate": "false"
      },
      "cis-ws2012-l1": {
        "publisher": "center-for-internet-security-inc",
        "offer": "cis-windows-server-2012-v2-0-1-l1",
        "sku": "cis-ws2012-l1",
        "version": "2.2.11",
        "plan": true,
        "psupdate": "false"
      },
      "cis-ws2012-l2": {
        "publisher": "center-for-internet-security-inc",
        "offer": "cis-windows-server-2012-v2-0-1-l2",
        "sku": "cis-ws2012-l2",
        "version": "2.2.11",
        "plan": true,
        "psupdate": "false"
      }
    },
    "vmplan": {
      "name": "[variables('images')[parameters('osVersion')].sku]",
      "product": "[variables('images')[parameters('osVersion')].offer]",
      "publisher": "[variables('images')[parameters('osVersion')].publisher]"
    },
    "LocalAdminDetailstoKV": "[concat(parameters('vmName'),'-LocalAdminDetailstoKV')]",
    "OSDiskName": "[concat(parameters('vmName'), '-osDisk')]",
    "DataDiskName": "[concat(parameters('vmName'), '-dataDisk')]",
    "nicName": "[concat(parameters('vmName'),'-vNic')]",
    "vnetID": "[resourceId(parameters('existingvNetResourceGroup'), 'Microsoft.Network/virtualNetworks', parameters('existingvNetName'))]",
    "subnetRef": "[concat(variables('vnetID'),'/subnets/', parameters('subnetName'))]",
    "vmPublicIP": "[concat(parameters('vmName'),'-publicIP')]",
    "publicIPAddress": {
      "id": "[concat('/subscriptions/',subscription().subscriptionId,'/resourceGroups/',toLower(resourceGroup().name),'/providers/Microsoft.Network/publicIPAddresses/',variables('vmPublicIP'))]"
    },
    "fileUris": "https://dxcazuretoolsdev.blob.core.windows.net/installers/CrowdStrikeInstallerWithPassword.ps1",
    "2008psupgrade": "[variables('images')[parameters('osVersion')].psupdate]",
    "avExtensionName": "/extensions/CrowdStrikeAgent",
    "backupFabric": "Azure",
    "v2Vm": "vm;iaasvmcontainerv2;"
  },
  "resources": [
    {
      "apiVersion": "2020-10-01",
      "name": "[variables('LocalAdminDetailstoKV')]",
      "type": "Microsoft.Resources/deployments",
      "resourceGroup": "[parameters('KeyVaultRG')]",
      "properties": {
        "mode": "Incremental",
        "template": {
          "$schema": "https://schema.management.azure.com/schemas/2019-04-01/deploymentTemplate.json#",
          "contentVersion": "1.0.0.0",
          "parameters": {},
          "variables": {},
          "resources": [
            {
              "type": "Microsoft.KeyVault/vaults/secrets",
              "name": "[concat(parameters('KeyVaultName'), '/', parameters('vmName'),'-adminuser')]",
              "apiVersion": "2018-02-14",
              "properties": {
                "contentType": "Username",
                "value": "[parameters('adminUsername')]",
                "attributes": {
                  "enabled": true
                }
              }
            },
            {
              "type": "Microsoft.KeyVault/vaults/secrets",
              "name": "[concat(parameters('KeyVaultName'),'/',parameters('vmName'),'-adminpass')]",
              "apiVersion": "2018-02-14",
              "properties": {
                "contentType": "pw",
                "value": "[parameters('adminPassword')]",
                "attributes": {
                  "enabled": true
                }
              }
            }
          ]
        }
      }
    },
    {
      "condition": "[equals(parameters('publicIPRequired'),'yes')]",
      "apiVersion": "[providers('Microsoft.Network','publicIPAddresses').apiVersions[0]]",
      "type": "Microsoft.Network/publicIPAddresses",
      "name": "[concat(variables('vmPublicIP'))]",
      "location": "[parameters('vmLocation')]",
      "sku": {
        "name": "[if(equals(parameters('Availability'),'AvailabilityZone'), 'Standard', 'Basic')]"
      },
      "zones": "[if(equals(parameters('Availability'),'AvailabilityZone'), variables('availabilityZone'), json('null'))]",
      "properties": {
        "publicIPAllocationMethod": "[if(equals(parameters('Availability'),'AvailabilityZone'), 'Static', 'Dynamic')]"
      }
    },
    {
      "apiVersion": "[providers('Microsoft.Network','networkInterfaces').apiVersions[0]]",
      "type": "Microsoft.Network/networkInterfaces",
      "name": "[variables('nicName')]",
      "location": "[parameters('vmLocation')]",
      "DependsOn": [
        "[resourceId('Microsoft.Network/publicIPAddresses', variables('vmPublicIP'))]"
      ],
      "properties": {
        "ipConfigurations": [
          {
            "name": "Prod",
            "properties": {
              "privateIPAllocationMethod": "Dynamic",
              "subnet": { "id": "[variables('subnetRef')]" },
              "publicIPAddress": "[if(equals(parameters('publicIPRequired'),'yes'), variables('publicIPAddress'), json('null'))]"
            }
          }
        ]
      }
    },
    {
      "apiVersion": "[providers('Microsoft.Compute','virtualMachines').apiVersions[0]]",
      "type": "Microsoft.Compute/virtualMachines",
      "name": "[parameters('vmName')]",
      "location": "[parameters('vmLocation')]",
      "dependsOn": [
        "[concat('Microsoft.Network/networkInterfaces/', variables('nicName'))]"
      ],
      "zones": "[if(equals(parameters('Availability'),'AvailabilityZone'), variables('availabilityZone'), json('null'))]",
      "tags": {
        "dxcManaged": "[parameters('dxcManaged')]",
        "dxcMonitored": "[parameters('dxcMonitored')]",
        "dxcEPAgent":"[parameters('dxcEPAgent')]",
        "dxcPatchGroup":"[parameters('dxcPatchGroup')]",
        "dxcBackup":"[if(equals(parameters('dxcBackup'),bool('true')),concat('{\"Required\":\"',parameters('dxcBackup'),'\", \"RecoveryVault\":\"',parameters('existingRecoveryServicesVault'),'\", \"BackupPolicy\":\"',parameters('existingBackupPolicy'),'\"}'),concat('{\"Required\":\"',parameters('dxcBackup'),'\"}'))]",
        "dxcConfigurationCheck": "",
        "Application": "[parameters('application')]",
        "DepartmentName": "[parameters('departmentName')]",
        "Project": "[parameters('project')]"
      },
      "plan": "[if(variables('images')[parameters('osVersion')].plan, variables('vmplan'), json('null'))]",
      "properties": {
        "availabilitySet": "[if(equals(parameters('Availability'),'AvailabilitySet'), variables('availabilitySet'), json('null'))]",
        "hardwareProfile": { "vmSize": "[parameters('vmSize')]" },
        "osProfile": {
          "computerName": "[parameters('vmName')]",
          "adminUsername": "[parameters('adminUsername')]",
          "adminPassword": "[parameters('adminPassword')]",
          "windowsConfiguration": {
            "enableAutomaticUpdates": false,
            "timeZone": "[parameters('timeZone')]"
          }
        },
        "storageProfile": {
          "imageReference": {
            "publisher": "[variables('images')[parameters('osVersion')].publisher]",
            "offer": "[variables('images')[parameters('osVersion')].offer]",
            "sku": "[variables('images')[parameters('osVersion')].sku]",
            "version": "[variables('images')[parameters('osVersion')].version]"
          },
          "osDisk": {
            "name": "[variables('osDiskName')]",
            "createOption": "FromImage",
            "caching": "ReadWrite",
            "managedDisk": {
              "storageAccountType": "[parameters('OSDiskType')]"
            }
          },
          "copy": [
            {
              "name": "dataDisks",
              "count": "[parameters('numberOfDataDisks')]",
              "input": {
                "lun": "[copyIndex('dataDisks')]",
                "name": "[concat(variables('DataDiskName'), copyIndex('dataDisks'))]",
                "createOption": "empty",
                "caching": "[parameters('dataDiskHostCaching')]",
                "writeAcceleratorEnabled": "false",
                "diskSizeGB": "[parameters('dataDiskSize')]",
                "managedDisk": {
                  "storageAccountType": "[parameters('dataDiskType')]"
                }
              }
            }
          ]
        },
        "networkProfile": {
          "networkInterfaces": [
            {
              "id": "[resourceId('Microsoft.Network/networkInterfaces',variables('nicName'))]"
            }
          ]
        },
        "diagnosticsProfile": {
          "bootDiagnostics": {
            "enabled": true,
            "storageUri": "[reference(resourceId(parameters('existingBootDiagStorageResourceGroup'), 'Microsoft.Storage/storageAccounts', parameters('existingBootDiagStorageName')), '2015-06-15').primaryEndpoints['blob']]"
          }
        }
      },
      "resources": [
        {
          "condition": "[equals(parameters('dxcMonitored'),bool('true'))]",
          "name": "[concat(parameters('vmName'),'/OMSAgent')]",
          "type": "Microsoft.Compute/virtualMachines/extensions",
          "apiVersion": "2018-10-01",
          "location": "[parameters('vmLocation')]",
          "dependsOn": [
            "[concat('Microsoft.Compute/virtualMachines/', parameters('vmName'))]"
          ],
          "properties": {
            "publisher": "Microsoft.EnterpriseCloud.Monitoring",
            "type": "MicrosoftMonitoringAgent",
            "typeHandlerVersion": "1.0",
            "autoUpgradeMinorVersion": true,
            "settings": { "workspaceId": "[parameters('workspaceId')]" },
            "protectedSettings": {
              "workspaceKey": "[parameters('workspaceKey')]"
            }
          }
        },
        {
          "apiVersion": "2018-10-01",
          "type": "Microsoft.Compute/virtualMachines/extensions",
          "name": "[concat(parameters('vmName'),'/JoinDomain')]",
          "location": "[parameters('vmLocation')]",
          "dependsOn": [
            "[concat('Microsoft.Compute/virtualMachines/', parameters('vmName'))]",
            "[concat('Microsoft.Compute/virtualMachines/', parameters('vmName'), variables('avExtensionName'))]"
          ],
          "properties": {
            "publisher": "Microsoft.Compute",
            "type": "JsonADDomainExtension",
            "typeHandlerVersion": "1.3",
            "autoUpgradeMinorVersion": true,
            "settings": {
              "Name": "[parameters('domainToJoin')]",
              "User": "[concat(parameters('domainToJoin'), '\\', parameters('domainUsername'))]",
              "OUPath": "[parameters('ouPath')]",
              "Restart": "true",
              "Options": "3"
            },
            "protectedsettings": {
              "Password": "[parameters('domainPassword')]"
            }
          }
        }
      ]
    },
    {
      "condition": "[equals(parameters('dxcEPAgent'),'crowdstrike')]",
      "name": "[concat(parameters('vmName'),'/CrowdStrikeAgent')]",
      "type": "Microsoft.Compute/virtualMachines/extensions",
      "location": "[parameters('vmLocation')]",
      "apiVersion": "2018-10-01",
      "dependsOn": [
        "[concat('Microsoft.Compute/virtualMachines/', parameters('vmName'))]",
        "[concat('Microsoft.Compute/virtualMachines/', parameters('vmName'), '/extensions/OMSAgent')]"
      ],
      "properties": {
        "publisher": "Microsoft.Compute",
        "type": "CustomScriptExtension",
        "typeHandlerVersion": "1.7",
        "autoUpgradeMinorVersion": true,
        "settings": { "fileUris": "[split(variables('fileUris'), ' ')]" },
        "protectedSettings": {
          "commandToExecute": "[concat ('powershell -ExecutionPolicy Unrestricted -File CrowdStrikeInstallerWithPassword.ps1 -CID ', parameters('csCID'), ' -UninstallPW ', parameters('csUninstallPW'))]",
          "storageAccountName": "dxcazuretoolsdev"
        }
      }
    },
    
    {
      "condition": "[and(or(equals(parameters('osVersion'),'2012-R2-Datacenter'),equals(parameters('osVersion'),'2008-R2-SP1')),equals(parameters('dxcEPAgent'),'azureDefender'))]",
      "type": "Microsoft.Compute/virtualMachines/extensions",
      "name": "[concat(parameters('vmName'),'/AntiMalware')]",
      "apiVersion": "2019-07-01",
      "location": "[parameters('vmLocation')]",
      "dependsOn": [
        "[concat('Microsoft.Compute/virtualMachines/', parameters('vmName'))]"
      ],

      "properties": {
        "publisher": "Microsoft.Azure.Security",
        "type": "IaaSAntimalware",
        "typeHandlerVersion": "1.3",
        "autoUpgradeMinorVersion": true,
        "settings": {
          "AntimalwareEnabled": "true",
          "Exclusions": {
            "Extensions": ".log;.ldf",
            "Paths": "D:\\IISlogs;D:\\DatabaseLogs",
            "Processes": "mssence.svc"
          },

          "RealtimeProtectionEnabled": "true",
          "ScheduledScanSettings": {
            "isEnabled": "true",
            "scanType": "Quick",
            "day": "7",
            "time": "120"
          }
        },
        "protectedSettings": null
      }
},
    {
      "condition": "[equals(parameters('dxcMonitored'),bool('true'))]",
      "name": "[concat(parameters('vmName'),'/DiagnosticExtension')]",
      "type": "Microsoft.Compute/virtualMachines/extensions",
      "location": "[parameters('vmLocation')]",
      "apiVersion": "2018-10-01",
      "dependsOn": [
        "[concat('Microsoft.Compute/virtualMachines/', parameters('vmName'))]",
        "[concat('Microsoft.Compute/virtualMachines/', parameters('vmName'), '/extensions/OMSAgent')]"
      ],
      "properties": {
        "publisher": "Microsoft.Azure.Diagnostics",
        "type": "IaaSDiagnostics",
        "typeHandlerVersion": "1.5",
        "autoUpgradeMinorVersion": true,
        "settings": {
          "xmlCfg": "[base64(concat(variables('wadcfgxstart'), variables('wadmetricsresourceid'), parameters('vmName'), variables('wadcfgxend')))]",
          "storageAccount": "[parameters('existingBootDiagStorageName')]"
        },
        "protectedSettings": {
          "storageAccountName": "[parameters('existingBootDiagStorageName')]",
          "storageAccountKey": "[listKeys(variables('storageAccountId'), '2017-10-01').keys[0].value]",
          "storageAccountEndPoint": "https://core.windows.net"
        }
      }
    },
    {
      "condition":"[equals(parameters('dxcBackup'),bool('true'))]",
      "apiVersion": "2017-05-10",
      "name": "[concat(parameters('vmName'), '-' , 'BackupIntent')]",
      "type": "Microsoft.Resources/deployments",
      "resourceGroup": "[parameters('existingRecoveryServicesVaultRG')]",
      "properties": {
        "mode": "Incremental",
        "template": {
          "$schema": "https://schema.management.azure.com/schemas/2019-04-01/deploymentTemplate.json#",
          "contentVersion": "1.0.0.0",
          "resources": [
            {
              "name": "[concat(parameters('existingRecoveryServicesVault'), '/', variables('backupFabric'), '/', variables('v2Vm'),resourceGroup().name,';', parameters('vmName'))]",
              "apiVersion": "2017-07-01",
              "type": "Microsoft.RecoveryServices/vaults/backupFabrics/backupProtectionIntent",
              "properties": {
                "friendlyName": "[concat(parameters('vmName'), 'BackupIntent')]",
                "protectionIntentItemType": "AzureResourceItem",
                "policyId": "[resourceId(parameters('existingRecoveryServicesVaultRG'), 'Microsoft.RecoveryServices/vaults/backupPolicies', parameters('existingRecoveryServicesVault'), parameters('existingBackupPolicy'))]",
                "sourceResourceId": "[resourceId(resourceGroup().name, 'Microsoft.Compute/virtualMachines', parameters('vmName'))]"
              }
            }
          ]
        }
      },
      "dependsOn": [
        "[concat('Microsoft.Compute/virtualMachines/', parameters('vmName'))]"
      ]
    }
  ],
  "outputs": {
    "OsVersion": {
      "type": "string",
      "value": "[parameters('osVersion')]"
    },
    "offer": {
      "type": "string",
      "value": "[variables('images')[parameters('osVersion')].offer]"
    },
    "publisher": {
      "type": "string",
      "value": "[variables('images')[parameters('osVersion')].publisher]"
    },
    "sku": {
      "type": "string",
      "value": "[variables('images')[parameters('osVersion')].sku]"
    },
    "version": {
      "type": "string",
      "value": "[variables('images')[parameters('osVersion')].version]"
    },
    "plan": {
      "type": "string",
      "value": "[concat('name: ', variables('vmplan').name, ' publisher: ', variables('vmplan').publisher, ' product: ', variables('vmplan').product)]"
    }
  }
}
