{
  "$schema": "https://schema.management.azure.com/schemas/2015-01-01/deploymentParameters.json#",
  "contentVersion": "1.0.0.0",
  "parameters": {
    "adminUsername": {
      "value": ""
    },
    "adminPassword": {
      "value": ""
    },
    "KeyVaultName": {
      "value": ""
    },
    "KeyVaultRG": {
      "value": ""
    },
    "osVersion": {
      "value": ""
    },
    "vmName": {
      "value": ""
    },
    "vmSize": {
      "value": ""
    },
    "vmLocation": {
      "value": ""
    },
    "timeZone": {
      "value": ""
    },
    "domainToJoin": {
      "value": ""
    },
    "domainUsername": {
      "value": ""
    },
    "domainPassword": {
      "value": ""
    },
    "ouPath": {
      "value": ""
    },
    "OSDiskType": {
      "value": "StandardSSD_LRS"
    },
    "numberOfDataDisks": {
      "value": 1
    },
    "dataDiskType": {
      "value": "StandardSSD_LRS"
    },
    "dataDiskSize": {
      "value": 128
    },
    "dataDiskHostCaching": {
      "value": "None"
    },
    "existingBootDiagStorageResourceGroup": {
      "value": ""
    },
    "existingBootDiagStorageName": {
      "value": ""
    },
    "existingvNetResourceGroup": {
      "value": ""
    },
    "existingvNetName": {
      "value": ""
    },
    "subnetName": {
      "value": ""
    },
    "publicIPRequired": {
      "value": ""
    },
    "Availability": {
      "value": ""
    },
    "existingAvailabilitySetName": {
      "value": ""
    },
    "zone": {
      "value": ""
    },
    "application": {
      "value": ""
    },
    "departmentName": {
      "value": ""
    },
    "project": {
      "value": ""
    },
    "workspaceId": {
      "value": ""
    },
    "workspaceKey": {
      "value": ""
    },
    "dxcEPAgent": {
      "reference": {
        "keyVault": {
          "id": "/subscriptions/your subscriptionId/resourceGroups/RG of your keyVault /providers/Microsoft.KeyVault/vaults/name of your keyvault"
        },
        "secretName": "securityAgent"
      }
    },
    "csCID": {
    "reference": {
        "keyVault": {
            "id": "/subscriptions/your subscriptionId/resourceGroups/RG of your keyVault /providers/Microsoft.KeyVault/vaults/name of your keyvault"
        },
        "secretName": "csCID"
    }
  },
    "csUninstallPW":{
      "value": ""
    },
    "existingRecoveryServicesVaultRG": {
      "value": ""
    },
    "existingRecoveryServicesVault": {
      "value": ""
    },
    "existingBackupPolicy": {
      "value": "DefaultPolicy"
    }
  }
}
