{
    "$schema": "https://schema.management.azure.com/schemas/2018-05-01/subscriptionDeploymentTemplate.json#",
    "contentVersion": "1.0.0.1",
    "parameters": {
        "RGName": {
            "type": "string",
            "metadata": {
                "description": "The name of the Resource Group."
            }
        },
        "RGLocation": {
            "type": "string",
            "metadata": {
                "description": "The location of the Resource Group."
            }
        }
    },
    "variables": {},
    "resources": [
        {
            "type": "Microsoft.Resources/resourceGroups",
            "apiVersion": "2018-05-01",
            "location": "[parameters('RGLocation')]",
            "name": "[parameters('RGName')]",
            "properties": {}
        }
    ],
    "outputs": {}
}