﻿{
  "properties": {
    "policyDefinitionId": "/providers/Microsoft.Authorization/policyDefinitions/5ee9e9ed-0b42-41b7-8c9c-3cfb2fbe2069",
    "parameters": {
      "logAnalytics": {
        "value": "[parameters('logAnalyticsWorkspaceForLinuxVMSS')]"
      },
      "listOfImageIdToInclude": {
        "value": "[parameters('listOfImageIdToIncludeForLinuxVMSS')]"
      }
    },
    "dependsOn": [
    
    ],
    "displayName": "[Preview]: Deploy Log Analytics Agent for Linux VM Scale Sets (VMSS)"
  },
  "kind": "policyAssignment",
  "id": "/providers/Microsoft.Blueprint/blueprints/NIST-SP-800-53-R4/artifacts/18e5b847-d4b8-44f6-846a-6698f1af9949",
  "type": "Microsoft.Blueprint/blueprints/artifacts",
  "name": "18e5b847-d4b8-44f6-846a-6698f1af9949"
}
