﻿{
  "properties": {
    "policyDefinitionId": "/providers/Microsoft.Authorization/policyDefinitions/053d3325-282c-4e5c-b944-24faffd30d77",
    "parameters": {
      "logAnalytics": {
        "value": "[parameters('logAnalyticsWorkspaceforLinuxVMs')]"
      },
      "listOfImageIdToInclude": {
        "value": "[parameters('listOfImageIdToIncludeforLinuxVMs')]"
      }
    },
    "dependsOn": [
    
    ],
    "displayName": "[Preview]: Deploy Log Analytics Agent for Linux VMs"
  },
  "kind": "policyAssignment",
  "id": "/providers/Microsoft.Blueprint/blueprints/NIST-SP-800-53-R4/artifacts/18e5b847-d4b8-44f6-846a-6698f1af9c61",
  "type": "Microsoft.Blueprint/blueprints/artifacts",
  "name": "18e5b847-d4b8-44f6-846a-6698f1af9c61"
}
