﻿{
  "properties": {
    "policyDefinitionId": "/providers/Microsoft.Authorization/policyDefinitions/a9b99dd8-06c5-4317-8629-9d86a3c6e7d9",
    "parameters": {
      
    },
    "dependsOn": [
    
    ],
    "displayName": "Deploy network watcher when virtual networks are created"
  },
  "kind": "policyAssignment",
  "id": "/providers/Microsoft.Blueprint/blueprints/NIST-SP-800-53-R4/artifacts/32129be1-833f-4614-9329-9c866f4f2521",
  "type": "Microsoft.Blueprint/blueprints/artifacts",
  "name": "32129be1-833f-4614-9329-9c866f4f2521"
}
