﻿{
  "properties": {
    "policyDefinitionId": "/providers/Microsoft.Authorization/policyDefinitions/465f0161-0087-490a-9ad9-ad6217f4f43a",
    "parameters": {
      
    },
    "dependsOn": [
    
    ],
    "displayName": "Require automatic OS image patching on Virtual Machine Scale Sets"
  },
  "kind": "policyAssignment",
  "id": "/providers/Microsoft.Blueprint/blueprints/NIST-SP-800-53-R4/artifacts/32129be1-833f-4614-9329-9c866f4f2e69",
  "type": "Microsoft.Blueprint/blueprints/artifacts",
  "name": "32129be1-833f-4614-9329-9c866f4f2e69"
}
