﻿{
  "properties": {
    "policyDefinitionId": "/providers/Microsoft.Authorization/policyDefinitions/6134c3db-786f-471e-87bc-8f479dc890f6",
    "parameters": {
      
    },
    "dependsOn": [
    
    ],
    "displayName": "Deploy Advanced Data Security on SQL servers"
  },
  "kind": "policyAssignment",
  "id": "/providers/Microsoft.Blueprint/blueprints/NIST-SP-800-53-R4/artifacts/b444e54e-e74c-4ddc-914c-9fd17f7b88c1",
  "type": "Microsoft.Blueprint/blueprints/artifacts",
  "name": "b444e54e-e74c-4ddc-914c-9fd17f7b88c1"
}
