{
    "$schema": " https://schema.management.azure.com/schemas/2018-05-01/deploymentTemplate.json#",
    "contentVersion": "1.0.0.0",
    "parameters": {
        "vaults_DXC_Maint_KV_name": {
            "defaultValue": "DXC-Maint-KV",
            "type": "string"
        },
		"CSUninstallSecret": {
            "type": "securestring",
            "metadata": {
                "description": "Password to secure Crowdstrike Installations" 
            }
        },
		"DomainJoinUser": {
            "type": "string",
			"metadata": {
                "description": "Username with permissions to join computers to the domain" 
            }
        },
		"DomainJoinPass": {
            "type": "securestring",
			"metadata": {
                "description": "Password for the Domain Join user" 
            }
        },
	         "tenantId":{
			"type":"string",
			"metadata": {
				"description": "Specifies the Azure Active Directory tenant ID that should be used for authenticating requests to the key vault."
			}
        },
		"AccessPolicyObjectID":{
			"type":"string",
            "defaultValue" : "",
			"metadata": {
				"description": "Object ID of Azure AD Group that should have access"
			}
		},
		"LogAnalyticsWorkspaceName" : {
			"type":"string",
			"metadata": {
				"description": "Name of Log Analytics Workspace in the DXC-Maint-RG"
			}
		},
		"LogAnalyticsWorkspaceId" : {
			"type":"string",
			"metadata": {
				"description": "ID of Log Analytics Workspace in the DXC-Maint-RG"
			}
		},
		"LogAnalyticsWorkspaceKey" : {
			"type":"securestring",
			"metadata": {
				"description": "Key to access Log Analytics Workspace in the DXC-Maint-RG"
			}
		},
		"SecurityAgent" : {
			"type":"string",
			"metadata": {
				"description": "Security Agent to be used for automated deployments crowdstrike/symantec"
			}
		},
		"CrowdstrikeCID" : {
			"type":"string",
			"metadata": {
				"description": "Customer ID for Crowdstrike"
			}
		},
		"MakeManagedSasToken" : {
			"type":"securestring",
			"metadata": {
				"description": "SAS token to access Make Managed templates Storage Account"
			}
		},
		"MakeManagedSasTokenqa" : {
			"type":"securestring",
			"metadata": {
				"description": "SAS token to access Make Managed templates QA and testing Storage Account"
			}
		},
		"SymantecCustomerId" : {
			"type":"string",
			"metadata": {
				"description": "Symantec CWP Customer ID"
			}
		},
		"SymantecDomainId" : {
			"type":"string",
			"metadata": {
				"description": "Symantec CWP Domain ID"
			}
		},
		"SymantecClientId" : {
			"type":"string",
			"metadata": {
				"description": "Symantec CWP Client ID"
			}
		},
		"SymantecClientSecretKey" : {
			"type":"securestring",
			"metadata": {
				"description": "Symantec CWP Client Key"
			}
		},
		"SymantecCustomerSecretKey" : {
			"type":"securestring",
			"metadata": {
				"description": "Symantec CWP Customer Key"
			}
        },
        "ITSMIntegrationUser" : {
			"type":"securestring",
			"metadata": {
				"description": "OMS Integration User Name"
            }
        },
        "ITSMIntegrationPass" : {
			"type":"securestring",
			"metadata": {
				"description": "OMS Integration User Password"
			}
        },
	"dxcConfigurationCheck": {
            "type": "string",
            "defaultValue": "[utcNow()]",
            "metadata": {
                 "description": "tag to indicate when the configuration was validated"
            }
        }
	
    },
    "variables": {
	    "subID":"[subscription().subscriptionId]",
	    "rgName":"[resourceGroup().name]",
    	"workspaceResourceId":"[concat('/subscriptions/',variables('subID'),'/resourcegroups/',variables('rgName'),'/providers/microsoft.operationalinsights/workspaces/',parameters('LogAnalyticsWorkspaceName'))]"
    },
    "resources": [  
        {
            "comments": "Key Vault for storage and retrieval of secrets for use by Service NOW and ARM templates",
            "type": "Microsoft.KeyVault/vaults",
            "name": "[parameters('vaults_DXC_Maint_KV_name')]",
            "apiVersion": "2018-02-14",
            "location": "[resourceGroup().location]",
            "tags": {
                "dxcManaged": "True",
                "dxcMonitored": "True",
		"dxcConfigurationCheck": "[parameters('dxcConfigurationCheck')]"
            }, 
            "properties": {
                "sku": {
                    "family": "A",
                    "name": "standard"
                },
                "tenantId": "[parameters('tenantId')]",
                "enabledForDeployment": false,
                "enabledForDiskEncryption": false,
                "enabledForTemplateDeployment": true,
                "accessPolicies": [{
                    "tenantId": "[parameters('tenantId')]",
                    "objectId": "[parameters('AccessPolicyObjectID')]",
                    "permissions": {
                        "keys": [],
                        "certificates": [],
                        "secrets": [
                            "get",
                            "list",
                            "set",
                            "delete",
                            "recover",
                            "backup",
                            "restore"
                        ]
                    }
                }]
            },
			"resources": [
                {
                    "type": "providers/diagnosticSettings",
                    "name": "Microsoft.Insights/DXCdiagnostics",
                    "apiVersion": "2017-05-01-preview",
                    "dependsOn": [
                      "[concat('Microsoft.KeyVault/vaults/', parameters('vaults_DXC_Maint_KV_name'))]"],
                    "properties": {
                        "workspaceId": "[variables('workspaceResourceId')]",
                        "logs": [{
                                "category": "AuditEvent",
                                "enabled": true,
                                "retentionPolicy": {
                                    "days": 0,
                                    "enabled": false
                                }
                            }
                        ],
                        "metrics": [{
                            "category": "AllMetrics",
                            "enabled": true,
                            "retentionPolicy": {
                            "enabled": false,
                            "days": 0
                            }
                        }
                        ]
                    }
                }
            ],
            "dependsOn": []
        },
        {
            "comments": "Secret to be used to secure CrowdStrike installations against unauthorised uninstallation",
            "type": "Microsoft.KeyVault/vaults/secrets",
            "name": "[concat(parameters('vaults_DXC_Maint_KV_name'), '/', 'CSuninstall')]",
            "apiVersion": "2016-10-01",
            "location": "[resourceGroup().location]",
            "properties": {
				"value": "[parameters('CSUninstallSecret')]",
                "attributes": {
                    "enabled": true
                }
            },
            "dependsOn": [
                "[resourceId('Microsoft.KeyVault/vaults', parameters('vaults_DXC_Maint_KV_name'))]"
            ]
        },
        {
            "comments": "Secret to be used to store Username with permissions to Join computers to the domain",
            "type": "Microsoft.KeyVault/vaults/secrets",
            "name": "[concat(parameters('vaults_DXC_Maint_KV_name'), '/', 'DomainJoinUser')]",
            "apiVersion": "2016-10-01",
            "location": "[resourceGroup().location]",
            "properties": {
				"value": "[parameters('DomainJoinUser')]",
                "attributes": {
                    "enabled": true
                }
            },
            "dependsOn": [
                "[resourceId('Microsoft.KeyVault/vaults', parameters('vaults_DXC_Maint_KV_name'))]"
            ]
        },
        {
            "comments": "Secret to be used to secure CrowdStrike installations against unauthorised uninstallation",
            "type": "Microsoft.KeyVault/vaults/secrets",
            "name": "[concat(parameters('vaults_DXC_Maint_KV_name'), '/', 'DomainJoinPass')]",
            "apiVersion": "2016-10-01",
            "location": "[resourceGroup().location]",
            "properties": {
				"value": "[parameters('DomainJoinPass')]",
                "attributes": {
                    "enabled": true
                }
            },
            "dependsOn": [
                "[resourceId('Microsoft.KeyVault/vaults', parameters('vaults_DXC_Maint_KV_name'))]"
            ]
        },
        {
            "comments": "Secret to be used for Azure Monitor Workspace Name",
            "type": "Microsoft.KeyVault/vaults/secrets",
            "name": "[concat(parameters('vaults_DXC_Maint_KV_name'), '/', 'omsname')]",
            "apiVersion": "2016-10-01",
            "location": "[resourceGroup().location]",
            "properties": {
				"value": "[parameters('LogAnalyticsWorkspaceName')]",
                "attributes": {
                    "enabled": true
                }
            },
            "dependsOn": [
                "[resourceId('Microsoft.KeyVault/vaults', parameters('vaults_DXC_Maint_KV_name'))]"
            ]
        },{
            "comments": "Secret to be used for Azure Monitor Workspace ID",
            "type": "Microsoft.KeyVault/vaults/secrets",
            "name": "[concat(parameters('vaults_DXC_Maint_KV_name'), '/', 'omsid')]",
            "apiVersion": "2016-10-01",
            "location": "[resourceGroup().location]",
            "properties": {
				"value": "[parameters('LogAnalyticsWorkspaceId')]",
                "attributes": {
                    "enabled": true
                }
            },
            "dependsOn": [
                "[resourceId('Microsoft.KeyVault/vaults', parameters('vaults_DXC_Maint_KV_name'))]"
            ]
        },
        {
            "comments": "Secret to be used to for Azure Monitor Workspace ID",
            "type": "Microsoft.KeyVault/vaults/secrets",
            "name": "[concat(parameters('vaults_DXC_Maint_KV_name'), '/', 'omskey')]",
            "apiVersion": "2016-10-01",
            "location": "[resourceGroup().location]",
            "properties": {
				"value": "[parameters('LogAnalyticsWorkspaceKey')]",
                "attributes": {
                    "enabled": true
                }
            },
            "dependsOn": [
                "[resourceId('Microsoft.KeyVault/vaults', parameters('vaults_DXC_Maint_KV_name'))]"
            ]
        },
        {
            "comments": "Secret to be used to for the Security Agent value",
            "type": "Microsoft.KeyVault/vaults/secrets",
            "name": "[concat(parameters('vaults_DXC_Maint_KV_name'), '/', 'SecurityAgent')]",
            "apiVersion": "2016-10-01",
            "location": "[resourceGroup().location]",
            "properties": {
				"value": "[parameters('SecurityAgent')]",
                "attributes": {
                    "enabled": true
                }
            },
            "dependsOn": [
                "[resourceId('Microsoft.KeyVault/vaults', parameters('vaults_DXC_Maint_KV_name'))]"
            ]
        },
        {
            "comments": "Secret to be used to for the Crowdstrike CID",
            "type": "Microsoft.KeyVault/vaults/secrets",
            "name": "[concat(parameters('vaults_DXC_Maint_KV_name'), '/', 'cscid')]",
            "apiVersion": "2016-10-01",
            "location": "[resourceGroup().location]",
            "properties": {
				"value": "[parameters('CrowdstrikeCID')]",
                "attributes": {
                    "enabled": true
                }
            },
            "dependsOn": [
                "[resourceId('Microsoft.KeyVault/vaults', parameters('vaults_DXC_Maint_KV_name'))]"
            ]
        },
        {
            "comments": "Secret to be used as the SAS Token to access the public Storage Account holding the ARM templates",
            "type": "Microsoft.KeyVault/vaults/secrets",
            "name": "[concat(parameters('vaults_DXC_Maint_KV_name'), '/', 'makeMgdSasToken')]",
            "apiVersion": "2016-10-01",
            "location": "[resourceGroup().location]",
            "properties": {
				"value": "[parameters('MakeManagedSasToken')]",
                "attributes": {
                    "enabled": true
                }
            },
            "dependsOn": [
                "[resourceId('Microsoft.KeyVault/vaults', parameters('vaults_DXC_Maint_KV_name'))]"
            ]
        },
        {
            "comments": "Secret to be used as the SAS Token to access the public Storage Account holding the ARM templates",
            "type": "Microsoft.KeyVault/vaults/secrets",
            "name": "[concat(parameters('vaults_DXC_Maint_KV_name'), '/', 'makeMgdSasTokenqa')]",
            "apiVersion": "2016-10-01",
            "location": "[resourceGroup().location]",
            "properties": {
				"value": "[parameters('MakeManagedSasTokenqa')]",
                "attributes": {
                    "enabled": true
                }
            },
            "dependsOn": [
                "[resourceId('Microsoft.KeyVault/vaults', parameters('vaults_DXC_Maint_KV_name'))]"
            ]
        },
        {
            "comments": "Secret to be used for Symantec Customer ID",
            "type": "Microsoft.KeyVault/vaults/secrets",
            "name": "[concat(parameters('vaults_DXC_Maint_KV_name'), '/', 'SymantecCustomerId')]",
            "apiVersion": "2016-10-01",
            "location": "[resourceGroup().location]",
            "properties": {
				"value": "[parameters('SymantecCustomerId')]",
                "attributes": {
                    "enabled": true
                }
            },
            "dependsOn": [
                "[resourceId('Microsoft.KeyVault/vaults', parameters('vaults_DXC_Maint_KV_name'))]"
            ]
        },
        {
            "comments": "Secret to be used for Symantec SymantecDomainId",
            "type": "Microsoft.KeyVault/vaults/secrets",
            "name": "[concat(parameters('vaults_DXC_Maint_KV_name'), '/', 'SymantecDomainId')]",
            "apiVersion": "2016-10-01",
            "location": "[resourceGroup().location]",
            "properties": {
				"value": "[parameters('SymantecDomainId')]",
                "attributes": {
                    "enabled": true
                }
            },
            "dependsOn": [
                "[resourceId('Microsoft.KeyVault/vaults', parameters('vaults_DXC_Maint_KV_name'))]"
            ]
        },
        {
            "comments": "Secret to be used for Symantec SymantecClientId",
            "type": "Microsoft.KeyVault/vaults/secrets",
            "name": "[concat(parameters('vaults_DXC_Maint_KV_name'), '/', 'SymantecClientId')]",
            "apiVersion": "2016-10-01",
            "location": "[resourceGroup().location]",
            "properties": {
				"value": "[parameters('SymantecClientId')]",
                "attributes": {
                    "enabled": true
                }
            },
            "dependsOn": [
                "[resourceId('Microsoft.KeyVault/vaults', parameters('vaults_DXC_Maint_KV_name'))]"
            ]
        },
        {
            "comments": "Secret to be used for Symantec SymantecClientSecretKey",
            "type": "Microsoft.KeyVault/vaults/secrets",
            "name": "[concat(parameters('vaults_DXC_Maint_KV_name'), '/', 'SymantecClientSecretKey')]",
            "apiVersion": "2016-10-01",
            "location": "[resourceGroup().location]",
            "properties": {
				"value": "[parameters('SymantecClientSecretKey')]",
                "attributes": {
                    "enabled": true
                }
            },
            "dependsOn": [
                "[resourceId('Microsoft.KeyVault/vaults', parameters('vaults_DXC_Maint_KV_name'))]"
            ]
        },
        {
            "comments": "Secret to be used for Symantec",
            "type": "Microsoft.KeyVault/vaults/secrets",
            "name": "[concat(parameters('vaults_DXC_Maint_KV_name'), '/', 'SymantecCustomerSecretKey')]",
            "apiVersion": "2016-10-01",
            "location": "[resourceGroup().location]",
            "properties": {
				"value": "[parameters('SymantecCustomerSecretKey')]",
                "attributes": {
                    "enabled": true
                }
            },
            "dependsOn": [
                "[resourceId('Microsoft.KeyVault/vaults', parameters('vaults_DXC_Maint_KV_name'))]"
            ]
        },
        {
            "comments": "Secret to be used for OMS Integration User Name",
            "type": "Microsoft.KeyVault/vaults/secrets",
            "name": "[concat(parameters('vaults_DXC_Maint_KV_name'), '/', 'ITSMIntegrationUser')]",
            "apiVersion": "2016-10-01",
            "location": "[resourceGroup().location]",
            "properties": {
				"value": "[parameters('ITSMIntegrationUser')]",
                "attributes": {
                    "enabled": true
                }
            },
            "dependsOn": [
                "[resourceId('Microsoft.KeyVault/vaults', parameters('vaults_DXC_Maint_KV_name'))]"
            ]
        },
        {
            "comments": "Secret to be used for OMS Integration Password",
            "type": "Microsoft.KeyVault/vaults/secrets",
            "name": "[concat(parameters('vaults_DXC_Maint_KV_name'), '/', 'ITSMIntegrationPass')]",
            "apiVersion": "2016-10-01",
            "location": "[resourceGroup().location]",
            "properties": {
				"value": "[parameters('ITSMIntegrationPass')]",
                "attributes": {
                    "enabled": true
                }
            },
            "dependsOn": [
                "[resourceId('Microsoft.KeyVault/vaults', parameters('vaults_DXC_Maint_KV_name'))]"
            ]
        }
    ]
}

