{
"$schema": "https://schema.management.azure.com/schemas/2015-01-01/deploymentTemplate.json#",
"contentVersion": "1.0.0.0",
"parameters": 
    {
    "functionAppName": 
        {
        "type": "string",
        "metadata": {"description": "Name of the FunctionApp."}
        },
    "applicationName": 
        {
        "type": "string",
        "metadata": {"description": "Name of the Application."}
        },
    "alertSeverity": 
        {
        "type": "string",
        "metadata": {"description": "Severity of the Alert."}
        },
    "logSeverityLevel": 
        {
        "type": "string",
        "metadata": {"description": "LogSeverity condition in Application Insight."}
        },
    "appInsightsName": 
        {
        "type": "string",
        "metadata": {"description": "Name of the Application Insights resource"}
        },
    "appInsightsResourceGroup": 
        {
        "type": "string",
        "metadata": {"description": "The Application Insights resource group"}
        },
    "logAnalyticsWorkspaceName": 
        {
        "type": "string",
        "metadata": {"description": "The Log Analytics workspace name"}
        },
    "logAnalyticsWorkspaceLocation": 
        {
        "type": "string",
        "metadata": {"description": "Locaton of the Log Analytics workspace"}
        },
    "logAnalyticsWorkspaceResourceGroup": 
        {
        "type": "string",
        "metadata": {"description": "The Log Analytics (Azure Monitor) resource group"}
        },
    "eventProcessingSchema":
        {
        "type": "string",
        "metadata": {"description": "Event Processing Schema version these alerts. This field is used by SNOW to determine which event processing rule to apply."}
        },
    "alertVersion": 
        {
        "type": "string",
        "metadata": {"description": "The version of these alerts. This is prepended to the description before sending to ServiceNow for 'version tagging' purposes."}
        }
    },
"variables": 
    {
    "subsId": "[subscription().subscriptionId]",
    "functionAppResourceId": "[resourceId('microsoft.web/sites', parameters('functionAppName'))]",
    "appInsightResourceId": "[resourceId(parameters('appInsightsResourceGroup'), 'Microsoft.Insights/components', parameters('appInsightsName'))]",
    "logAnalyticsResourceId": "[resourceId(parameters('logAnalyticsWorkspaceResourceGroup'),'Microsoft.OperationalInsights/workspaces', parameters('logAnalyticsWorkspaceName'))]",
    "alertTag": "[concat('hidden-link:', variables('logAnalyticsResourceId'))]",
    "alertQuery": "[concat('traces | where notempty(operation_Name) and cloud_RoleName =~ ', '''', parameters('functionAppName'), '''', ' | extend ApplicationName = ', '''', parameters('applicationName'), '''', ', functionName = operation_Name, functionAppName = cloud_RoleName | where severityLevel ')]",                                                                                      
    "eventType": "Exception",
    "eventResource": "strcat('Application - ', ApplicationName)",
    "eventFormat": "FunctionApp",
    "severityArray": 
        {
        "Critical":         {"alertSeverity": "0", "actionGroupName": "DXC-AG-Critical"},
        "Major":            {"alertSeverity": "1", "actionGroupName": "DXC-AG-Major"},
        "Minor":            {"alertSeverity": "2", "actionGroupName": "DXC-AG-Minor"},
        "Warning":          {"alertSeverity": "3", "actionGroupName": "DXC-AG-Warning"},
        "Informational":    {"alertSeverity": "4", "actionGroupName": "DXC-AG-Informational"}
        }
    },
"resources": 
    [
        {
        "type": "Microsoft.Insights/scheduledQueryRules",
        "apiVersion": "2018-04-16",
        "name": "[concat('DXC-', Parameters('alertSeverity'), '-', Parameters('functionAppName'), '-FunctionExceptions')]",
        "location": "[parameters('logAnalyticsWorkspaceLocation')]",
        "dependsOn": [],
        "tags": {"[variables('alertTag')]": "Resource"},
        "properties": 
            {
            "description": "[concat('Version:', parameters('alertVersion'), ' Function triggered a ', toLower(Parameters('alertSeverity')), ' exceptions alert. See message string for more information.')]",
            "enabled": "true",
            "source": 
                {
                "query": "[concat('app(', '''', variables('appInsightResourceId'), '''', ').', variables('alertQuery'), Parameters('logSeverityLevel'), ' | extend SubscriptionId = ', '''', variables('subsId'), '''', ', Resource = functionAppName, ResourceId = ', '''', variables('functionAppResourceId'), '''',', eventType = ', '''', variables('eventType'), '''',', eventResource = ', variables('eventResource'), ', eventFormat = ', '''', variables('eventFormat'), '''', ', eventProcessingSchema = ', '''', parameters('eventProcessingSchema'), '''')]",
                "dataSourceId": "[variables('logAnalyticsResourceId')]",
                "authorizedResources": "[concat(array(variables('logAnalyticsResourceId')), array(variables('appInsightResourceId')))]",
                "queryType": "ResultCount"
                },
            "schedule": 
                {
                "frequencyInMinutes": 5,
                "timeWindowInMinutes": 5
                },
            "action": 
                {
                "odata.type": "Microsoft.WindowsAzure.Management.Monitoring.Alerts.Models.Microsoft.AppInsights.Nexus.DataContracts.Resources.ScheduledQueryRules.AlertingAction",
                "severity": "[variables('severityArray')[Parameters('alertSeverity')].alertSeverity]",
                "throttlingInMin": 0,
                "aznsAction": {"actionGroup": "[array(resourceId('Microsoft.Insights/actionGroups', variables('severityArray')[Parameters('alertSeverity')].actionGroupName))]"},
                "trigger": 
                    {
                    "thresholdOperator": "GreaterThan",
                    "threshold": 0
                    }
                }
            }
        }
    ]
}
