{
"$schema": "https://schema.management.azure.com/schemas/2015-01-01/deploymentTemplate.json#",
"contentVersion": "1.0.0.0",
"parameters": 
    {
    "functionAppName": 
        {
        "type": "string",
        "metadata": {"description": "Name of the FunctionApp."}
        },
    "applicationName": 
        {
        "type": "string",
        "metadata": {"description": "Name of the Application."}
        },
    "appInsightsName": 
        {
        "type": "string",
        "metadata": {"description": "Name of the Application Insights resource"}
        },
    "appInsightsResourceGroup": 
        {
        "type": "string",
        "metadata": {"description": "The Application Insights resource group"}
        },
    "logAnalyticsWorkspaceName": 
        {
        "type": "string",
        "metadata": {"description": "The Log Analytics workspace name"}
        },
    "logAnalyticsWorkspaceLocation": 
        {
        "type": "string",
        "metadata": {"description": "Locaton of the Log Analytics workspace"}
        },
    "logAnalyticsWorkspaceResourceGroup": 
        {
        "type": "string",
        "metadata": {"description": "The Log Analytics (Azure Monitor) resource group"}
        },
    "eventProcessingSchema":
        {
        "type": "string",
        "metadata": {"description": "Event Processing Schema version these alerts. This field is used by SNOW to determine which event processing rule to apply."}
        },
    "alertVersion": 
        {
        "type": "string",
        "metadata": {"description": "The version of these alerts. This is prepended to the description before sending to ServiceNow for 'version tagging' purposes."}
        }
    },
"variables": 
    {
    "subsId": "[subscription().subscriptionId]",
    "functionAppResourceId": "[resourceId('microsoft.web/sites', parameters('functionAppName'))]",
    "appInsightResourceId": "[resourceId(parameters('appInsightsResourceGroup'), 'Microsoft.Insights/components', parameters('appInsightsName'))]",
    "logAnalyticsResourceId": "[resourceId(parameters('logAnalyticsWorkspaceResourceGroup'),'Microsoft.OperationalInsights/workspaces', parameters('logAnalyticsWorkspaceName'))]",
    "alertTag": "[concat('hidden-link:', variables('logAnalyticsResourceId'))]",                                                                                     
    "eventType": "Exception",
    "eventResource": "strcat('Application - ', ApplicationName)",
    "eventFormat": "FunctionApp",
    "severityArray": 
        {
        "Critical":         {"alertSeverity": "0", "actionGroupName": "DXC-AG-Critical"},
        "Major":            {"alertSeverity": "1", "actionGroupName": "DXC-AG-Major"},
        "Minor":            {"alertSeverity": "2", "actionGroupName": "DXC-AG-Minor"},
        "Warning":          {"alertSeverity": "3", "actionGroupName": "DXC-AG-Warning"},
        "Informational":    {"alertSeverity": "4", "actionGroupName": "DXC-AG-Informational"}
        },
    "customerCode": "DXC",
    "alertArray": 
        [
            {
            "alertName": "Exception Triggered",
            "alertDescription": "The java function has trigered a Critical exception.",
            "alertMessageFilter": "Java Severe Exception:",
            "alertSeverity": "Critical"
            },
            {
            "alertName": "Exception Triggered",
            "alertDescription": "The java function has trigered a Major exception.",
            "alertMessageFilter": "Java Warning Exception:",
            "alertSeverity": "Major"
            },
            {
            "alertName": "Exception Triggered",
            "alertDescription": "The java function has trigered an Informational exception.",
            "alertMessageFilter": "Java Infornation Logging:",
            "alertSeverity": "Informational"
            }
        ]
    },
"resources": 
    [
        {
        "type": "Microsoft.Insights/scheduledQueryRules",
        "apiVersion": "2018-04-16",
        "name": "[concat(toUpper(variables('customerCode')), '-', variables('alertArray')[copyIndex()].alertSeverity, '-', parameters('functionAppName'), '-', variables('alertArray')[copyIndex()].alertName)]",
        "location": "[parameters('logAnalyticsWorkspaceLocation')]",
        "dependsOn": [],
        "tags": {"[variables('alertTag')]": "Resource"},
        "properties": 
            {
            "description": "[concat('Version:', parameters('alertVersion'), ' ', variables('alertArray')[copyIndex()].alertDescription)]",
            "enabled": "true",
            "source": 
                {
                "query": "[concat('app(', '''', variables('appInsightResourceId'), '''', ').traces | where message contains ', '''', variables('alertArray')[copyIndex()].alertMessageFilter, '''', ' | where notempty(operation_Name) and timestamp > ago(10m) and timestamp < ago(5m) and cloud_RoleName =~ ', '''', parameters('functionAppName'), '''', ' | extend functionName = operation_Name, functionAppName = cloud_RoleName, ApplicationName = ', '''', parameters('applicationName'), '''', ' | extend SubscriptionId = ', '''', variables('subsId'), '''', ', Resource = functionAppName, ResourceId = ', '''', variables('functionAppResourceId'), '''',', eventType = ', '''', variables('eventType'), '''',', eventResource = ', variables('eventResource'), ', eventFormat = ', '''', variables('eventFormat'), '''', ', eventProcessingSchema = ', '''', parameters('eventProcessingSchema'), '''')]",
                "dataSourceId": "[variables('logAnalyticsResourceId')]",
                "authorizedResources": "[concat(array(variables('logAnalyticsResourceId')), array(variables('appInsightResourceId')))]",
                "queryType": "ResultCount"
                },
            "schedule": 
                {
                "frequencyInMinutes": 5,
                "timeWindowInMinutes": 10
                },
            "action": 
                {
                "odata.type": "Microsoft.WindowsAzure.Management.Monitoring.Alerts.Models.Microsoft.AppInsights.Nexus.DataContracts.Resources.ScheduledQueryRules.AlertingAction",
                "severity": "[variables('severityArray')[variables('alertArray')[copyIndex()].alertSeverity].alertSeverity]",
                "throttlingInMin": 0,
                "aznsAction": {"actionGroup": "[array(resourceId('Microsoft.Insights/actionGroups', variables('severityArray')[variables('alertArray')[copyIndex()].alertSeverity].actionGroupName))]"},
                "trigger": 
                    {
                    "thresholdOperator": "GreaterThan",
                    "threshold": 0
                    }
                }
            },
        "copy": 
            {
            "name": "queryrules",
            "count": "[length(variables('alertArray'))]"
            }
        }
    ]
}
