{
"$schema": "https://schema.management.azure.com/schemas/2015-01-01/deploymentTemplate.json#",
"contentVersion": "1.0.0.0",
"parameters": 
    {
    "functionAppName": 
        {
        "type": "string",
        "metadata": {"description": "Name of the FunctionApp."}
        },
    "applicationName": 
        {
        "type": "string",
        "metadata": {"description": "Name of the Application."}
        },
    "appInsightsName": 
        {
        "type": "string",
        "metadata": {"description": "Name of the Application Insights resource"}
        },
    "appInsightsResourceGroup": 
        {
        "type": "string",
        "metadata": {"description": "The Application Insights resource group"}
        },
    "logAnalyticsWorkspaceName": 
        {
        "type": "string",
        "metadata": {"description": "The Log Analytics workspace name"}
        },
    "logAnalyticsWorkspaceLocation": 
        {
        "type": "string",
        "metadata": {"description": "Locaton of the Log Analytics workspace"}
        },
    "logAnalyticsWorkspaceResourceGroup": 
        {
        "type": "string",
        "metadata": {"description": "The Log Analytics (Azure Monitor) resource group"}
        },
    "eventProcessingSchema":
        {
        "type": "string",
        "metadata": {"description": "Event Processing Schema version these alerts. This field is used by SNOW to determine which event processing rule to apply."}
        },
    "alertVersion": 
        {
        "type": "string",
        "metadata": {"description": "The version of these alerts. This is prepended to the description before sending to ServiceNow for 'version tagging' purposes."}
        }
    },
"variables": 
    {
    "subsId": "[subscription().subscriptionId]",
    "appInsightResourceId": "[resourceId(parameters('appInsightsResourceGroup'), 'Microsoft.Insights/components', parameters('appInsightsName'))]",
    "logAnalyticsResourceId": "[resourceId(parameters('logAnalyticsWorkspaceResourceGroup'),'Microsoft.OperationalInsights/workspaces', parameters('logAnalyticsWorkspaceName'))]",
    "alertTag": "[concat('hidden-link:', variables('logAnalyticsResourceId'))]",
    "functionAppResourceId": "strcat('/subscriptions/', SubscriptionId, '/resourceGroups/', ResourceGroupName, '/providers/Microsoft.Web/sites/', Resource)",
    "eventResource": "strcat('Application - ', ApplicationName)",
    "actionGroupArray": 
        {
        "Critical":         {"alertSeverity": "0", "actionGroupName": "DXC-AG-Critical"},
        "Major":            {"alertSeverity": "1", "actionGroupName": "DXC-AG-Major"},
        "Minor":            {"alertSeverity": "2", "actionGroupName": "DXC-AG-Minor"},
        "Warning":          {"alertSeverity": "3", "actionGroupName": "DXC-AG-Warning"},
        "Informational":    {"alertSeverity": "4", "actionGroupName": "DXC-AG-Informational"}
        },
    "alertsArray": 
        [
            {
            "alertName": "DXC-<Severity>-<FunctionAppName>-FunctionFailure",
            "description": "Function has encountered an issue and has failed",
            "alertSeverity": "Major",
            "alertQuery": "requests | where success == False",
            "alertThresholdValue": 0,
            "operator": "GreaterThan",
            "alertThrottleInMinutes": 0,
            "scheduleIntervalInMinutes": 5,
            "scheduleQueryTimeSpan": 10,
            "eventType": "FunctionFailure",
            "eventFormat": "FunctionApp"
           },
           {
           "alertName": "DXC-<Severity>-<FunctionAppName>-FunctionTimeout",
           "description": "Function has been Timeout",
           "alertSeverity": "Major",
           "alertQuery": "exceptions | where customDimensions.LogLevel == 'Error' and type == 'Microsoft.Azure.WebJobs.Host.FunctionTimeoutException'",
           "alertThresholdValue": 0,
           "operator": "GreaterThan",
           "alertThrottleInMinutes": 0,
           "scheduleIntervalInMinutes": 5,
           "scheduleQueryTimeSpan": 10,
           "eventType": "TimeOut",
           "eventFormat": "FunctionApp"
           },
             {
            "alertName": "DXC-<Severity>-<FunctionAppName>-Outage",
            "description": "The Function App has either been stopped or it has been restarted but didn't come back online.",
            "alertSeverity": "Major",
            "alertQuery": "[concat('traces | where timestamp between(ago(25m) .. ago(10m)) and cloud_RoleName =~ ', '''', parameters('functionAppName'), '''', ' and message contains ''Stopping JobHost'' | project timestamp, cloud_RoleName, cloud_RoleInstance, appId | where cloud_RoleName !in ((app(', '''', variables('appInsightResourceId'), '''', ').traces | where timestamp between(ago(25m) .. ago(6m)) and cloud_RoleName =~ ', '''', parameters('functionAppName'), '''', ' and message contains ''Job host started'' | summarize by cloud_RoleName))')]",
            "alertThresholdValue": 0,
            "operator": "GreaterThan",
            "alertThrottleInMinutes": 0,
            "scheduleIntervalInMinutes": 5,
            "scheduleQueryTimeSpan": 15,
            "eventType": "Outage",
            "eventFormat": "FunctionApp"
            }
        ]
    },
"resources": 
    [
        {
        "type": "Microsoft.Insights/scheduledQueryRules",
        "apiVersion": "2018-04-16",
        "name": "[replace(replace(variables('alertsArray')[copyIndex()].alertName, '<FunctionAppName>', parameters('functionAppName')), '<Severity>', variables('alertsArray')[copyIndex()].alertSeverity)]",
        "location": "[parameters('logAnalyticsWorkspaceLocation')]",
        "dependsOn": [],
        "tags": {"[variables('alertTag')]": "Resource"},
        "properties": 
            {
            "description": "[concat('Version:', parameters('alertVersion'), ' ', variables('alertsArray')[copyIndex()].description)]",
            "enabled": "true",
            "source": 
                {
                "query": "[concat('app(', '''', variables('appInsightResourceId'), '''', ').', variables('alertsArray')[copyIndex()].alertQuery, ' | extend ApplicationName = ', '''', parameters('applicationName'), '''', ', ResourceGroupName = ', '''', parameters('appInsightsResourceGroup'), '''', ', SubscriptionId = ', '''', variables('subsId'), '''', ', Resource = cloud_RoleName | extend ResourceId = ', variables('functionAppResourceId'),', eventType = ', '''', variables('alertsArray')[copyIndex()].eventType, '''',', eventResource = ', variables('eventResource'), ', eventFormat = ', '''', variables('alertsArray')[copyIndex()].eventFormat, '''', ', eventProcessingSchema = ', '''', parameters('eventProcessingSchema'), '''')]",
                "dataSourceId": "[variables('logAnalyticsResourceId')]",
                "authorizedResources": "[concat(array(variables('logAnalyticsResourceId')), array(variables('appInsightResourceId')))]",
                "queryType": "ResultCount"
                },
            "schedule": 
                {
                "frequencyInMinutes": "[variables('alertsArray')[copyIndex()].scheduleIntervalInMinutes]",
                "timeWindowInMinutes": "[variables('alertsArray')[copyIndex()].scheduleQueryTimeSpan]"
                },
            "action": 
                {
                "odata.type": "Microsoft.WindowsAzure.Management.Monitoring.Alerts.Models.Microsoft.AppInsights.Nexus.DataContracts.Resources.ScheduledQueryRules.AlertingAction",
                "severity": "[variables('actionGroupArray')[variables('alertsArray')[copyIndex()].alertSeverity].alertSeverity]",
                "throttlingInMin": "[variables('alertsArray')[copyIndex()].alertThrottleInMinutes]",
                "aznsAction": {"actionGroup": "[array(resourceId('Microsoft.Insights/actionGroups', variables('actionGroupArray')[variables('alertsArray')[copyIndex()].alertSeverity].actionGroupName))]"},
                "trigger": 
                    {
                    "thresholdOperator": "[variables('alertsArray')[copyIndex()].Operator]",
                    "threshold": "[variables('alertsArray')[copyIndex()].alertThresholdValue]"
                    }
                }
            },
        "copy": 
            {
            "name": "queryrules",
            "count": "[length(variables('alertsArray'))]"
            }
        }
    ]
}
