{
"$schema":"http://schema.management.azure.com/schemas/2015-01-01/deploymentTemplate.json",
"contentVersion":"1.0.0.0",
"parameters":
    {
    "omsWorkspaceName":{"type":"string"},
    "omsWorkspaceLocation":{"type":"string"},
    "actionGroupName":{"type":"string"},
    "alertVersion":{"type":"string"}
    },
"variables":
    {
    "alertTag": "[concat('hidden-link:', resourceId('Microsoft.OperationalInsights/workspaces', parameters('omsWorkspaceName')))]",
    "alertStandard":
        {
        "HeartbeatLogQuery":" | extend eventType = 'itsm-Type', eventResource = 'itsm-Resource', eventFormat = 'itsm-Format'  | project SubscriptionId, Resource, ResourceId, eventType, eventResource, eventFormat"
        },
        "alertArray":
        [
            {
            "alertName":"DXC-Major-Heartbeat Missing",
            "description":"VM-Heartbeat Missing. The server is either down/rebooted or its microsoft monitoring agent service is stopped/restarted.",
            "severity":"1",
            "query":"let ingestionDelay = time(2m); let triggerPeriod = time(2m); let refTime = now(); let detectionPeriod = time(15m); let detectionStartTime = refTime - detectionPeriod; let detectionEndTime = refTime - ingestionDelay; let activeHB = Heartbeat | summarize countif(TimeGenerated between( detectionStartTime .. detectionEndTime) ) by Resource; Heartbeat | where Resource in ( activeHB ) | where TimeGenerated > detectionStartTime | summarize lastHB = arg_max(TimeGenerated, *) by SubscriptionId, Resource, ResourceId | where lastHB < refTime - ingestionDelay - triggerPeriod",
            "searchCategory":"HeartbeatLogQuery", 
            "operator":"GreaterThan",
            "alertThresholdValue":0,
            "scheduleIntervalInMinutes":5,
            "scheduleQueryTimeSpan":15,      
            "eventType":"Availability",
            "eventResource":"Virtual Machine",
            "actionGroupName":"[parameters('actionGroupName')]"
            }
        ]
    },
"resources":
    [ 
        {
        "name":"[variables('alertArray')[copyIndex()].alertName]",
        "type":"Microsoft.Insights/scheduledQueryRules",
        "apiVersion": "2018-04-16",
        "copy":
            {
            "name":"RuleCopy",
            "count":"[length(variables('alertArray'))]"
            },
        "location": "[parameters('omsWorkspaceLocation')]",
        "tags":{"[variables('alertTag')]": "[variables('alertArray')[copyIndex()].searchCategory]"},
        "properties":
            {
            "description": "[concat('Version:', parameters('alertVersion'), ' ', variables('alertArray')[copyIndex()].description)]",
            "enabled": "true",
            "source": 
                {
                "query": "[concat(variables('alertArray')[copyIndex()].query, replace(replace(replace(variables('alertStandard')[variables('alertArray')[copyIndex()].searchCategory],'itsm-Type', variables('alertArray')[copyIndex()].eventType) ,'itsm-Resource', variables('alertArray')[copyIndex()].eventResource),'itsm-Format', variables('alertArray')[copyIndex()].searchCategory))]",
                "dataSourceId": "[resourceId('Microsoft.OperationalInsights/workspaces', parameters('omsWorkspaceName'))]",
                "queryType": "ResultCount"
                },
            "schedule":
                {
                "frequencyInMinutes": "[variables('alertArray')[copyIndex()].scheduleIntervalInMinutes]",
                "timeWindowInMinutes": "[variables('alertArray')[copyIndex()].scheduleQueryTimeSpan]"
                },
            "action":
                {
                "odata.type": "Microsoft.WindowsAzure.Management.Monitoring.Alerts.Models.Microsoft.AppInsights.Nexus.DataContracts.Resources.ScheduledQueryRules.AlertingAction",
                "severity":"[variables('alertArray')[copyIndex()].severity]",
                "aznsAction":{"actionGroup":"[array(resourceId('Microsoft.Insights/actionGroups',variables('alertArray')[copyIndex()].actionGroupName))]"
                             },
                "trigger":
                    {
                    "thresholdOperator":"[variables('alertArray')[copyIndex()].operator]",
                    "threshold":"[variables('alertArray')[copyIndex()].alertThresholdValue]"
                    }
                }
            }
        } 
    ]
}
