<BackupInst xmlns="http://www.microsoft.com/GroupPolicy/GPOOperations/Manifest"><GPOGuid><![CDATA[{75827B67-66ED-4777-8579-FC20E7592CE5}]]></GPOGuid><GPODomain><![CDATA[newdomain.local]]></GPODomain><GPODomainGuid><![CDATA[{f01edc32-1b96-4226-80e1-9686d303077a}]]></GPODomainGuid><GPODomainController><![CDATA[wcsoe700.newdomain.local]]></GPODomainController><BackupTime><![CDATA[2017-04-04T14:40:18]]></BackupTime><ID><![CDATA[{5C0FC933-1993-485D-A19F-4396DC31B880}]]></ID><Comment><![CDATA[]]></Comment><GPODisplayName><![CDATA[OU-B-DXCBaselineDomainControllerPolicy]]></GPODisplayName></BackupInst>
