<?xml version="1.0"?>
<!-- CoRECM baseline configuration file for CoRE -->
<!-- This section contain actual baseline check details -->
<CoRECM Version="1.0.0" Title="CoRECM" SupportsRemediation="True" Build="True">
  <Baseline>
    <CreatedOn>18-dec-2017</CreatedOn>
    <Author>Hari GN</Author>
    <!-- CoREInfo key will be used by reportGen script to identify if server where it is running is build using WSCoRE and
	 whether installed CoRE version matches with the version mentioned in this baseline. Based on it, reportGen script will
	 log a summary item in the report to indicate if test was performed with matching baseline and whether server was built using CoRE 
    -->
    <CoREInfo Name="CoRE for W2K16" KeyName="HKLM:\Software\DXC\CoRE" ValueName="GlobalVersion" ExpectedValue="1.0.0" />
    <Description>CoRECM Baseline BUILD configuration file for CoRE</Description>
  </Baseline>
  <LogFile Path="" />
  <!-- log file path for individual generated report -->
  <!-- a summary of report that will be generated. it will be updated at runtime -->
  <ReportSummary>
    <RSItem Name="ReportName" DisplayName="Report name" Value="CoRECM Report" />
    <RSItem Name="ReportGenerationDateTime" DisplayName="Report generated on" Value="" />
    <RSItem Name="ReportGeneratedOnServer" DisplayName="Report generated for server" Value="" />
    <RSItem Name="OperatingSystem" DisplayName="Operating system" Value="" />
    <RSItem Name="WCVersion" DisplayName="CoRECM version" Value="" />
    <RSItem Name="PolicyProcessed" DisplayName="Number of policies processed" Value="" />
    <RSItem Name="PolicyPassed" DisplayName="Policies passed compliance check" Value="" />
    <RSItem Name="PolicyFailed" DisplayName="Policies failed compliance check" Value="" />
    <RSItem Name="CompliancePercent" DisplayName="Compliance level" Value="" />
    <RSItem Name="CompliancePolicyProcessed" DisplayName="Number of compliance check policies processed" Value="" />
    <RSItem Name="CompliancePolicyPassed" DisplayName="Compliance check policies passed" Value="" />
    <RSItem Name="CompliancePolicyFailed" DisplayName="Compliance check policies failed" Value="" />
    <RSItem Name="InfoPolicyProcessed" DisplayName="Number of informational policies processed" Value="" />
    <RSItem Name="InfoPolicyPassed" DisplayName="Informational policies passed" Value="" />
    <RSItem Name="InfoPolicyFailed" DisplayName="Informational policies failed" Value="" />
    <RSItem Name="BaselineUsed" DisplayName="Baseline used for report generation" Value="" />
    <RSItem Name="ServerCoREVersion" DisplayName="CoRE for Windows Server 2016 - version installed on this server" Value="" />
    <RSItem Name="CompatibleBaseline" DisplayName="Baseline used for testing matches CoRE version installed" Value="" />
    <RSItem Name="DefaultBaselineUsed" DisplayName="CoRE Default baseline used for report generation" Value="" />
    <RSItem Name="CustomAppsInstalled" DisplayName="Custom applications were installed" Value="" />
  </ReportSummary>
  <CoRECustom>
    <CoRESecINF>
      <ValueEnumeration>[File Security]</ValueEnumeration>
      <ValueEnumeration>"%SystemDrive%\Support",2,"D:PAR(A;OICI;FA;;;SY)(A;OICI;FA;;;BA)(A;OICI;FA;;;S-1-5-80-956008885-3418522649-1831038044-1853292631-2271478464)(A;OICI;0x1200a9;;;BU)"</ValueEnumeration>
    </CoRESecINF>
  </CoRECustom>
  <CoRESecDesc>
    <ValueEnumeration>[Profile Description]</ValueEnumeration>
    <ValueEnumeration>Description=DXC CoRE for Windows Server 2016 v1.0.0 - v1.0 - Baseline template for all Member Servers in an environment</ValueEnumeration>
    <ValueEnumeration>[Version]</ValueEnumeration>
    <ValueEnumeration>signature="$CHICAGO$"</ValueEnumeration>
    <ValueEnumeration>Revision=1</ValueEnumeration>
  </CoRESecDesc>
  <Section Name="Ansible Related Config" CategoryCount="" PolicyCount="" Passed="" Failed="">
    <Category Name="AnsibleConfig" PolicyCount="" Passed="" Failed="">
	  <Policy Id="AC001" ReadOnly="False" Rank="3" Risk="2" Platform="All" Processed="False" Runson="All" Purpose="Compliance">
        <PolicyKey>HKEY_LOCAL_MACHINE\SOFTWARE\Policies\Microsoft\WindowsFirewall\FirewallRules\{846F8F4B-36EC-4F34-B36F-816AF42D29C7}</PolicyKey>
        <PolicyName>Enable WinRM -HTTPS in Group Policy firewall Rules</PolicyName>
        <PolicyType>LGPRegistry</PolicyType>
        <CompareMethod>-eq</CompareMethod>
        <DataType>REG_SZ</DataType>
        <DefaultValue Value="v2.26|Action=Allow|Active=TRUE|Dir=In|Protocol=6|Profile=Public|LPort=5986|Name=Windows Remote Management (HTTPS-In)|Desc=Inbound rule for Windows Remote Management(HTTPS) . [TCP 5986]|" />
        <CurrentValue Value="" />
        <ValueDescription Suffix="" />
        <TestResult />
        <Comments />
        <Compliance Body="CIS" Value="N/A" ID="N/A" />
      </Policy>
	  <Policy Id="AC002" ReadOnly="False" Rank="3" Risk="2" Platform="All" Processed="False" Runson="All" Purpose="Compliance">
        <PolicyKey>HKEY_LOCAL_MACHINE\SOFTWARE\Policies\Microsoft\WindowsFirewall\FirewallRules\WINRM-HTTP-In-TCP-PUBLIC</PolicyKey>
        <PolicyName>Enable WinRM -HTTP in Group Policy firewall Rules</PolicyName>
        <PolicyType>LGPRegistry</PolicyType>
        <CompareMethod>-eq</CompareMethod>
        <DataType>REG_SZ</DataType>
        <DefaultValue Value="v2.26|Action=Allow|Active=TRUE|Dir=In|Protocol=6|Profile=Public|LPort=5985|RA4=LocalSubnet|RA6=LocalSubnet|App=System|Name=@FirewallAPI.dll,-30253|Desc=@FirewallAPI.dll,-30256|EmbedCtxt=@FirewallAPI.dll,-30267|" />
        <CurrentValue Value="" />
        <ValueDescription Suffix="" />
        <TestResult />
        <Comments />
        <Compliance Body="CIS" Value="N/A" ID="N/A" />
      </Policy>
	  <Policy Id="MISC026" ReadOnly="False" Rank="1" Risk="1" Platform="All" Processed="False" Runson="FULL,CORE" Purpose="Compliance">
        <PolicyKey>HKEY_LOCAL_MACHINE\SOFTWARE\Microsoft\Windows\CurrentVersion\Policies\System\LocalAccountTokenFilterPolicy</PolicyKey>
        <PolicyName>Apply UAC restrictions to local accounts on network logons</PolicyName>
        <PolicyType>Registry</PolicyType>
        <CompareMethod>-eq</CompareMethod>
        <DataType>REG_DWORD</DataType>
        <DefaultValue Value="1" />
        <CurrentValue Value="" />
        <ValueDescription Suffix="">
          <Enum Value="Enabled" Key="0" KeyType="Number" />
          <Enum Value="Disabled" Key="1" KeyType="Number" />
        </ValueDescription>
        <TestResult />
        <Comments />
        <Compliance Body="CIS" Value="0" ID="CCE-37069-2" />
      </Policy>
	   <Policy Id="MISC074" ReadOnly="False" Rank="1" Risk="1" Platform="All" Processed="False" Runson="FULL,CORE" Purpose="Compliance">
        <PolicyKey>HKEY_LOCAL_MACHINE\SOFTWARE\Policies\Microsoft\Windows\WinRM\Service\AllowBasic</PolicyKey>
        <PolicyName>WinRM Service Allow Basic Authentication</PolicyName>
        <PolicyType>LGPRegistry</PolicyType>
        <CompareMethod>-eq</CompareMethod>
        <DataType>REG_DWORD</DataType>
        <DefaultValue Value="NotExists" />
        <CurrentValue Value="" />
        <ValueDescription Suffix="">
          <Enum Value="Enabled" Key="1" KeyType="Number" />
          <Enum Value="Disabled" Key="0" KeyType="Number" />
        </ValueDescription>
        <TestResult />
        <Comments />
        <Compliance Body="CIS" Value="N/A" ID="N/A" />
      </Policy>
    </Category>
  </Section>
</CoRECM>