<?xml version="1.0" standalone="yes"?>
<DSSOE>

    <!-- The <DCPromotOptions> tag encapsulates all the options related to Domain Controller promotion -->

    <!-- The valid value for 'Selected' attribute is one of: NewDomainNewForest|AdditionalDC|NewChildDomain|NewTreeDomain 
         Once a value for <Selected> attribute is chosen, go to the tag pertaining to the chosen option and fill out the DC
         promotion parameters. -->
    <DCPromoOptions Selected=""> 
        
        <!-- Domain Controller Promotion options for creating New Domain in New Forest -->
        <NewDomainNewForest>
            <UserName></UserName> <!-- This will be local admin account. -->
            <Password></Password> <!-- This will be local admin account password. -->

            <!-- Example of a valid <NewDomainFQDN> is Example.com -->
            <NewDomainFQDN></NewDomainFQDN> 

            <!-- Please note that the Netbios name must contain only [a-z 0-9 -] chars
            Example of a valid Domain NetBIOS name is 'Example' -->
            <NewDomainNetBIOS></NewDomainNetBIOS> 
                                                       
            <!-- Active Directory Database Path; default is as per DXC Standards, 
            however you can define your own AD DB folder path as per the available
            partitions / drives on the server. -->
            <ADDatabasePath>E:\NTDS-DB</ADDatabasePath> 
            
            <!--Active Directory log file path -->                                                             
            <ADLogfilePath>D:\NTDS-LOGS</ADLogfilePath> 

            <!-- Active Directory Sysvol folder path -->
            <SysvolPath>E:\SYSVOL</SysvolPath> 
            
            <!-- Password should match the complexity requirements;
                Minimum Length of 8 Chars
                Atleast 1 uppercase alphabet
                Atleast 1 lowercase alphabet
                Atleast 1 numeric char
                Atleast 1 special char -->
            <SafeModeAdminPassword></SafeModeAdminPassword> 
            
            <!-- The valid value is one of 'Windows2008Forest / Windows2008R2Forest /
             Windows2012Forest / Windows2012R2Forest / Windows2016Forest' -->
            <ForestFunctionalLevel></ForestFunctionalLevel> 

            <!-- The valid value is one of 'Windows2008Domain / Windows2008R2Domain / Windows2012Domain / Windows2012R2Domain / Windows2016Domain'.
             The actual valid value depends on the value chosen for <ForestFunctionalLevel> tag.-->
            <DomainFunctionalLevel></DomainFunctionalLevel> 
            
            <InstallDNS>True</InstallDNS>  <!-- Valid value is either True or False -->
            
            <!-- The valid value for ADSiteName is "Default". The DSSOE program will automatically choose 'Default-First-site-name'
             as the default site for the Domain Controller in NewDomainNewForest scenario. -->            
            <ADSiteName>Default</ADSiteName>
        </NewDomainNewForest>

        

        <!-- Domain Controller promotion options for creating Additional DC in an existing domain -->
        <AdditionalDC>
            <!-- Put the Domain Admin Credentials -->
            <UserName></UserName> 
            
            <!-- Put the fully qualified name of the domain where additional DC needs to be added -->
            <Domain></Domain>
            <Password></Password> 

            <!-- Active Directory Database Path; default is as per DXC Standards, 
            however you can define your own AD DB folder path  as per the available
            partitions / drives on the server. --> 
            <ADDatabasePath>E:\NTDS-DB</ADDatabasePath> 

            <!--Active Directory log file path -->
            <ADLogfilePath>D:\NTDS-LOGS</ADLogfilePath> 

            <!--Active Directory Sysvol folder path -->
            <SysvolPath>E:\SYSVOL</SysvolPath> 

            <!-- Password should match the complexity requirements;
                Minimum Length of 8 Chars
                Atleast 1 uppercase alphabet
                Atleast 1 lowercase alphabet
                Atleast 1 numeric char
                Atleast 1 special char -->
            <SafeModeAdminPassword></SafeModeAdminPassword> 

            <!-- Valid value is either True or False -->
            <InstallDNS>True</InstallDNS> 
            
            <!-- Valid value is either True or False -->
            <GlobalCatalog>True</GlobalCatalog> 
            
            <!-- Valid value is either True or False -->
            <RODC>False</RODC> 

            <!-- The valid value of <ReplicaDC> attribute is 'Automatic' or an existing replica DC in the same domain
            (must put FQDN of the DC)'. If you want to replicate the data from a media (IFM option) then set the
            <Enabled> attribute to 'False', otherwise <Enabled> attribute must be set to 'True'. The valid value for
            <Enabled> attribute is True / False. -->
            <ReplicateDatafromExistingDC Enabled="True" ReplicaDC="Automatic" />

            <!-- If you want to use a media to replicate the data from then set the <Enabled> attribute in
            <ReplicateDatafromExistingDC> tag to False first and then set the <ReplicateDatafromMedia> attribute
            to True. The valid value of <ReplicateDataFromMedia> attribute is True / False. <MediaPath> attribute 
            must be set to a valid system state backup media path. -->
            <InstallFromMedia ReplicateDatafromMedia="False" MediaPath="" />

            <!-- Valid value is either True or False -->
            <CriticalReplicationOnly>False</CriticalReplicationOnly> 

            <!-- Specify the Active Directory Site name where the additional DC needs to be added.           
            The default value depends on the type of installation. For a new forest, the default is
            Default-First-Site-Name. For all other installations, the default is the site that is 
            associated with the subnet that includes the IP address of this server. If no such site 
            exists, the default is the site of the replication source domain controller. -->
            <ADSiteName></ADSiteName> 
        </AdditionalDC>
        


        <!-- Domain Controller promotion options for creating a New Child Domain -->
        <!-- The child domain promotion might get stalled at "Replicating the schema directory partition"
        message. The workaround for this issue is to join the server to domain first and then promote it to
        the child domain controller. -->
        <NewChildDomain>
            
            <!-- Put the Enterprise Admin Credentials -->
            <UserName></UserName> 
            <!-- Put the fully qualified domain name of the user account-->
            <Domain></Domain>
            <!-- Put the password of the specified username -->           
            <Password></Password> 

            <!-- Put the fully qualified name of the parent domain underneath which the new child domain
            needs to be added -->
            <ParentDomain></ParentDomain> 

            <!-- Mention the new child domain name. Please note that the child name must be a single-label
            name and must contain only [a-z 0-9 -] chars. An example of a valid single-label child domain
            name is 'Mychild'. -->
            <ChildDomainName></ChildDomainName> 

            <!-- Mention the new child NetBIOS domain name. Please note that the child Netbios name must 
            contain only [a-z 0-9 -] chars. Example of a valid child NetBIOS name is 'MyChild'. -->
            <ChildDomainNameNetBIOS></ChildDomainNameNetBIOS> 
            
            <!-- Active Directory Database Path; default is as per DXC Standards, however you can define 
            your own AD DB folder path as per the available partitions / drives on the server. -->
            <ADDatabasePath>E:\NTDS-DB</ADDatabasePath> 

            <!--Active Directory log file path -->
            <ADLogfilePath>D:\NTDS-LOGS</ADLogfilePath> 

            <!--Active Directory Sysvol folder path -->
            <SysvolPath>E:\SYSVOL</SysvolPath> 

            <!-- Password should match the complexity requirements;
                Minimum Length of 8 Chars
                Atleast 1 uppercase alphabet
                Atleast 1 lowercase alphabet
                Atleast 1 numeric char
                Atleast 1 special char -->
            <SafeModeAdminPassword></SafeModeAdminPassword> 

            <!-- The valid value is one of 'Windows2008Domain / Windows2008R2Domain / Windows2012Domain / Windows2012R2Domain / Windows2016Domain'.
             The actual valid value depends on the 'Forest Functional Level' of the forest -->
            <DomainFunctionalLevel></DomainFunctionalLevel> 

            <!-- Valid value is either True or False -->
            <GlobalCatalog>True</GlobalCatalog> 

            <!-- Valid value is either True or False -->
            <InstallDNS>True</InstallDNS> 

            <!-- Specify the Active Directory Site name where the new child DC needs to be added.           
            The default value depends on the type of installation. For a new forest, the default is
            Default-First-Site-Name. For all other installations, the default is the site that is 
            associated with the subnet that includes the IP address of this server. If no such site 
            exists, the default is the site of the replication source domain controller. -->
            <ADSiteName></ADSiteName>
        </NewChildDomain>



        <!-- Domain Controller promotion options for creating a New Domain Tree -->
        <!-- The tree domain promotion might get stalled at "Replicating the schema directory partition"
        message. The workaround for this issue is to join the server to domain first and then promote it to
        the tree domain controller. -->
		<NewTreeDomain>

            <!-- Put the Enterprise Admin Credentials -->
            <UserName></UserName> 
            <!-- Put the fully qualified domain name of the user account -->            
            <Domain></Domain>
            <!-- Put the password of the specified username --> 
            <Password></Password>

            <!-- Put the fully qualified name of the forest root domain, underneath which the new tree domain 
            will be added -->
            <ForestRootDomain></ForestRootDomain>

            <!-- Put the fully qualified name of the new tree domain -->
            <TreeDomainName></TreeDomainName> 

            <!-- Please note that the tree Netbios name must contain only [a-z 0-9 -] chars. 
            Example of a valid child NetBIOS name is 'MyTree'. -->
            <TreeDomainNameNetbios></TreeDomainNameNetbios> 

            <!-- Active Directory Database Path; default is as per DXC Standards, 
            however you can define your own AD DB folder path as per the available
            partitions / drives on the server. -->
            <ADDatabasePath>E:\NTDS-DB</ADDatabasePath> 

            <!--Active Directory log file path -->
            <ADLogfilePath>D:\NTDS-LOGS</ADLogfilePath> 

            <!--Active Directory Sysvol folder path -->
            <SysvolPath>E:\SYSVOL</SysvolPath> 
            
            <!-- Password should match the complexity requirements;
                Minimum Length of 8 Chars
                Atleast 1 uppercase alphabet
                Atleast 1 lowercase alphabet
                Atleast 1 numeric char
                Atleast 1 special char -->
            <SafeModeAdminPassword></SafeModeAdminPassword> 

            <!-- The valid value is one of 'Windows2008Domain / Windows2008R2Domain / Windows2012Domain / Windows2012R2Domain / Windows2016Domain'.
             The actual valid value depends on the 'Forest Functional Level' of the forest -->
            <DomainFunctionalLevel></DomainFunctionalLevel> 

            <!-- Valid value is either True or False -->
            <GlobalCatalog>True</GlobalCatalog> 

            <!-- Valid value is either True or False -->
            <InstallDNS>False</InstallDNS> 
            
            <!-- Specify the Active Directory Site name where the new tree DC needs to be added.           
            The default value depends on the type of installation. For a new forest, the default is
            Default-First-Site-Name. For all other installations, the default is the site that is 
            associated with the subnet that includes the IP address of this server. If no such site 
            exists, the default is the site of the replication source domain controller. -->
            <ADSiteName></ADSiteName>
        </NewTreeDomain>
    
        
        <!-- The <Subnet> tag is meant to specify subnet to site association options. The subnet mask in 
        <SubnetMask> tag will be associated with the site mentioned in <ADSiteName> tag. This is only applicable 
        to AdditionalDC, NewChildDomain & NewTreeDomain scenarios.-->
        <Subnet>
            <!-- If value of <Association> is set to False the Subnet to Site Association parameters will be 
            skipped. The valid values for <Association> is True or False. The default value is set to False -->
            <!-- If <Association> is False then other options within the <Subnet> tag are optional -->
            <Association>False</Association> 

            <!-- Put the Enterprise Admin Credentials -->
            <!-- Put the fully qualified domain name where the enterprise admin username resides -->
            <Domain></Domain>
            <EntAdminUserName></EntAdminUserName>  
            <Password></Password>

            <!-- Example of a SubnetMask associated with Site is 192.168.100.0/24 -->
            <SubnetMask></SubnetMask> 
        </Subnet>

    </DCPromoOptions>

    
    
    <!-- The <DCConfiguration> tag encapsulates all the options related to Domain Controller configurations;
    pre and post both. -->
	<DSConfiguration>
        
        <!-- The <IPConfig> tag is meant to specify the Domain Controller IP configuration options. If 
        <Enabled> attribute is False the <IPConfig> options will be skipped and user must take care of the DC 
        IP configuration by himself, otherwise DSSOE program will set the IP configuration settings as 
        specified in its tag. -->
        <IPConfig>
            <Enabled>False</Enabled>

            <!-- Specify a valid NetworkAdapterName -->
            <NetworkAdapterName></NetworkAdapterName> 

            <!-- Specify a valid DC static IP address -->
            <IPAddress></IPAddress> 

            <!-- Specify a valid subnet mask -->
            <SubnetMask></SubnetMask> 

            <!-- Specify a valid Gateway address -->
            <Gateway></Gateway> 

            <!-- Specify valid DNS address. More than one address can be specified as comma separated values -->
            <DNSAddress></DNSAddress> 

           <!-- The valid value for a DNS suffix is fully qualified domain dns name; for example 'example.com' -->
            <NetworkAdapterDNSSuffix></NetworkAdapterDNSSuffix> 

            <!-- Valid value is either True or False -->
            <LmhostsLookup>True</LmhostsLookup> 
        </IPConfig>

        <!-- If set to True the DSSOE setup will auto-configure pagefile settings, else not. Valid value is True / False -->
        <ConfigureDSPageFile>True</ConfigureDSPageFile>

        <!-- Clear event log is applicable for all DC builds. If chosen as 'True' the Application, System and Security
         eventlogs will be cleared. Valid values are True / False -->
        <ClearEvents>True</ClearEvents>

        <!-- If user specifies path and size to create a reserve file, it will be created. else not. <Path>
        should be a valid path for the reserve file and SizeMB should be a valid numeric integer value. 
        The <SizeMB> value must be less than 250 MB and must not be greater than 20% of the logical free 
        space on the partition -->
        <ReserveFile Path="" SizeMB="" />

        <!-- Use this option to disable NetBIOS Over TCP/IP on all the NIC cards on the server. This is a pre-build option.
        The valid values for this parameter is either True or False. Since it is a Cybersecurity recommended configuration,
        thus it is set as 'True' by default. -->
        <DisableNetBIOSOverTCPIP>True</DisableNetBIOSOverTCPIP>

        <!-- Use this option to disable SMB 1.0 on the server. This is a pre-build option and is a recommended configuration.
        The valid values are True / False. The default value for this parameter is True. You can set it to False to keep SMB 1.0
        be enabled on the server, if in case the support for legacy environments is needed. -->
        <DisableSMB1>True</DisableSMB1>

        <!-- This pre-build option can be used to configure RPC dynamic port range restrictions. This is a Cybersecurity
        recommendation and the restriction port range is recommended as 49152-49407. You can specify another port range if 
        your requirement differs from Cybersecurity recommendations or you can choose not to exercise this configuration at 
        all as well. The valid values for 'Configure' attribute is True / False. The example of a valid value for PortRange attribute
        is '49152-49407' or '49152-50000'. -->
        <ConfigureRPCPortRange Configure="False" PortRange="49152-49407"/>     

		<!-- If external time server is given, it will be configured by DSSOE program. Multiple time servers
        are not supported in this version of DSSOE. -->
        <ExternalTimeServer Name="" /> 
        
        <!-- This option is ONLY applicable in the case of AdditionalDC. This option is meant for specifying 
        the OU location where the new Domain controller must be created. If set as 'Default' the DC will be 
        placed in the default Domain Controllers OU. Replace 'default' with desired OU Distinguished Name where 
        you want the DC to be placed -->
        <DCOULocation OU="default" /> 
			
		<!-- This option is only applicable in the case of NewDomainNewForest, NewChildDomain & NewTreeDomain. 
        Specify whether DXC standard DC security baseline policies should be applied or not. Bydefault these 
        policies are applied to both domain as well as domain controller. Valid value is True or False. 
        ## SHOULD NOT be applied to additional domain controllers. -->
        <SecurityBaselinePolicies ConfigureDomainPolicy="True" ConfigureDomainControllerPolicy="True" /> 

		<!-- This option is only applicable in the case of NewDomainNewForest, NewChildDomain, & NewTreeDomain. 
        Creates OU structure as per DXC standards. Valid attribute values are as follows:
        AccountType = Standard or MultiTenant
        AccountCode = 3 letter (alphabets only) account code (refer to Global Device & Server Naming Standards 
                      document for the list of Account codes been used in the company; write to Platform_Wintel_SOE@csc.com 
                      for the copy of document.)
        ADDelegation = The valid value is True / False. This parameter is only applicable when Multitenant AccountType is
                       selected. This option does not apply for Standard or default OU structures.
        ## SHOULD NOT be applied to Additional domain controllers   -->
        <OUStructure AccountType="" AccountCode="" ADDelegation="False"/>

        <!-- Specify whether DSSSOE should configure system state backup and enable backup maintenance. 
        The valid values for the attributes are as follows:
        Configure = True or False
        EnableBackupMaintenance = True or False
        BackupVolumePath = A valid volumen path. Default is F Drive as per DXC standards. You can set it 
        to any other volume or drive. -->         
        <DSBackup Configure="True" EnableBackupMaintenance="True" BackupVolumePath="F:" /> 

        <!-- Creates AD users in bulk via excel file. Valid value for the <UserListExcelFile> attribute 
        is a valid path to the excel file. -->
		<CreateADUsers UserListExcelFile="" />
		
		
        <!-- If you wish to configure DNS forwarders, specify forwarders IP here. Multiple values can be 
        specified as comma seprated values. -->
        <DNSForwarders ForwardersIP="" /> 

        <!-- You can use this option to configure standard DNS Scavenging on the Domain Controller. DNS 
        role must be installed on the server in order to use this parameter. The valid value is True / False.
        #### This option is not applicable for 'Addtional DC' build scenario. -->
        <ConfigDNSScavenging>False</ConfigDNSScavenging>

        <!-- You can use this option to add Directory Services Restore Mode selection in the boot menu.
        Valid value is True / False. -->
        <ConfigureDSRM>False</ConfigureDSRM>
                
        <!-- You can use this option to install AD DS hotfixes on the server. The value value is True / False. -->
        <InstallADHotfixes>True</InstallADHotfixes>

        <!-- If you wish to configure AD replication or DFSR replication on static ports, set the 
        'Configure' attribute to True and specify the numeric port value against each respective option. If 'Configure'
        attribute is set to False, the static ports will not be configured. The port number should be numeric and 
        should be between 1 - 65535 range. Each specified port must be unique. 
        Note: Static DFSRReplication port assignment is not possible programatically in servercore version. Refer operations guide for manual steps -->
		<StaticPort Configure="False" ADReplicationPort="" NetLogonPort="" DFSRReplicationPort="" />

        <!-- This option is only applicable in the case of AdditionalDC, NewChildDomain, & NewTreeDomain.
        If you wish to configure security configuration to enable IPAM server to access this DNS server, set the 
        'Configure' attribute to 'True' and pass the values to other required attributes in the below section -->
        <IPAMAccess>
            <!-- If the Configure attribute is 'False' the other attributes within this section will not be processed
            The valid value for this attribute is either 'True' or 'False' -->
            <Configure>False</Configure>

            <!--Speciy Universal group name where IPAM server is a member of. Group should be in format DomainDNSName\groupname 
            , for example Myforest.local\MyGroup -->
            <IPAMUnivGroup></IPAMUnivGroup>

            <!--Speciy the FQDN of the IPAM server name, for example IPAMServer.Myforest.local -->
            <IPAMServer></IPAMServer>
        </IPAMAccess>

        <!-- If you wish to enable Active Directory Recycle Bin, set the 'Enable' attribute to 'True' and pass the values
        to other required attributes in the below section -->
        <ADRecycleBin>
            <!-- If the enable attribute is 'False' the other attributes within this section will not be processed -->
            <Enable>False</Enable>

            <!-- Specify the credentials with Enterprise Admins rights -->
            <Username></Username>
            <Password></Password>
            <Domain></Domain>

            <!-- Specify the AD Recycle Bin Scope. The valid value is either 'ForestOrConfigurationSet' or 'Domain' -->
            <ADRecycleBinScope></ADRecycleBinScope>

            <!-- Specify the FQDN of the Target Server onto which the AD Recycle Bin will be enabled. The target server 
            should be a Domain Naming Master role holder  -->
            <ADRecycleBinTargetServer></ADRecycleBinTargetServer>

            <!-- Specify the valid Target Domain name. If 'ForestOrConfigurationSet' is chosen as the Scope then specify the
            Root Domain DNS name as the Target Domain -->
            <ADRecycleBinTargetDomain></ADRecycleBinTargetDomain>
        </ADRecycleBin>

        <!-- If you wish to run Active Directory health check script against the domains specified in 'DomainsToScan' attribute
        , set the 'Execute' attribute to True and specify a valid enterprise admin credentials. Multiple domains can be scanned by
        specifying their FQDN as comma seperated values. -->
        <ADHealthCheck>
            <!-- Valid value is True / False -->
            <Execute>False</Execute>
            <!-- Specify the enterprise admins credentials -->
            <Username></Username>
            <Password></Password>
            <Domain></Domain> <!-- Specify the domain the above mentioned user is part of -->
            <!-- Specify the FQDN of the domains you wish to run the AD health check against.
            Multiple domains can be specified as comma seperated values. -->
            <DomainsToScan>All</DomainsToScan>
        </ADHealthCheck>
			
	</DSConfiguration>	

</DSSOE>