Implement,sAMAccountName,GivenName,LastName,Initials,OfficeName,Description,Mail,StreetAddress,City,PostalCode,State,Country,Company,Department,EmployeeID,ExtensionAttribute1,Title,Phone,Manager,ProfilePath,ScriptPath,HomeDirectory,HomeDrive,Password,PasswordNeverExpires,Enabled,TargetOU
Yes,User1,Test,User1,,,,,,,,,,,,,,,,,,,,,Welcome@123,FALSE,TRUE,"OU=User OU,DC=Domain,DC=com"
Yes,User2,Test,User2,,,,,,,,,,,,,,,,,,,,,Welcome@123,FALSE,TRUE,"OU=User OU,DC=Domain,DC=com"
Yes,User3,Test,User3,,,,,,,,,,,,,,,,,,,,,Welcome@123,FALSE,TRUE,"OU=User OU,DC=Domain,DC=com"
Yes,User4,Test,User4,,,,,,,,,,,,,,,,,,,,,Welcome@123,FALSE,TRUE,"OU=User OU,DC=Domain,DC=com"
Yes,User5,Test,User5,,,,,,,,,,,,,,,,,,,,,Welcome@123,FALSE,TRUE,"OU=User OU,DC=Domain,DC=com"
Yes,User6,Test,User6,,,,,,,,,,,,,,,,,,,,,Welcome@123,FALSE,TRUE,"OU=User OU,DC=Domain,DC=com"
