{
    "$schema": "https://schema.management.azure.com/schemas/2019-04-01/deploymentTemplate.json#",
    "contentVersion": "1.0.0.0",
    "parameters": {
    
      "resourceGroupLocation": {
          "type": "string",
          "metadata": {
              "displayName":"Resource group Location",
              "description":"Location of resource group that hold LA workspace."
          }
      },
      "exportedDataTypes": {
          "type": "array",
          "metadata": {
              "displayName": "Exported data types",
              "description": "The data types to be exported from ASC."
          },
          "allowedValues": [
              "Security recommendations",
              "Security alerts"
          ],
          "defaultValue": [
              "Security recommendations",
              "Security alerts"
          ]
      },
      "recommendationNames": {
          "type": "array",
          "metadata": {
              "displayname": "Recommendation Ids",
              "description": "Secrutiy recommendation types for export."
          },
          "defaultValue": []
      },
      "recommendationSeverities": {
          "type": "array",
          "metadata": {
              "displayName": "Recommendation severities",
              "description": "Applicable only for export of security recommendations. Determines recommendation severities."
          },
          "allowedValues": [
              "High",
              "Medium",
              "Low"
          ],
          "defaultValue": [
              "High",
              "Medium",
              "Low"
          ]
      },
      "alertSeverities": {
          "type": "array",
          "metadata": {
              "displayName": "Alert severities",
              "description": "Applicable only for export of security alerts. Determines alert severities."
          },
          "allowedValues": [
              "High",
              "Medium",
              "Low"
          ],
          "defaultValue": [
              "High",
              "Medium",
              "Low"
          ]
      },
      "WorkspaceResourceID": {
          "type": "string",
          "metadata": {
              "displayname": "Log Analytics workspace",
              "description": "The log Analytics workspace of where the data should be exported to.",
              "strongType": "Microsoft.OperationalInsights/workspaces",
              "assignPermissions": true
          }
      }
      
    },
    "variables":{
        "scopeDescription": "Scope for subscription {0}",
        "recommendationNamesLength": "[length(parameters('recommendationNames'))]",
        "recommendationSeveritiesLength": "[length(parameters('recommendationSeverities'))]",
        "alertSeveritiesLength": "[length(parameters('alertSeverities'))]",
        "recommendationNamesLengthIfEmpty": "[if(equals(variables('recommendationNamesLength'), 0), 1, variables('recommendationNamesLength'))]",
        "recommendationSeveritiesLengthIfEmpty": "[if(equals(variables('recommendationSeveritiesLength'), 0), 1, variables('recommendationSeveritiesLength'))]",
        "alertSeveritiesLengthIfEmpty": "[if(equals(variables('alertSeveritiesLength'), 0), 1, variables('alertSeveritiesLength'))]",
        "totalRuleCombinationsForOneRecommendationName": "[variables('recommendationSeveritiesLengthIfEmpty')]",
        "totalRuleCombinationsForOneRecommendationSeverity": 1,
        "exportedDataTypesLength": "[length(parameters('exportedDataTypes'))]",
        "exportedDataTypesLengthIfEmpty": "[if(equals(variables('exportedDataTypesLength'), 0), 1, variables('exportedDataTypesLength'))]",
        "dataTypeMap": {
          "Security recommendations": "Assessments",
          "Security alerts": "Alerts"
        },
        "alertSeverityMap": {
          "High": "high",
          "Medium": "medium",
          "Low": "low"
        },
        "ruleSetsForAssessmentsObj": {
          "copy": [
            {
              "name": "ruleSetsForAssessmentsArr",
              "count": "[mul(variables('recommendationNamesLengthIfEmpty'),variables('recommendationSeveritiesLengthIfEmpty'))]",
              "input": {
                "rules": [
                  {
                    "propertyJPath": "[if(equals(variables('recommendationNamesLength'),0),'type','name')]",
                    "propertyType": "string",
                    "expectedValue": "[if(equals(variables('recommendationNamesLength'),0),'Microsoft.Security/assessments',parameters('recommendationNames')[mod(div(copyIndex('ruleSetsForAssessmentsArr'),variables('totalRuleCombinationsForOneRecommendationName')),variables('recommendationNamesLength'))])]",
                    "operator": "Contains"
                  },
                  {
                    "propertyJPath": "properties.metadata.severity",
                    "propertyType": "string",
                    "expectedValue": "[parameters('recommendationSeverities')[mod(div(copyIndex('ruleSetsForAssessmentsArr'),variables('totalRuleCombinationsForOneRecommendationSeverity')),variables('recommendationSeveritiesLength'))]]",
                    "operator": "Equals"
                  }
                ]
              }
            }
          ]
        },
        "ruleSetsForAlertsObj": {
          "copy": [
            {
              "name": "ruleSetsForAlertsArr",
              "count": "[variables('alertSeveritiesLengthIfEmpty')]",
              "input": {
                "rules": [
                  {
                    "propertyJPath": "Severity",
                    "propertyType": "string",
                    "expectedValue": "[variables('alertSeverityMap')[parameters('alertSeverities')[mod(copyIndex('ruleSetsForAlertsArr'),variables('alertSeveritiesLengthIfEmpty'))]]]",
                    "operator": "Equals"
                  }
                ]
              }
            }
          ]
        }
      
    },
    "resources": [
      {
        "name": "ExportToWorkspace",
        "location": "[parameters('resourceGroupLocation')]",
        "type": "Microsoft.Security/automations",
        "apiVersion": "2019-01-01-preview",
        "properties": {
          "description": "Export Azure Security Center alerts and/or recommendations to Log Analytics workspace",
          "isEnabled": true,
          "scopes": [
            {
              "description": "[replace(variables('scopeDescription'),'{0}', subscription().subscriptionId)]",
              "scopePath": "[subscription().id]"
            }
          ],
          "copy": [
            {
              "name": "sources",
              "count": "[variables('exportedDataTypesLengthIfEmpty')]",
              "input": {
                "eventSource": "[variables('dataTypeMap')[parameters('exportedDataTypes')[copyIndex('sources')]]]",
                "ruleSets": "[if(equals(parameters('exportedDataTypes')[copyIndex('sources')], 'Security recommendations'), variables('ruleSetsForAssessmentsObj').ruleSetsForAssessmentsArr, variables('ruleSetsForAlertsObj').ruleSetsForAlertsArr)]"
              }
            }
          ],
          "actions": [
            {
              "actionType": "Workspace",
              "WorkspaceResourceID": "[parameters('WorkspaceResourceID')]"
            }
          ]
        }
      }
    ]
    }
    