{
    "$schema": "https://schema.management.azure.com/schemas/2015-01-01/deploymentTemplate.json#",
    "contentVersion": "1.0.0.0",
    "parameters": {
        "pricingTierVMs": {
            "type": "string",
            "allowedValues": [
                "Standard",
                "Free"
            ]
        },
    
        "pricingTierStorageAccounts": {
        "type": "string",
         "allowedValues": [
            "Standard",
            "Free"
                ]
            }
    },
    "resources": [
        {
            "type": "Microsoft.Security/pricings",
            "apiVersion": "2018-06-01",
            "name": "VirtualMachines",
            "properties":{
                "pricingTier": "[parameters('pricingTierVMs')]"
            }
        },
            
        {
            "type": "Microsoft.Security/pricings",
            "apiVersion": "2018-06-01",
            "name": "StorageAccounts",                    
            "properties":{
                "pricingTier": "[parameters('pricingTierStorageAccounts')]"
            }
        }        
        
    ],
    "outputs": {}
}                   