{ 
   
   "properties":{ 
 
 "displayName":"Standard DXC ASC Policy", 
 
 "metadata":{ 
 
 "assignedBy":"AMS" 
 
 }, 
 
 "policyDefinitionId":"/providers/Microsoft.Authorization/policySetDefinitions/1f3afdf9-d0c9-4c3d-847f-89da613e70a8", 
 
 "parameters":{ 

  "ensureManagedInstanceTDEIsEncryptedWithYourOwnKeyMonitoringEffect":{"value":"Disabled"},

  "identityEnableMFAForReadPermissionsMonitoringEffect":{"value":"Disabled"},

  "threatDetectionTypesOnServerMonitoringEffect":{"value":"Disabled"},

  "sqlServerAdvancedDataSecurityEmailAdminsMonitoringEffect":{"value":"Disabled"},

  "threatDetectionTypesOnManagedInstanceMonitoringEffect":{"value":"Disabled"},

  "sqlManagedInstanceAdvancedDataSecurityEmailsMonitoringEffect":{"value":"Disabled"},

  "functionAppRequireLatestTlsMonitoringEffect":{"value":"Disabled"},

  "apiAppRequireLatestTlsMonitoringEffect":{"value":"Disabled"},

  "functionAppUseManagedIdentityMonitoringEffect":{"value":"Disabled"},

  "webAppUseManagedIdentityMonitoringEffect":{"value":"Disabled"},

  "apiAppUseManagedIdentityMonitoringEffect":{"value":"Disabled"},

  "functionAppAuditFtpsMonitoringEffect":{"value":"Disabled"},

  "webAppAuditFtpsMonitoringEffect":{"value":"Disabled"},

  "apiAppAuditFtpsMonitoringEffect":{"value":"Disabled"},

  "SqlServerAuditingRetentionDaysMonitoringEffect":{"value":"Disabled"},

  "useRbacRulesMonitoringEffect":{"value":"Disabled"},

  "windowsDefenderExploitGuardMonitoringEffect":{"value":"Disabled"},

  "azurePolicyforWindowsMonitoringEffect":{"value":"Disabled"},

  "diagnosticsLogsInKeyVaultMonitoringEffect":{"value":"AuditIfNotExists"},

  "identityDesignateMoreThanOneOwnerMonitoringEffect":{"value":"Disabled"},

  "identityEnableMFAForOwnerPermissionsMonitoringEffect":{"value":"AuditIfNotExists"},

  "identityEnableMFAForWritePermissionsMonitoringEffect":{"value":"AuditIfNotExists"},

  "classicStorageAccountsMonitoringEffect":{"value":"Disabled"},

  "classicComputeVMsMonitoringEffect":{"value":"Audit"},

  "encryptionOfAutomationAccountMonitoringEffect":{"value":"Audit"},

  "networkSecurityGroupsOnSubnetsMonitoringEffect":{"value":"AuditIfNotExists"},

  "restrictAccessToManagementPortsMonitoringEffect":{"value":"AuditIfNotExists"},

  "networkSecurityGroupsOnVirtualMachinesMonitoringEffect":{"value":"AuditIfNotExists"},

  "nextGenerationFirewallMonitoringEffect":{"value":"AuditIfNotExists"},

  "identityRemoveDeprecatedAccountMonitoringEffect":{"value":"AuditIfNotExists"},

  "identityRemoveDeprecatedAccountWithOwnerPermissionsMonitoringEffect":{"value":"Disabled"},

  "identityRemoveExternalAccountWithOwnerPermissionsMonitoringEffect":{"value":"Disabled"},

  "identityRemoveExternalAccountWithWritePermissionsMonitoringEffect":{"value":"Disabled"},

  "secureTransferToStorageAccountMonitoringEffect":{"value":"Audit"},

  "diagnosticsLogsInRedisCacheMonitoringEffect":{"value":"Disabled"},

  "disableUnrestrictedNetworkToStorageAccountMonitoringEffect":{"value":"Disabled"},

  "vmssSystemUpdatesMonitoringEffect":{"value":"Disabled"},

  "diagnosticsLogsInServiceFabricMonitoringEffect":{"value":"Disabled"},

  "diskEncryptionMonitoringEffect":{"value":"Disabled"},

  "systemUpdatesMonitoringEffect":{"value":"Disabled"},

  "accessRulesInEventHubMonitoringEffect":{"value":"Disabled"},

  "clusterProtectionLevelInServiceFabricMonitoringEffect":{"value":"Disabled"},

  "aadAuthenticationInServiceFabricMonitoringEffect":{"value":"Disabled"},

  "diagnosticsLogsInServiceBusMonitoringEffect":{"value":"Disabled"},

  "aadAuthenticationInSqlServerMonitoringEffect":{"value":"Disabled"},

  "diagnosticsLogsInSearchServiceMonitoringEffect":{"value":"Disabled"},

  "diagnosticsLogsInEventHubMonitoringEffect":{"value":"Disabled"},

  "diagnosticsLogsInBatchAccountMonitoringEffect":{"value":"Disabled"},

  "diagnosticsLogsInStreamAnalyticsMonitoringEffect":{"value":"Disabled"},

  "diagnosticsLogsInSelectiveAppServicesMonitoringEffect":{"value":"Disabled"},

  "apiAppRestrictCORSAccessMonitoringEffect":{"value":"Disabled"},

  "functionAppRestrictCORSAccessMonitoringEffect":{"value":"Disabled"},

  "webAppRestrictCORSAccessMonitoringEffect":{"value":"Disabled"},

  "kubernetesServiceVersionUpToDateMonitoringEffect":{"value":"Disabled"},

  "kubernetesServiceRbacEnabledMonitoringeffect":{"value":"Disabled"},

  "webAppEnforceHttpsMonitoringEffect":{"value":"AuditIfNotExists"},

  "disableIPForwardingMonitoringEffect":{"value":"Disabled"},

  "functionAppEnforceHttpsMonitoringEffect":{"value":"Disabled"},

  "vnetEnableDDoSProtectionMonitoringEffect":{"value":"Disabled"},

  "jitNetworkAccessMonitoringEffect":{"value":"Disabled"}, 
 
 "vmssOsVulnerabilitiesMonitoringeffect":{"value":"Disabled"}, 

 "vmssEndpointProtectionMonitoringEffect":{"value":"Disabled"}, 

 "adaptiveNetworkHardeningsMonitoringEffect":{"value":"Disabled"}, 
 
 "webAppDisableRemoteDebuggingMonitoringEffect":{"value":"Disabled"}, 

 "functionAppDisableRemoteDebuggingMonitoringEffect":{"value":"Disabled"}, 
 
 "apiAppDisableRemoteDebuggingMonitoringEffect":{"value":"Disabled"}, 
 
 "accessRulesInEventHubNamespaceMonitoringEffect":{"value":"Disabled"}, 

 "ASCDependencyAgentAuditWindowsEffect":{"value":"Disabled"}, 

 "ASCDependencyAgentAuditLinuxEffect":{"value":"Disabled"}, 
 
 "serverVulnerabilityAssessmentEffect":{"value":"Disabled"}, 

 "vulnerabilityAssesmentMonitoringEffect":{"value":"Disabled"}, 

 "systemConfigurationsMonitoringEffect":{"value":"Disabled"}, 
 
 "containerBenchmarkMonitoringeffect":{"value":"Disabled"}, 

 "vmssOsVulnerabilitiesMonitoringEffect":{"value":"Disabled"}, 

 "sqlManagedInstanceAdvancedDataSecurityMonitoringEffect":{"value":"Disabled"}, 
 
 "sqlServerAdvancedDataSecurityMonitoringEffect":{"value":"Disabled"}, 

 "diagnosticsLogsInDataLakeStoreMonitoringEffect":{"value":"Disabled"}, 
 
 "diagnosticsLogsInDataLakeAnalyticsMonitoringEffect":{"value":"Disabled"}, 
 
 "sqlDbDataClassificationMonitoringEffect":{"value":"Disabled"}, 

 "sqlDbEncryptionMonitoringEffect":{"value":"Disabled"}, 

 "vulnerabilityAssessmentOnServerMonitoringEffect":{"value":"Disabled"}, 
 
 "vulnerabilityAssessmentOnManagedInstanceMonitoringEffect":{"value":"Disabled"}, 

 "sqlDbVulnerabilityAssesmentMonitoringEffect":{"value":"Disabled"},

 "identityRemoveExternalAccountWithReadPermissionsMonitoringEffect":{"value":"Disabled"}, 
 
 "identityDesignateLessThanOwnersMonitoringEffect":{"value":"Disabled"}, 
 
  "endpointProtectionMonitoringEffect":{"value":"Disabled"},

  "installLogAnalyticsAgentOnVmMonitoringEffect":{"value":"AuditIfNotExists"},

  "resolveLogAnalyticsHealthIssuesMonitoringEffect":{"value":"AuditIfNotExists"},

  "installLogAnalyticsAgentOnVmssMonitoringEffect":{"value":"AuditIfNotExists"}


 }
 
  } 
 
 } 

 